home_avg_goals,away_avg_goals,home_win_rate,away_win_rate,goal_diff_strength,win_rate_diff,defense_diff,home_recent_form,away_recent_form,form_diff,actual_result,predicted_result,home_win_probability
1.7616279069767442,1.0508474576271187,0.6569767441860465,0.3898305084745763,0.7107804493496255,0.26714623571147017,0.37091052424122983,0.4,1.0,-0.6,0,1,0.6455612744626456
1.2719298245614035,1.7982456140350878,0.37719298245614036,0.5175438596491229,-0.5263157894736843,-0.1403508771929825,-0.2543859649122808,0.4,0.6,-0.19999999999999996,1,0,0.2986917560232949
0.8588235294117647,1.0235294117647058,0.3411764705882353,0.4588235294117647,-0.16470588235294115,-0.11764705882352938,-0.24705882352941178,0.4,0.6,-0.19999999999999996,0,0,0.3569595848148192
1.2589285714285714,1.7959866220735785,0.4107142857142857,0.7290969899665551,-0.5370580506450071,-0.31838270425226944,-0.8848542761586239,0.2,1.0,-0.8,1,0,0.20138370616864662
1.6581818181818182,1.7163636363636363,0.6,0.6327272727272727,-0.05818181818181811,-0.032727272727272716,0.06545454545454543,0.6,1.0,-0.4,1,0,0.43286728860813906
0.8305084745762712,2.235576923076923,0.3728813559322034,0.7836538461538461,-1.4050684485006517,-0.41077249022164275,-0.5383800521512386,0.6,0.8,-0.20000000000000007,0,0,0.13084152416867478
1.4741379310344827,2.4051724137931036,0.4827586206896552,0.771551724137931,-0.931034482758621,-0.28879310344827586,-0.581896551724138,0.4,1.0,-0.6,0,0,0.18503337999329827
1.1379310344827587,0.9615384615384616,0.43103448275862066,0.4230769230769231,0.1763925729442971,0.00795755968169759,-0.2135278514588861,0.6,0.2,0.39999999999999997,1,0,0.4871531738183262
1.6122448979591837,0.963265306122449,0.636734693877551,0.3551020408163265,0.6489795918367347,0.2816326530612245,0.6448979591836734,0.4,0.2,0.2,1,1,0.7001043695978955
2.099236641221374,1.099236641221374,0.732824427480916,0.5190839694656488,1.0,0.2137404580152672,0.25190839694656475,1.0,0.4,0.6,1,1,0.7533237101858656
0.7551020408163265,1.0612244897959184,0.30612244897959184,0.3877551020408163,-0.30612244897959195,-0.08163265306122447,-0.3265306122448979,0.0,0.4,-0.4,0,0,0.30903037752089196
1.04,1.9803921568627452,0.34,0.6078431372549019,-0.9403921568627451,-0.2678431372549019,0.0556862745098039,0.0,1.0,-1.0,0,0,0.20596048666165562
1.205298013245033,1.423728813559322,0.48344370860927155,0.3559322033898305,-0.21843080031428896,0.12751150521944105,0.5891794814232798,0.4,0.4,0.0,0,0,0.48294083241188596
1.5384615384615385,0.8846153846153846,0.5384615384615384,0.38461538461538464,0.653846153846154,0.1538461538461538,0.07692307692307698,0.6,0.8,-0.20000000000000007,0,1,0.6110379379683564
2.7889447236180906,2.663316582914573,0.8793969849246231,0.7889447236180904,0.12562814070351758,0.09045226130653272,0.24120603015075381,1.0,0.8,0.19999999999999996,1,1,0.5764702705045937
1.0844155844155845,1.544041450777202,0.38961038961038963,0.5492227979274611,-0.4596258663616175,-0.15961240831707146,-0.11617656954444522,0.2,0.4,-0.2,1,0,0.31500492199575525
1.1764705882352942,0.9411764705882353,0.23529411764705882,0.35294117647058826,0.23529411764705888,-0.11764705882352944,0.23529411764705865,0.8,0.2,0.6000000000000001,0,1,0.5570607293236727
1.1608040201005025,1.407725321888412,0.4623115577889447,0.5493562231759657,-0.2469213017879095,-0.08704466538702094,-0.18636098949684055,0.6,0.8,-0.20000000000000007,1,0,0.3593194913613167
1.1222222222222222,1.6296296296296295,0.42962962962962964,0.5962962962962963,-0.5074074074074073,-0.16666666666666669,-0.18148148148148135,0.4,0.6,-0.19999999999999996,1,0,0.30146198257106815
1.837037037037037,1.525925925925926,0.6370370370370371,0.5851851851851851,0.3111111111111111,0.05185185185185193,0.06666666666666665,0.8,0.8,0.0,1,1,0.5504957221521996
0.9323671497584541,1.5265700483091786,0.3671497584541063,0.6570048309178744,-0.5942028985507245,-0.2898550724637681,-0.714975845410628,0.4,0.8,-0.4,0,0,0.21812920221959953
0.9285714285714286,1.6702508960573477,0.14285714285714285,0.6487455197132617,-0.7416794674859191,-0.5058883768561189,-0.8998975934459805,0.2,0.6,-0.39999999999999997,0,0,0.17305620335538077
1.8,1.55,0.6375,0.475,0.25,0.16249999999999998,0.2583333333333333,0.6,0.6,0.0,1,1,0.5672328925150809
1.1044776119402986,1.4,0.43283582089552236,0.5259259259259259,-0.2955223880597013,-0.09309010503040355,0.04947484798231083,0.2,0.6,-0.39999999999999997,1,0,0.3583237202425567
1.2534562211981566,1.4285714285714286,0.4009216589861751,0.48847926267281105,-0.17511520737327202,-0.08755760368663595,-0.17972350230414746,0.2,0.6,-0.39999999999999997,0,0,0.3637073793217238
1.3,1.4625,0.5125,0.4375,-0.16249999999999987,0.07499999999999996,0.25,0.8,0.0,0.8,0,1,0.5045171794249357
1.1694214876033058,2.177685950413223,0.4462809917355372,0.8140495867768595,-1.0082644628099173,-0.36776859504132225,-0.7727272727272727,0.2,0.6,-0.39999999999999997,1,0,0.15870700370520646
0.6875,2.207547169811321,0.1875,0.7358490566037735,-1.520047169811321,-0.5483490566037735,-0.4693396226415094,0.4,1.0,-0.6,0,0,0.10693135293711217
2.066666666666667,1.1428571428571428,0.3333333333333333,0.21428571428571427,0.9238095238095241,0.11904761904761904,0.24285714285714288,0.2,0.4,-0.2,0,1,0.6937960354365004
1.0303030303030303,1.6432432432432433,0.18181818181818182,0.6,-0.6129402129402131,-0.41818181818181815,-0.6440622440622441,0.2,0.6,-0.39999999999999997,0,0,0.21566216876906114
0.9259259259259259,1.1111111111111112,0.3333333333333333,0.4074074074074074,-0.18518518518518523,-0.07407407407407407,-0.22222222222222232,0.2,0.2,0.0,0,0,0.3711197905370091
1.6666666666666667,0.5,0.16666666666666666,0.0,1.1666666666666667,0.16666666666666666,0.0,0.0,0.0,0.0,0,1,0.7171226319255388
1.2266666666666666,0.9733333333333334,0.4266666666666667,0.38666666666666666,0.2533333333333332,0.040000000000000036,-0.3600000000000001,0.4,0.6,-0.19999999999999996,0,0,0.45598298756655287
1.6231884057971016,1.2080924855491328,0.5748792270531401,0.4161849710982659,0.4150959202479687,0.15869425595487419,0.32786015470106955,0.4,0.4,0.0,0,1,0.6019641473266346
1.2177777777777778,0.9819819819819819,0.4488888888888889,0.3153153153153153,0.2357957957957959,0.13357357357357358,0.23099099099099085,0.0,0.4,-0.4,1,1,0.5126945158323236
1.2573529411764706,1.4575471698113207,0.4117647058823529,0.5283018867924528,-0.20019422863485015,-0.1165371809100999,-0.621392896781354,0.2,0.8,-0.6000000000000001,1,0,0.3011607190871388
2.210191082802548,1.375796178343949,0.7643312101910829,0.46496815286624205,0.834394904458599,0.2993630573248408,0.5095541401273884,0.8,0.8,0.0,1,1,0.7294767703721338
1.9439252336448598,1.3714285714285714,0.5887850467289719,0.45714285714285713,0.5724966622162884,0.1316421895861148,-0.08971962616822426,0.6,0.8,-0.20000000000000007,1,1,0.5865722557792183
1.0470588235294118,1.1176470588235294,0.4,0.4235294117647059,-0.07058823529411762,-0.023529411764705854,-0.0117647058823529,0.4,0.4,0.0,0,0,0.42698970286070115
0.8333333333333334,1.5,0.16666666666666666,0.3333333333333333,-0.6666666666666666,-0.16666666666666666,-0.16666666666666674,0.4,0.6,-0.19999999999999996,1,0,0.27153679685173876
2.46,1.38,0.7,0.46,1.08,0.23999999999999994,0.48,0.8,0.6,0.20000000000000007,0,1,0.7773424033642174
1.17,1.7257383966244726,0.465,0.6708860759493671,-0.5557383966244727,-0.2058860759493671,-0.32187763713080164,0.6,0.6,0.0,0,0,0.2884692788162026
1.3144654088050314,1.7186147186147187,0.4528301886792453,0.5411255411255411,-0.40414930980968733,-0.08829535244629583,0.032590051457976,0.4,0.4,0.0,1,0,0.36570149247434086
1.0606060606060606,1.1700680272108843,0.36363636363636365,0.38095238095238093,-0.10946196660482377,-0.017316017316017285,0.3265306122448981,0.2,0.2,0.0,1,0,0.4568642687107284
1.253968253968254,1.288659793814433,0.4444444444444444,0.32989690721649484,-0.03469153984617912,0.11454753722794958,0.653248240877107,0.4,0.6,-0.19999999999999996,1,1,0.5186433110848575
1.305084745762712,1.2857142857142858,0.4491525423728814,0.3333333333333333,0.01937046004842613,0.11581920903954807,0.2768361581920904,0.2,0.2,0.0,1,0,0.498788985106256
2.0,1.7638888888888888,0.6712328767123288,0.5555555555555556,0.23611111111111116,0.1156773211567732,0.23668188736681883,0.6,0.6,0.0,0,1,0.5633589033376221
1.351063829787234,1.0666666666666667,0.4627659574468085,0.43333333333333335,0.2843971631205673,0.029432624113475137,-0.05879432624113479,0.2,0.4,-0.2,1,0,0.49738724125336026
2.2903225806451615,0.8924731182795699,0.7634408602150538,0.3548387096774194,1.3978494623655915,0.4086021505376344,0.9247311827956989,0.8,0.8,0.0,1,1,0.8476120907919983
1.712837837837838,1.1978021978021978,0.6418918918918919,0.36813186813186816,0.5150356400356402,0.27376002376002373,0.5114716364716363,0.8,0.4,0.4,1,1,0.6784104462377809
1.396551724137931,1.1551724137931034,0.5,0.46551724137931033,0.24137931034482762,0.03448275862068967,0.13793103448275867,0.4,0.8,-0.4,0,1,0.5022088403100621
1.4932432432432432,1.1388888888888888,0.5337837837837838,0.4375,0.35435435435435436,0.09628378378378377,-0.11974474474474484,0.6,0.2,0.39999999999999997,0,1,0.5546932447503758
1.3414634146341464,1.2357723577235773,0.4878048780487805,0.4959349593495935,0.10569105691056913,-0.008130081300812997,-0.04878048780487809,0.4,0.4,0.0,0,0,0.46969103958639563
0.9272727272727272,1.1272727272727272,0.4727272727272727,0.5636363636363636,-0.19999999999999996,-0.09090909090909088,-0.16363636363636358,0.6,0.4,0.19999999999999996,0,0,0.38489085953243946
1.3546511627906976,0.9647887323943662,0.627906976744186,0.3732394366197183,0.3898624303963314,0.25466754012446774,0.5574844415329185,0.6,0.4,0.19999999999999996,1,1,0.6340078185083389
1.35,1.625,0.625,0.6625,-0.2749999999999999,-0.03749999999999998,-0.05625000000000002,1.0,1.0,0.0,1,0,0.39010783366212665
1.2269938650306749,0.9570552147239264,0.37423312883435583,0.3312883435582822,0.26993865030674846,0.04294478527607365,-0.09202453987730053,0.4,0.2,0.2,1,1,0.5150105829479602
1.8541666666666667,0.9487179487179487,0.6666666666666666,0.2948717948717949,0.9054487179487181,0.37179487179487175,0.797275641025641,0.8,0.4,0.4,1,1,0.7801062243480167
1.2243589743589745,1.3164556962025316,0.5192307692307693,0.4936708860759494,-0.0920967218435571,0.025559883154819885,0.07448880233690347,0.6,0.6,0.0,1,0,0.4426627204363049
1.2985074626865671,1.5572139303482586,0.5124378109452736,0.572139303482587,-0.2587064676616915,-0.05970149253731338,-0.11442786069651745,0.8,0.6,0.20000000000000007,0,0,0.39483879476074385
1.849056603773585,1.4150943396226414,0.6415094339622641,0.4339622641509434,0.4339622641509435,0.2075471698113207,0.37735849056603765,0.4,0.4,0.0,0,1,0.6220389714103055
1.1372549019607843,1.1889400921658986,0.42745098039215684,0.4009216589861751,-0.051685190205114306,0.026529321405981743,0.13152615885063712,0.0,0.8,-0.8,1,0,0.404590626825838
2.1755102040816325,1.6285714285714286,0.8122448979591836,0.6857142857142857,0.546938775510204,0.12653061224489792,0.2081632653061224,0.6,1.0,-0.4,0,1,0.6054653094790818
1.4146341463414633,1.1151515151515152,0.573170731707317,0.40606060606060607,0.2994826311899481,0.16711012564671096,0.1012564671101257,0.4,0.4,0.0,0,1,0.5464738825121417
1.3246753246753247,1.2012987012987013,0.5,0.42207792207792205,0.12337662337662336,0.07792207792207795,0.2272727272727273,0.6,0.4,0.19999999999999996,1,1,0.5266380774365219
1.1494252873563218,1.1041666666666667,0.5,0.4444444444444444,0.04525862068965503,0.05555555555555558,0.06178160919540243,0.6,0.6,0.0,1,0,0.47100488601675056
1.643835616438356,0.9302325581395349,0.6438356164383562,0.37209302325581395,0.7136030582988212,0.27174259318254224,0.44217903791016244,0.6,0.4,0.19999999999999996,1,1,0.6937481962059943
1.3097345132743363,1.12,0.4424778761061947,0.41333333333333333,0.18973451327433621,0.02914454277286138,-0.10489675516224195,0.2,1.0,-0.8,0,0,0.4359490099407627
0.9823008849557522,0.868421052631579,0.40707964601769914,0.3815789473684211,0.1138798323241732,0.025500698649278064,0.1251746623195158,0.4,0.6,-0.19999999999999996,1,0,0.47209240376609946
1.3796610169491526,1.1714285714285715,0.535593220338983,0.42857142857142855,0.20823244552058107,0.1070217917675545,0.15714285714285725,0.8,0.2,0.6000000000000001,1,1,0.5659881199602905
1.588235294117647,1.4823529411764707,0.5058823529411764,0.4235294117647059,0.10588235294117632,0.08235294117647057,0.2588235294117647,0.4,0.4,0.0,0,1,0.5223124606188304
1.0285714285714285,1.3240740740740742,0.2857142857142857,0.4537037037037037,-0.2955026455026457,-0.16798941798941802,-0.37169312169312163,0.4,0.4,0.0,0,0,0.3314695531927796
1.118811881188119,1.1287128712871286,0.3465346534653465,0.38613861386138615,-0.009900990099009688,-0.03960396039603964,-0.16831683168316847,0.2,0.6,-0.39999999999999997,0,0,0.39929654951581617
1.3585657370517927,0.7692307692307693,0.42231075697211157,0.38461538461538464,0.5893349678210235,0.03769537235672693,-0.9319644498927367,0.4,0.6,-0.19999999999999996,1,0,0.4663872340317413
1.3505154639175259,1.1526717557251909,0.4948453608247423,0.3816793893129771,0.197843708192335,0.11316597151176516,0.2960572912567876,0.4,0.2,0.2,1,1,0.5527787780970584
0.8829787234042553,1.0294117647058822,0.35106382978723405,0.4117647058823529,-0.14643304130162693,-0.06070087609511887,-0.5287859824780976,0.6,0.4,0.19999999999999996,1,0,0.3603984878807964
0.9590909090909091,1.33,0.36363636363636365,0.51,-0.37090909090909097,-0.14636363636363636,-0.3672727272727272,0.4,0.6,-0.19999999999999996,1,0,0.30614391869820057
1.8263888888888888,1.1527777777777777,0.6458333333333334,0.4027777777777778,0.6736111111111112,0.24305555555555558,0.3472222222222221,0.8,0.6,0.20000000000000007,0,1,0.6817558450290413
1.0679611650485437,0.9029126213592233,0.46601941747572817,0.34951456310679613,0.16504854368932032,0.11650485436893204,0.3203883495145632,0.6,0.2,0.39999999999999997,1,1,0.5534338814366885
1.0625,1.2692307692307692,0.125,0.5230769230769231,-0.20673076923076916,-0.3980769230769231,-0.7048076923076922,0.2,0.4,-0.2,0,0,0.2871518517863271
1.9333333333333333,1.2444444444444445,0.5777777777777777,0.4666666666666667,0.6888888888888889,0.11111111111111105,0.022222222222222143,0.4,0.6,-0.19999999999999996,0,1,0.6184388915348324
1.2804878048780488,2.2845528455284554,0.4634146341463415,0.7967479674796748,-1.0040650406504066,-0.3333333333333333,-0.638211382113821,0.4,1.0,-0.6,0,0,0.1660326242855862
0.6666666666666666,0.6666666666666666,0.1111111111111111,0.2222222222222222,0.0,-0.1111111111111111,-0.6666666666666667,0.0,0.0,0.0,1,0,0.35123341540203623
1.5973597359735974,1.3876651982378854,0.5742574257425742,0.47577092511013214,0.209694537735712,0.09848650063244208,0.19957546415434502,0.6,0.4,0.19999999999999996,0,1,0.5516954595951022
1.225,1.1493506493506493,0.44166666666666665,0.4025974025974026,0.07564935064935074,0.03906926406926403,-0.010173160173160056,0.6,0.4,0.19999999999999996,0,0,0.48320166428964767
1.0816326530612246,1.6326530612244898,0.42857142857142855,0.4897959183673469,-0.5510204081632653,-0.06122448979591838,-0.26530612244897966,0.8,0.6,0.20000000000000007,1,0,0.3169287938275023
1.0449438202247192,1.0112359550561798,0.5056179775280899,0.449438202247191,0.03370786516853941,0.0561797752808989,0.0,0.2,0.2,0.0,1,0,0.4539519108705937
0.9519230769230769,0.8571428571428571,0.36538461538461536,0.35714285714285715,0.09478021978021978,0.008241758241758212,-0.004120879120879106,0.6,0.2,0.39999999999999997,1,0,0.48866484740675664
1.386046511627907,1.2320441988950277,0.4604651162790698,0.4143646408839779,0.15400231273287934,0.04610047539509188,0.1594757805473468,0.4,0.2,0.2,0,1,0.5231619804386609
1.4705882352941178,2.088757396449704,0.23529411764705882,0.7692307692307693,-0.6181691611555862,-0.5339366515837105,-0.7420814479638008,0.4,0.4,0.0,1,0,0.22644653480494184
1.206896551724138,1.3448275862068966,0.41379310344827586,0.5172413793103449,-0.13793103448275867,-0.103448275862069,-0.13793103448275867,0.4,0.6,-0.19999999999999996,0,0,0.3851614209452665
1.1194029850746268,2.626865671641791,0.373134328358209,0.7164179104477612,-1.5074626865671643,-0.3432835820895522,-0.5223880597014926,0.2,1.0,-0.8,0,0,0.11279808055868276
0.9130434782608695,1.934782608695652,0.30434782608695654,0.5434782608695652,-1.0217391304347827,-0.23913043478260865,-0.34782608695652173,0.0,0.6,-0.6,0,0,0.18073144063106478
0.2727272727272727,1.1818181818181819,0.0,0.18181818181818182,-0.9090909090909092,-0.18181818181818182,0.5454545454545454,0.0,0.2,-0.2,1,0,0.27817004526463857
1.7586206896551724,0.9310344827586207,0.5517241379310345,0.3103448275862069,0.8275862068965517,0.24137931034482757,0.6206896551724139,0.6,0.4,0.19999999999999996,1,1,0.7325191386944444
1.0135135135135136,0.8783783783783784,0.4594594594594595,0.3108108108108108,0.1351351351351352,0.14864864864864868,0.10810810810810811,0.4,0.2,0.2,0,1,0.5108091569379413
1.7228915662650603,1.6566265060240963,0.5662650602409639,0.5843373493975904,0.06626506024096401,-0.01807228915662651,-0.12048192771084332,0.8,0.6,0.20000000000000007,0,0,0.479492164275692
1.0820895522388059,1.2476190476190476,0.3208955223880597,0.4380952380952381,-0.16552949538024175,-0.11719971570717841,-0.23418621179815213,0.4,0.0,0.4,1,0,0.39922052027639926
1.092511013215859,1.1233480176211454,0.47577092511013214,0.42731277533039647,-0.03083700440528636,0.04845814977973567,0.29074889867841414,0.0,0.0,0.0,1,0,0.4728860910571579
2.0757575757575757,1.1,0.7727272727272727,0.2,0.9757575757575756,0.5727272727272728,1.096969696969697,0.6,0.4,0.19999999999999996,1,1,0.8193690515170926
1.0338983050847457,2.189655172413793,0.288135593220339,0.7413793103448276,-1.1557568673290475,-0.45324371712448863,-1.0873758036236119,0.4,0.8,-0.4,0,0,0.12244577180512738
1.3888888888888888,0.7222222222222222,0.5,0.2222222222222222,0.6666666666666666,0.2777777777777778,0.7222222222222223,0.6,0.2,0.39999999999999997,1,1,0.7174816298392099
1.219298245614035,1.1140350877192982,0.40350877192982454,0.38596491228070173,0.10526315789473695,0.017543859649122806,0.0,0.4,0.4,0.0,0,0,0.475302730029915
1.2644230769230769,1.5769230769230769,0.44711538461538464,0.5769230769230769,-0.3125,-0.12980769230769224,-0.22596153846153855,1.0,0.2,0.8,0,0,0.40080320194313473
1.0238095238095237,1.1163793103448276,0.19047619047619047,0.38362068965517243,-0.0925697865353039,-0.19314449917898197,-0.6165845648604267,0.4,0.2,0.2,0,0,0.3550741497446455
1.1694915254237288,1.0677966101694916,0.3559322033898305,0.3050847457627119,0.10169491525423724,0.05084745762711862,0.30508474576271194,0.4,0.2,0.2,1,1,0.523822727765768
1.0924657534246576,1.0384615384615385,0.4383561643835616,0.3076923076923077,0.054004214963119024,0.1306638566912539,0.25526870389884104,0.0,0.0,0.0,0,0,0.496026393409175
0.8235294117647058,1.2427184466019416,0.3235294117647059,0.4077669902912621,-0.4191890348372358,-0.08423757852655622,-0.003902531886540883,0.0,0.8,-0.8,0,0,0.3013996227955444
1.1914893617021276,1.6941176470588235,0.40425531914893614,0.6352941176470588,-0.5026282853566959,-0.23103879849812264,-0.39699624530663324,0.0,0.8,-0.8,0,0,0.2485092648851493
2.779264214046823,1.3869731800766283,0.7959866220735786,0.5555555555555556,1.3922910339701946,0.24043106651802304,0.21121490536782894,1.0,0.4,0.6,1,1,0.822228143913929
1.0434782608695652,1.3333333333333333,0.34782608695652173,0.40350877192982454,-0.28985507246376807,-0.05568268497330281,0.05644546147978646,0.6,0.6,0.0,1,0,0.389240668527103
1.631578947368421,1.263157894736842,0.5263157894736842,0.42105263157894735,0.368421052631579,0.10526315789473684,-0.10526315789473684,0.8,0.6,0.20000000000000007,1,1,0.5554080931467438
1.1967213114754098,1.9508196721311475,0.36065573770491804,0.6721311475409836,-0.7540983606557377,-0.31147540983606553,-1.0,0.4,1.0,-0.6,0,0,0.1734923678212357
1.110344827586207,1.1225490196078431,0.3793103448275862,0.45588235294117646,-0.012204192021636251,-0.07657200811359027,-0.13654496281271133,0.6,0.4,0.19999999999999996,0,0,0.4359465663398691
1.4541984732824427,0.7976190476190477,0.4847328244274809,0.2261904761904762,0.656579425663395,0.2585423482370047,0.5010905125408942,0.4,0.2,0.2,0,1,0.6835029818316158
0.98,1.28,0.42,0.56,-0.30000000000000004,-0.14000000000000007,-0.12,0.6,0.4,0.19999999999999996,1,0,0.367707325574758
1.055944055944056,1.0746268656716418,0.44405594405594406,0.373134328358209,-0.018682809727585736,0.07092161569773509,0.34364888842500796,0.6,0.6,0.0,1,0,0.4890838099343286
1.0903954802259888,1.4770642201834863,0.2994350282485876,0.44036697247706424,-0.3866687399574975,-0.14093194422847666,-0.6267039859016226,0.6,0.8,-0.20000000000000007,0,0,0.28573737908596053
1.1699346405228759,1.1437908496732025,0.35947712418300654,0.5294117647058824,0.026143790849673332,-0.16993464052287582,-0.39869281045751626,0.4,0.6,-0.19999999999999996,0,0,0.3833633386355091
1.710144927536232,1.3333333333333333,0.5217391304347826,0.463768115942029,0.37681159420289867,0.0579710144927536,0.21739130434782616,0.6,0.4,0.19999999999999996,1,1,0.5893241516074054
1.36,2.0704845814977975,0.4666666666666667,0.7709251101321586,-0.7104845814977974,-0.3042584434654919,-0.4881057268722466,0.6,0.6,0.0,0,0,0.24526865345432194
1.1506276150627615,0.8571428571428571,0.4225941422594142,0.30612244897959184,0.29348475791990436,0.11647169327982237,0.1729143540261293,0.8,0.4,0.4,0,1,0.5693845690315922
1.3918918918918919,1.1973684210526316,0.44594594594594594,0.39473684210526316,0.19452347083926025,0.05120910384068278,-0.24893314366998576,0.8,0.4,0.4,1,1,0.5019132330037817
0.782608695652174,1.0327868852459017,0.17391304347826086,0.3442622950819672,-0.25017818959372773,-0.17034925160370634,0.06200997861724877,0.4,0.0,0.4,1,0,0.402167204839326
1.3333333333333333,1.1111111111111112,0.3333333333333333,0.3333333333333333,0.2222222222222221,0.0,-0.3333333333333335,0.4,0.4,0.0,0,0,0.46577557695391475
1.2065217391304348,1.108695652173913,0.3804347826086957,0.391304347826087,0.09782608695652173,-0.010869565217391297,-0.032608695652173836,0.6,0.6,0.0,1,0,0.4691223507675066
1.4827586206896552,2.310344827586207,0.3793103448275862,0.6896551724137931,-0.8275862068965516,-0.31034482758620696,-0.27586206896551735,0.4,0.8,-0.4,1,0,0.23029503820444538
1.191304347826087,0.934640522875817,0.4608695652173913,0.3464052287581699,0.25666382495026996,0.11446433645922138,-0.14265416311452128,0.6,0.4,0.19999999999999996,1,1,0.5126193061940681
0.375,1.4782608695652173,0.125,0.5434782608695652,-1.1032608695652173,-0.4184782608695652,-0.7934782608695652,0.0,0.6,-0.6,0,0,0.12812700324032494
1.0225988700564972,1.5731225296442688,0.4180790960451977,0.5335968379446641,-0.5505236595877716,-0.11551774189946634,-0.10582613161832022,0.6,0.2,0.39999999999999997,0,0,0.33515910759817635
1.1228070175438596,1.456140350877193,0.3684210526315789,0.5263157894736842,-0.3333333333333335,-0.15789473684210525,-0.36842105263157887,0.6,0.4,0.19999999999999996,0,0,0.33920962454223286
1.186046511627907,1.691358024691358,0.3953488372093023,0.6296296296296297,-0.5053115130634509,-0.23428079242032734,-0.3626184323858742,0.4,0.8,-0.4,0,0,0.27202841632817787
1.7743362831858407,1.2135416666666667,0.584070796460177,0.421875,0.560794616519174,0.162195796460177,0.3295538348082596,0.4,0.4,0.0,1,1,0.6364315406406666
1.2246376811594204,1.318840579710145,0.4927536231884058,0.45652173913043476,-0.09420289855072461,0.036231884057971064,0.181159420289855,0.4,0.4,0.0,1,0,0.4539699280421154
0.9672131147540983,0.8666666666666667,0.35655737704918034,0.2,0.10054644808743163,0.15655737704918032,0.10218579234972691,0.2,0.4,-0.2,0,0,0.4786190573134639
1.3098591549295775,1.5675675675675675,0.39436619718309857,0.6108108108108108,-0.25770841263799005,-0.21644461362771222,-0.4593833269889609,0.4,1.0,-0.6,0,0,0.30135878879845585
0.9629629629629629,1.3278688524590163,0.37037037037037035,0.5081967213114754,-0.3649058894960534,-0.13782635094110507,-0.22131147540983598,0.6,0.4,0.19999999999999996,0,0,0.3450837191169025
1.9130434782608696,1.7608695652173914,0.6811594202898551,0.5652173913043478,0.15217391304347827,0.11594202898550732,0.33333333333333337,1.0,0.8,0.19999999999999996,1,1,0.5689922368271771
1.3088235294117647,1.4264705882352942,0.4264705882352941,0.5,-0.11764705882352944,-0.0735294117647059,-0.3382352941176472,0.2,0.2,0.0,0,0,0.38290766716503044
1.0869565217391304,1.125,0.32608695652173914,0.25,-0.03804347826086962,0.07608695652173914,-0.24456521739130443,0.4,0.0,0.4,1,0,0.4437868599590485
1.0952380952380953,1.5333333333333334,0.45714285714285713,0.6296296296296297,-0.4380952380952381,-0.17248677248677252,-0.49523809523809526,0.4,0.6,-0.19999999999999996,1,0,0.28225415763838424
1.0434782608695652,0.8113207547169812,0.391304347826087,0.32075471698113206,0.23215750615258401,0.07054963084495491,0.05414273995077923,0.8,0.2,0.6000000000000001,0,1,0.5471300514820466
1.2432432432432432,1.21875,0.38738738738738737,0.45089285714285715,0.0244932432432432,-0.06350546975546978,0.03680019305019311,0.6,0.0,0.6,1,0,0.4925832454201647
1.6754385964912282,1.3070175438596492,0.6491228070175439,0.43859649122807015,0.368421052631579,0.21052631578947373,0.04385964912280693,0.6,0.0,0.6,0,1,0.6025221778405263
1.551440329218107,0.8691588785046729,0.4732510288065844,0.29906542056074764,0.682281450713434,0.17418560824583673,0.4217145494404062,0.6,0.0,0.6,1,1,0.6979917153432909
1.3725490196078431,1.1,0.4803921568627451,0.1,0.27254901960784306,0.3803921568627451,0.3568627450980393,0.6,0.2,0.39999999999999997,1,1,0.6158423314846613
1.7222222222222223,1.5,0.2777777777777778,0.4444444444444444,0.22222222222222232,-0.16666666666666663,0.22222222222222232,0.4,0.8,-0.4,1,1,0.5032703799173512
1.2595419847328244,0.855072463768116,0.4580152671755725,0.3188405797101449,0.40446952096470845,0.1391746874654276,0.1782276800531033,0.2,0.4,-0.2,0,1,0.5578183103890932
0.46153846153846156,1.2913385826771653,0.23076923076923078,0.44881889763779526,-0.8298001211387037,-0.21804966686856447,0.4784978800726831,0.6,0.2,0.39999999999999997,0,0,0.318717303172295
1.0714285714285714,1.0,0.4107142857142857,0.48214285714285715,0.0714285714285714,-0.07142857142857145,-0.03571428571428581,0.4,0.6,-0.19999999999999996,1,0,0.4381119692508542
1.4545454545454546,0.2857142857142857,0.40559440559440557,0.0,1.168831168831169,0.40559440559440557,0.1588411588411589,0.4,0.0,0.4,0,1,0.7618188103230948
1.064516129032258,0.8064516129032258,0.3870967741935484,0.2903225806451613,0.25806451612903225,0.09677419354838707,-0.29032258064516125,0.4,0.4,0.0,0,0,0.4776288943173135
1.3353293413173652,1.1497005988023952,0.5029940119760479,0.39520958083832336,0.18562874251497008,0.10778443113772451,0.21556886227544902,0.4,0.2,0.2,1,1,0.5398528734005998
1.0386740331491713,1.1764705882352942,0.3370165745856354,0.4264705882352941,-0.13779655508612287,-0.08945401364965871,-0.026974325641859087,0.4,0.4,0.0,1,0,0.40589139954655373
1.84375,1.34375,0.5625,0.46875,0.5,0.09375,0.125,0.8,0.6,0.20000000000000007,0,1,0.6133232814706449
1.018018018018018,1.0547945205479452,0.43243243243243246,0.410958904109589,-0.036776502529927146,0.021473528322843438,0.10033320992225092,0.4,0.2,0.2,0,0,0.46122152115623616
1.2028985507246377,1.5217391304347827,0.3333333333333333,0.4927536231884058,-0.318840579710145,-0.1594202898550725,-0.34782608695652195,0.2,0.4,-0.2,0,0,0.32263558304082574
1.0,1.1521739130434783,0.25,0.34782608695652173,-0.15217391304347827,-0.09782608695652173,0.7445652173913044,0.0,0.4,-0.4,1,0,0.4619867193823626
1.2131147540983607,1.1680672268907564,0.2459016393442623,0.3949579831932773,0.0450475272076043,-0.149056343849015,-0.35872709739633546,0.2,0.4,-0.2,1,0,0.39540876810410713
1.8987854251012146,2.3643724696356276,0.6761133603238867,0.728744939271255,-0.465587044534413,-0.05263157894736836,0.004048582995951344,0.6,0.6,0.0,0,0,0.3703564181131604
1.3577981651376148,1.5593869731800767,0.4954128440366973,0.5938697318007663,-0.20158880804246193,-0.09845688776406902,0.02189883651446456,0.6,0.6,0.0,0,0,0.40673915282334183
1.2954545454545454,1.2121212121212122,0.5,0.4166666666666667,0.08333333333333326,0.08333333333333331,0.2803030303030303,0.2,0.4,-0.2,0,0,0.4962200756299397
1.1685393258426966,1.1952054794520548,0.42696629213483145,0.4828767123287671,-0.0266661536093582,-0.05591042019393566,-0.2653147606587656,0.4,0.6,-0.19999999999999996,1,0,0.39689276850540567
3.0434782608695654,0.8695652173913043,0.7391304347826086,0.2608695652173913,2.173913043478261,0.47826086956521735,0.8260869565217391,1.0,0.4,0.6,0,1,0.931829466294661
1.9220338983050846,1.1906614785992218,0.6813559322033899,0.43190661478599224,0.7313724197058629,0.24944931741739762,0.49819956472993476,0.6,0.8,-0.20000000000000007,0,1,0.6879536169141663
1.632183908045977,2.2011494252873565,0.6551724137931034,0.7816091954022989,-0.5689655172413794,-0.12643678160919547,-0.18390804597701138,0.6,1.0,-0.4,0,0,0.2964182023287774
1.3103448275862069,1.9310344827586208,0.3793103448275862,0.6551724137931034,-0.6206896551724139,-0.27586206896551724,-0.3793103448275863,0.6,0.8,-0.20000000000000007,0,0,0.2624718041882238
1.054054054054054,1.6846846846846846,0.44144144144144143,0.5585585585585585,-0.6306306306306306,-0.11711711711711709,-0.07207207207207222,0.4,0.6,-0.19999999999999996,0,0,0.2920968591396098
2.775147928994083,1.1005917159763314,0.8698224852071006,0.4319526627218935,1.6745562130177516,0.4378698224852071,0.6153846153846153,1.0,0.6,0.4,1,1,0.8789583903987875
1.1954022988505748,1.971264367816092,0.42528735632183906,0.6436781609195402,-0.7758620689655171,-0.21839080459770116,-0.2528735632183907,0.8,0.8,0.0,0,0,0.2595105428478485
1.2432432432432432,1.054054054054054,0.5540540540540541,0.3783783783783784,0.18918918918918926,0.17567567567567566,0.31081081081081074,0.4,0.4,0.0,0,1,0.5423197681260442
1.2751677852348993,1.3315508021390374,0.4228187919463087,0.5026737967914439,-0.05638301690413816,-0.07985500484513514,-0.09137565947672521,0.4,0.8,-0.4,1,0,0.3998841696931722
1.3888888888888888,0.8111111111111111,0.2777777777777778,0.24444444444444444,0.5777777777777777,0.033333333333333354,0.011111111111111072,0.6,0.4,0.19999999999999996,0,1,0.5994759748626166
1.2391304347826086,1.0,0.5434782608695652,0.42857142857142855,0.23913043478260865,0.11490683229813664,0.23240165631469978,0.4,0.6,-0.19999999999999996,1,1,0.5261037375922857
1.0,1.457142857142857,0.5142857142857142,0.4,-0.4571428571428571,0.11428571428571421,0.37142857142857144,0.6,0.4,0.19999999999999996,1,0,0.41288328490686205
0.6896551724137931,1.168724279835391,0.20689655172413793,0.448559670781893,-0.4790691074215978,-0.2416631190577551,0.02809706257982114,0.0,0.4,-0.4,0,0,0.29822232441689805
0.9950738916256158,1.309090909090909,0.3448275862068966,0.4484848484848485,-0.3140170174652933,-0.10365726227795191,-0.016450216450216493,0.6,0.6,0.0,0,0,0.3704053101076155
1.074766355140187,1.0,0.38317757009345793,0.35294117647058826,0.07476635514018692,0.030236393622869673,0.2611324903793293,0.4,0.6,-0.19999999999999996,0,0,0.4835171988328952
1.6666666666666667,0.9924242424242424,0.6818181818181818,0.4015151515151515,0.6742424242424243,0.2803030303030303,0.26515151515151514,1.0,0.4,0.6,0,1,0.6936052597879511
1.7850467289719627,1.3444444444444446,0.5934579439252337,0.5055555555555555,0.44060228452751815,0.08790238836967812,0.09678089304257531,0.6,0.4,0.19999999999999996,0,1,0.5931202023679845
0.979381443298969,1.0618556701030928,0.4020618556701031,0.422680412371134,-0.08247422680412375,-0.02061855670103091,0.061855670103092786,0.4,0.2,0.2,1,0,0.4422928854235276
1.0808080808080809,1.1472868217054264,0.5050505050505051,0.4883720930232558,-0.06647874089734551,0.01667841202724929,-0.01808785529715773,1.0,0.2,0.8,1,0,0.4827842726567023
1.4274809160305344,1.984732824427481,0.45038167938931295,0.6106870229007634,-0.5572519083969465,-0.16030534351145043,-0.1832061068702291,0.0,0.6,-0.6,1,0,0.2788724362536411
0.6666666666666666,1.4444444444444444,0.1111111111111111,0.3333333333333333,-0.7777777777777778,-0.2222222222222222,-1.222222222222222,0.0,0.0,0.0,0,0,0.17175922822882878
1.7890295358649788,1.1746031746031746,0.7046413502109705,0.40476190476190477,0.6144263612618042,0.29987944544906575,0.5186859553948161,0.8,0.2,0.6000000000000001,1,1,0.7104075006944299
0.8615384615384616,2.2511627906976743,0.35384615384615387,0.786046511627907,-1.3896243291592127,-0.4322003577817531,-0.6525939177101968,0.4,1.0,-0.6,1,0,0.11530377694549204
2.3537414965986394,1.8095238095238095,0.7346938775510204,0.5170068027210885,0.5442176870748299,0.217687074829932,0.6870748299319727,1.0,0.8,0.19999999999999996,1,1,0.7049321093341865
1.360323886639676,1.295774647887324,0.4251012145748988,0.41784037558685444,0.06454923875235208,0.00726083898804436,-0.08133280112523988,0.6,0.2,0.39999999999999997,0,0,0.48633867977601386
2.263157894736842,1.2017543859649122,0.7857142857142857,0.4649122807017544,1.0614035087719298,0.3208020050125313,0.7957393483709274,1.0,0.6,0.4,1,1,0.8072190955160609
1.8522727272727273,2.1306818181818183,0.5795454545454546,0.7329545454545454,-0.27840909090909105,-0.15340909090909083,-0.17045454545454541,0.4,0.6,-0.19999999999999996,0,0,0.36676220138845195
1.088235294117647,1.1470588235294117,0.47058823529411764,0.4117647058823529,-0.05882352941176472,0.05882352941176472,0.2058823529411764,0.6,0.4,0.19999999999999996,0,0,0.47597311385752844
2.426900584795322,1.286549707602339,0.7309941520467836,0.39766081871345027,1.1403508771929827,0.33333333333333337,0.47953216374269014,0.8,0.0,0.8,1,1,0.8136360042508215
0.38461538461538464,0.973568281938326,0.07692307692307693,0.3656387665198238,-0.5889528973229414,-0.28871568959674687,0.22771941714673005,0.0,0.2,-0.2,0,0,0.29701014250209457
0.75,1.6388888888888888,0.0,0.5138888888888888,-0.8888888888888888,-0.5138888888888888,0.5416666666666667,0.0,0.2,-0.2,0,0,0.2674819591411185
1.7758620689655173,1.3209876543209877,0.5344827586206896,0.49382716049382713,0.4548744146445296,0.04065559812686248,-0.19997871434653036,0.4,0.6,-0.19999999999999996,0,1,0.5338387774808366
2.0,1.3636363636363635,0.45454545454545453,0.2727272727272727,0.6363636363636365,0.18181818181818182,0.18181818181818177,0.8,0.4,0.4,0,1,0.6720131882372661
1.3880597014925373,1.0,0.47761194029850745,0.3173076923076923,0.3880597014925373,0.16030424799081516,0.4181974741676233,0.6,0.4,0.19999999999999996,1,1,0.6137445705865661
1.7322175732217573,1.6945606694560669,0.6359832635983264,0.606694560669456,0.03765690376569042,0.029288702928870314,-0.09205020920502083,0.8,0.6,0.20000000000000007,1,0,0.48036112442959883
1.041237113402062,1.3118279569892473,0.3711340206185567,0.5806451612903226,-0.2705908435871853,-0.2095111406717659,0.022281343531759257,0.6,0.8,-0.20000000000000007,0,0,0.36302684648789796
0.8677685950413223,2.15702479338843,0.34710743801652894,0.7355371900826446,-1.2892561983471076,-0.3884297520661157,-0.6942148760330578,0.2,0.8,-0.6000000000000001,0,0,0.12346952206828414
1.2695652173913043,1.0125,0.4652173913043478,0.35,0.2570652173913044,0.11521739130434783,0.05923913043478257,0.2,0.4,-0.2,1,1,0.5109471837882337
1.0,0.875,0.41025641025641024,0.4,0.125,0.01025641025641022,-0.16891025641025648,0.6,0.6,0.0,1,0,0.45373084835270533
1.05,1.725,0.325,0.55,-0.675,-0.22500000000000003,-0.44999999999999996,0.4,0.8,-0.4,0,0,0.23548881684973147
1.277056277056277,1.748917748917749,0.4329004329004329,0.5584415584415584,-0.471861471861472,-0.1255411255411255,-0.11688311688311703,0.0,0.8,-0.8,0,0,0.2890981107563625
0.8953488372093024,1.1608391608391608,0.3488372093023256,0.4195804195804196,-0.26549032362985847,-0.070743210278094,-0.11404293381037567,0.2,0.8,-0.6000000000000001,1,0,0.33359300450478724
1.8488372093023255,1.372093023255814,0.5813953488372093,0.48255813953488375,0.4767441860465116,0.09883720930232559,0.08720930232558133,0.4,0.6,-0.19999999999999996,1,1,0.5781923191183205
1.0,0.952054794520548,0.32558139534883723,0.3767123287671233,0.047945205479452024,-0.05113093341828606,0.057343102899012344,0.6,0.4,0.19999999999999996,0,0,0.4704234476992317
0.8225806451612904,1.2708333333333333,0.3064516129032258,0.4270833333333333,-0.4482526881720429,-0.1206317204301075,-0.07795698924731198,0.6,0.2,0.39999999999999997,0,0,0.35298038076076194
1.1515151515151516,0.9797979797979798,0.45454545454545453,0.37373737373737376,0.17171717171717182,0.08080808080808077,-0.06060606060606055,0.6,0.6,0.0,0,0,0.4874637317650561
2.082089552238806,1.1492537313432836,0.6865671641791045,0.3880597014925373,0.9328358208955225,0.29850746268656714,0.5597014925373134,0.6,0.6,0.0,1,1,0.7462894030945407
1.1496598639455782,2.122448979591837,0.5306122448979592,0.7619047619047619,-0.9727891156462587,-0.23129251700680264,-0.34013605442176875,0.8,0.6,0.20000000000000007,0,0,0.22635743098772293
1.0147058823529411,1.6911764705882353,0.39705882352941174,0.5367647058823529,-0.6764705882352942,-0.13970588235294118,-0.125,0.2,0.8,-0.6000000000000001,0,0,0.2570124493179011
0.910828025477707,0.8805970149253731,0.34394904458598724,0.34328358208955223,0.030231010552333903,0.0006654624964350098,-0.09725259055043267,0.4,0.6,-0.19999999999999996,0,0,0.4257621579200045
1.3271028037383177,0.8709677419354839,0.45794392523364486,0.25806451612903225,0.4561350618028338,0.1998794091046126,-0.08772987639433216,0.6,0.4,0.19999999999999996,0,1,0.5742332819171035
1.5625,0.96875,0.4375,0.3125,0.59375,0.125,0.09375,0.4,0.4,0.0,0,1,0.6101107465953534
0.9775280898876404,1.3650793650793651,0.33707865168539325,0.5238095238095238,-0.3875512751917247,-0.1867308721241306,-0.08837167825931869,0.2,0.4,-0.2,0,0,0.32639768265525587
0.8,1.288888888888889,0.3333333333333333,0.5333333333333333,-0.48888888888888893,-0.2,-0.19999999999999996,0.6,0.8,-0.20000000000000007,1,0,0.294063264259797
1.089430894308943,1.2340425531914894,0.3821138211382114,0.5106382978723404,-0.14461165888254635,-0.12852447673412898,-0.05552672548002069,0.4,1.0,-0.6,1,0,0.36491054193655403
1.4782608695652173,1.2826086956521738,0.391304347826087,0.3695652173913043,0.19565217391304346,0.02173913043478265,-0.10869565217391308,0.6,0.4,0.19999999999999996,1,1,0.505561110065293
0.9302325581395349,1.0,0.37209302325581395,0.32558139534883723,-0.06976744186046513,0.046511627906976716,-0.16279069767441867,0.2,0.2,0.0,0,0,0.4120305473575729
1.0714285714285714,1.2253521126760563,0.35714285714285715,0.4507042253521127,-0.15392354124748486,-0.09356136820925554,-0.4959758551307847,0.6,0.4,0.19999999999999996,0,0,0.36525250166375967
1.064516129032258,1.126984126984127,0.43010752688172044,0.47619047619047616,-0.06246799795186897,-0.04608294930875573,-0.354326676907322,0.8,0.8,0.0,0,0,0.3923786303071735
1.7677165354330708,1.3346456692913387,0.5275590551181102,0.3937007874015748,0.4330708661417322,0.13385826771653536,0.09055118110236227,0.6,0.4,0.19999999999999996,0,1,0.5961957557698553
1.5824175824175823,1.3296703296703296,0.6483516483516484,0.6098901098901099,0.25274725274725274,0.038461538461538436,0.09340659340659341,0.8,0.0,0.8,0,1,0.5773870632899359
1.3288590604026846,1.657718120805369,0.40939597315436244,0.5167785234899329,-0.3288590604026844,-0.10738255033557048,-0.05369127516778538,0.6,0.6,0.0,1,0,0.37275059452873777
1.4251012145748987,1.5668016194331984,0.4898785425101215,0.5748987854251012,-0.1417004048582997,-0.08502024291497973,-0.19838056680161942,0.8,0.8,0.0,1,0,0.40035758760950585
1.2391304347826086,1.5568181818181819,0.4057971014492754,0.5795454545454546,-0.31768774703557323,-0.1737483530961792,-0.47546113306982885,0.0,0.8,-0.8,0,0,0.27779789988398174
2.776666666666667,1.0483870967741935,0.86,0.3924731182795699,1.7282795698924733,0.4675268817204301,0.8180645161290322,0.4,0.8,-0.4,1,1,0.8723165275174161
1.4564102564102563,1.12,0.4717948717948718,0.4,0.33641025641025624,0.07179487179487176,-0.13230769230769224,0.2,0.6,-0.39999999999999997,0,0,0.4960630790942537
0.9333333333333333,1.0,0.24444444444444444,0.0,-0.06666666666666665,0.24444444444444444,-0.4698412698412697,0.6,0.0,0.6,1,0,0.4394192291287567
1.982608695652174,2.4478260869565216,0.6652173913043479,0.7913043478260869,-0.4652173913043476,-0.12608695652173907,-0.21739130434782605,0.8,0.8,0.0,0,0,0.3450002351545282
1.2702702702702702,1.1920529801324504,0.42162162162162165,0.423841059602649,0.07821729013781975,-0.0022194379810273612,-0.03830320386611774,0.6,0.4,0.19999999999999996,0,0,0.4783214232450643
1.1081081081081081,1.837837837837838,0.3918918918918919,0.5405405405405406,-0.7297297297297298,-0.14864864864864868,-0.17567567567567566,0.4,0.4,0.0,0,0,0.27475345778443805
1.728110599078341,1.1904761904761905,0.6267281105990783,0.3904761904761905,0.5376344086021505,0.23625192012288782,0.18525345622119804,0.6,0.2,0.39999999999999997,1,1,0.6449332266865466
1.2162162162162162,0.972972972972973,0.40540540540540543,0.32432432432432434,0.2432432432432432,0.08108108108108109,-0.05405405405405417,0.4,0.6,-0.19999999999999996,0,0,0.4929571504330699
1.726027397260274,0.9406392694063926,0.6712328767123288,0.3881278538812785,0.7853881278538813,0.28310502283105027,0.26027397260273977,0.4,0.4,0.0,1,1,0.6801171252742917
2.256,2.0080645161290325,0.736,0.75,0.2479354838709673,-0.014000000000000012,-0.09683870967741937,0.8,0.8,0.0,0,1,0.5243678296238456
1.515695067264574,2.430493273542601,0.4484304932735426,0.7713004484304933,-0.9147982062780269,-0.32286995515695066,-0.600896860986547,0.4,0.8,-0.4,1,0,0.1922356798174722
1.0416666666666667,0.875,0.3333333333333333,0.2916666666666667,0.16666666666666674,0.04166666666666663,0.20833333333333326,0.6,0.2,0.39999999999999997,1,1,0.5353618252722386
0.9764705882352941,1.361344537815126,0.3176470588235294,0.46218487394957986,-0.384873949579832,-0.14453781512605046,-0.4605042016806724,0.2,0.6,-0.39999999999999997,1,0,0.2848291979876756
1.0196078431372548,1.4,0.27450980392156865,0.48,-0.3803921568627451,-0.20549019607843133,-0.6639215686274511,0.2,0.2,0.0,1,0,0.28279631208484707
1.4337349397590362,1.5662650602409638,0.40963855421686746,0.5301204819277109,-0.13253012048192758,-0.12048192771084343,-0.4216867469879517,0.2,0.8,-0.6000000000000001,1,0,0.3385217275328127
1.0,1.4166666666666667,0.25,0.3333333333333333,-0.41666666666666674,-0.08333333333333331,-0.125,0.6,0.8,-0.20000000000000007,1,0,0.3324045759133172
1.1379310344827587,1.1,0.3793103448275862,0.0,0.037931034482758585,0.3793103448275862,0.7862068965517244,0.2,0.0,0.2,0,1,0.5941775468374155
1.0,1.0666666666666667,0.35555555555555557,0.4666666666666667,-0.06666666666666665,-0.1111111111111111,-0.022222222222222365,0.2,0.6,-0.39999999999999997,1,0,0.39256885595361934
1.0625,0.75,0.1875,0.125,0.3125,0.0625,0.5,0.4,0.2,0.2,0,1,0.5908507793780177
1.8604651162790697,1.689922480620155,0.6666666666666666,0.5271317829457365,0.1705426356589148,0.13953488372093015,0.45736434108527135,1.0,0.8,0.19999999999999996,0,1,0.5874740108416541
1.16,1.0481099656357389,0.36,0.43986254295532645,0.11189003436426104,-0.07986254295532647,-0.3444673539518899,0.6,0.2,0.39999999999999997,0,0,0.45194304290900916
1.1065573770491803,1.2976190476190477,0.3114754098360656,0.39285714285714285,-0.19106167056986734,-0.08138173302107726,0.22443403590944566,0.0,0.2,-0.2,0,0,0.4111199805432754
1.390728476821192,1.7748344370860927,0.4370860927152318,0.5761589403973509,-0.3841059602649006,-0.13907284768211914,-0.4105960264900661,0.4,0.8,-0.4,1,0,0.3016824710479385
1.1705426356589148,1.2655601659751037,0.40310077519379844,0.48132780082987553,-0.09501753031618887,-0.07822702563607709,-0.03795554697803083,0.2,0.6,-0.39999999999999997,1,0,0.3930503910554252
1.52,1.3333333333333333,0.32,0.46078431372549017,0.18666666666666676,-0.14078431372549016,-0.6658823529411764,0.0,0.6,-0.6,0,0,0.3759074695159691
1.8888888888888888,1.1111111111111112,0.3333333333333333,0.1111111111111111,0.7777777777777777,0.2222222222222222,0.6666666666666667,0.0,0.0,0.0,1,1,0.7199581315948195
1.0869565217391304,2.0153256704980844,0.30434782608695654,0.6743295019157088,-0.928369148758954,-0.3699816758287523,-0.5192403798100951,0.4,1.0,-0.6,0,0,0.17887878219228381
1.2392344497607655,0.9233870967741935,0.4449760765550239,0.3790322580645161,0.31584735298657196,0.06594381849050779,-0.13051782682512747,0.2,0.2,0.0,0,1,0.5078772392804174
1.2426470588235294,1.3235294117647058,0.4117647058823529,0.3602941176470588,-0.0808823529411764,0.0514705882352941,0.18382352941176472,0.8,0.0,0.8,0,1,0.512006009863951
1.0397350993377483,1.4304635761589404,0.3708609271523179,0.6225165562913907,-0.39072847682119205,-0.2516556291390728,-0.4437086092715231,0.4,0.6,-0.19999999999999996,0,0,0.2885538076881786
1.2463235294117647,1.1962025316455696,0.43014705882352944,0.4240506329113924,0.05012099776619516,0.006096425912137049,0.09623976172747573,0.4,0.6,-0.19999999999999996,1,0,0.46205091029646067
1.2115384615384615,1.1446280991735538,0.34615384615384615,0.41735537190082644,0.06691036236490766,-0.0712015257469803,-0.13747616020343312,0.4,0.2,0.2,0,0,0.455220314928492
1.105263157894737,1.2131147540983607,0.37894736842105264,0.4262295081967213,-0.10785159620362372,-0.04728213977566864,0.05677308024158756,0.6,0.8,-0.20000000000000007,1,0,0.4173665748988351
1.9184549356223175,1.5493562231759657,0.6523605150214592,0.592274678111588,0.36909871244635184,0.06008583690987124,0.09442060085836901,0.8,0.6,0.20000000000000007,0,1,0.5805971679370717
1.3421052631578947,2.210526315789474,0.7105263157894737,0.6052631578947368,-0.8684210526315792,0.10526315789473684,0.3157894736842105,1.0,1.0,0.0,1,0,0.3250599569625088
0.9583333333333334,0.8805970149253731,0.4166666666666667,0.40298507462686567,0.07773631840796025,0.013681592039801016,-0.13495024875621908,0.2,0.6,-0.39999999999999997,0,0,0.41937989346162025
0.9021739130434783,1.4456521739130435,0.358695652173913,0.6956521739130435,-0.5434782608695652,-0.33695652173913043,-0.8043478260869565,0.8,0.6,0.20000000000000007,0,0,0.24235057310226532
1.1452513966480447,1.675977653631285,0.4581005586592179,0.664804469273743,-0.5307262569832403,-0.20670391061452514,-0.21787709497206698,0.4,0.8,-0.4,0,0,0.280989968226872
1.4247491638795986,0.9675675675675676,0.5250836120401338,0.35135135135135137,0.45718159631203104,0.1737322606887824,0.02312211877429271,0.2,0.4,-0.2,0,1,0.5591647796236624
1.179930795847751,2.301038062283737,0.5121107266435986,0.7889273356401384,-1.121107266435986,-0.2768166089965398,-0.4152249134948097,0.6,1.0,-0.4,1,0,0.17486943722922038
0.6,1.1072961373390557,0.0,0.4248927038626609,-0.5072961373390558,-0.4248927038626609,-0.6394849785407726,0.0,0.4,-0.4,0,0,0.22188996796009963
2.1952380952380954,1.3554502369668247,0.7666666666666667,0.5165876777251185,0.8397878582712708,0.25007898894154823,0.5792823290453623,1.0,1.0,0.0,1,1,0.7337623311884024
2.245614035087719,1.8157894736842106,0.7280701754385965,0.631578947368421,0.42982456140350855,0.09649122807017552,-0.061403508771929904,0.8,1.0,-0.19999999999999996,0,1,0.5659743829911943
0.9928571428571429,1.0785714285714285,0.40714285714285714,0.4,-0.08571428571428563,0.0071428571428571175,0.050000000000000044,0.6,0.2,0.39999999999999997,0,0,0.4570714926173548
1.375,1.3061224489795917,0.25,0.4897959183673469,0.06887755102040827,-0.23979591836734693,-0.24489795918367352,0.0,0.6,-0.6,0,0,0.3847229634501195
1.4731182795698925,1.5591397849462365,0.43010752688172044,0.4946236559139785,-0.08602150537634401,-0.06451612903225806,-0.15053763440860224,0.6,0.6,0.0,1,0,0.4200571557976388
1.8609271523178808,1.1081081081081081,0.6490066225165563,0.2702702702702703,0.7528190442097726,0.378736352246286,0.6762126364775372,1.0,0.6,0.4,1,1,0.7492418331597505
1.7435897435897436,1.8461538461538463,0.5384615384615384,0.717948717948718,-0.10256410256410264,-0.17948717948717952,-0.28205128205128205,0.6,0.8,-0.20000000000000007,1,0,0.38643341373524714
0.8709677419354839,1.8064516129032258,0.2903225806451613,0.4838709677419355,-0.9354838709677419,-0.1935483870967742,-0.032258064516129004,0.4,0.4,0.0,0,0,0.24550548640914796
1.9415204678362572,1.713450292397661,0.6432748538011696,0.5730994152046783,0.2280701754385963,0.07017543859649122,-0.023391812865497075,1.0,0.8,0.19999999999999996,1,1,0.5418238616388394
1.6602564102564104,1.685897435897436,0.532051282051282,0.4807692307692308,-0.02564102564102555,0.051282051282051266,0.14102564102564097,0.2,0.2,0.0,0,0,0.47778621246609737
0.9705882352941176,1.088235294117647,0.23529411764705882,0.29411764705882354,-0.11764705882352933,-0.05882352941176472,-0.5882352941176472,0.4,0.4,0.0,0,0,0.35238638645258125
1.4805194805194806,1.2077922077922079,0.36363636363636365,0.35064935064935066,0.2727272727272727,0.012987012987012991,0.3246753246753247,0.4,0.6,-0.19999999999999996,0,1,0.5454873198732334
1.6734693877551021,0.9578313253012049,0.6581632653061225,0.39156626506024095,0.7156380624538973,0.2665970002458815,0.5719818047701007,0.8,0.6,0.20000000000000007,1,1,0.7083557959440111
0.90625,0.6451612903225806,0.25,0.3225806451612903,0.2610887096774194,-0.07258064516129031,-0.6481854838709677,0.4,0.6,-0.19999999999999996,0,0,0.4067347568476495
1.119047619047619,0.9583333333333334,0.39285714285714285,0.25,0.1607142857142857,0.14285714285714285,0.3214285714285714,0.4,0.6,-0.19999999999999996,1,1,0.5215004651195588
0.8333333333333334,1.0816326530612246,0.16666666666666666,0.4336734693877551,-0.2482993197278912,-0.26700680272108845,0.03911564625850339,0.0,0.0,0.0,1,0,0.36648572122056894
1.225,0.825,0.275,0.275,0.40000000000000013,0.0,0.17500000000000004,0.2,0.4,-0.2,1,1,0.54506474550704
1.2203389830508475,2.4915254237288136,0.3728813559322034,0.6779661016949152,-1.271186440677966,-0.30508474576271183,-0.847457627118644,0.4,1.0,-0.6,0,0,0.1272478770921803
1.079136690647482,1.1223021582733812,0.43884892086330934,0.4676258992805755,-0.043165467625899234,-0.028776978417266175,-0.16546762589928066,0.2,0.8,-0.6000000000000001,0,0,0.37954514325015504
1.3957219251336899,1.6149732620320856,0.47058823529411764,0.5668449197860963,-0.2192513368983957,-0.09625668449197866,-0.2994652406417111,0.4,0.8,-0.4,0,0,0.3467877613325544
1.152542372881356,1.273469387755102,0.423728813559322,0.4326530612244898,-0.12092701487374602,-0.008924247665167806,0.05165456012913627,0.6,0.4,0.19999999999999996,1,0,0.44173276487287466
1.7487179487179487,1.6243386243386244,0.6307692307692307,0.5925925925925926,0.12437932437932431,0.03817663817663819,-0.026210826210826266,0.8,0.4,0.4,1,1,0.5196606862626107
1.3446808510638297,1.5957446808510638,0.46808510638297873,0.676595744680851,-0.25106382978723407,-0.2085106382978723,-0.5063829787234043,0.4,0.6,-0.19999999999999996,0,0,0.3185539964866098
1.3807531380753137,1.794979079497908,0.42677824267782427,0.5983263598326359,-0.41422594142259417,-0.17154811715481166,-0.4811715481171548,0.6,0.6,0.0,0,0,0.3081734718760287
1.2189054726368158,1.0909090909090908,0.5373134328358209,0.36363636363636365,0.12799638172772498,0.17367706919945725,-0.4595205789235641,0.6,0.6,0.0,1,0,0.4429864152410175
1.2692307692307692,2.1594202898550723,0.2692307692307692,0.75,-0.8901895206243031,-0.4807692307692308,-1.185897435897436,0.4,0.8,-0.4,0,0,0.14606794748560492
0.9772727272727273,1.0454545454545454,0.3409090909090909,0.5,-0.06818181818181812,-0.15909090909090912,-0.25,0.2,0.8,-0.6000000000000001,0,0,0.35191515283889385
1.1636363636363636,1.075268817204301,0.5454545454545454,0.5053763440860215,0.08836754643206257,0.040078201368523914,-0.15131964809384157,0.6,0.6,0.0,0,0,0.4538657881705124
0.9,2.1,0.25,0.5,-1.2000000000000002,-0.25,0.2999999999999998,0.4,0.8,-0.4,1,0,0.21323172760747744
2.08,1.72,0.56,0.44,0.3600000000000001,0.12000000000000005,-0.6000000000000001,0.8,0.6,0.20000000000000007,1,1,0.5138179522213048
1.0476190476190477,1.5476190476190477,0.4880952380952381,0.5952380952380952,-0.5,-0.10714285714285715,0.08333333333333337,0.2,0.6,-0.39999999999999997,0,0,0.318824818443943
1.6,0.86,0.4,0.28,0.7400000000000001,0.12,0.19999999999999996,0.6,0.0,0.6,0,1,0.6848816727112852
1.2741935483870968,1.1774193548387097,0.45161290322580644,0.3064516129032258,0.09677419354838701,0.14516129032258063,0.12903225806451601,0.6,0.2,0.39999999999999997,1,1,0.5277168353015337
1.173913043478261,0.84375,0.4673913043478261,0.3125,0.330163043478261,0.1548913043478261,0.6684782608695652,0.6,0.2,0.39999999999999997,1,1,0.6327769886345542
1.2261904761904763,0.8571428571428571,0.5714285714285714,0.3333333333333333,0.3690476190476192,0.23809523809523808,0.30952380952380953,0.6,0.4,0.19999999999999996,0,1,0.5983434363824179
1.527363184079602,1.0204081632653061,0.5223880597014925,0.22448979591836735,0.5069550208142959,0.2978982637831251,0.02457102243882625,0.8,0.2,0.6000000000000001,0,1,0.6361088757291313
1.1428571428571428,1.3191489361702127,0.39285714285714285,0.43617021276595747,-0.17629179331306988,-0.043313069908814616,0.04407294832826736,0.4,0.4,0.0,0,0,0.41278037634824594
1.2962962962962963,1.568421052631579,0.3888888888888889,0.4105263157894737,-0.27212475633528266,-0.02163742690058479,0.3235867446393761,0.2,0.4,-0.2,1,0,0.41810211249212453
1.4145077720207253,1.9896373056994818,0.5854922279792746,0.6787564766839378,-0.5751295336787565,-0.09326424870466321,-0.19689119170984448,0.6,1.0,-0.4,1,0,0.29183227757389607
1.962962962962963,1.037037037037037,0.48148148148148145,0.37037037037037035,0.925925925925926,0.1111111111111111,0.33333333333333326,0.4,0.6,-0.19999999999999996,1,1,0.6981687024436127
1.8449197860962567,1.2416107382550337,0.6684491978609626,0.40939597315436244,0.6033090478412231,0.25905322470660014,0.5852564332627499,0.8,0.2,0.6000000000000001,1,1,0.7135108439416127
1.0596026490066226,1.423841059602649,0.4304635761589404,0.5761589403973509,-0.36423841059602635,-0.14569536423841056,-0.23178807947019875,0.4,1.0,-0.6,0,0,0.30229515958362985
1.2777777777777777,0.8461538461538461,0.5,0.3076923076923077,0.43162393162393153,0.1923076923076923,0.4572649572649572,0.8,0.4,0.4,0,1,0.6384781940668794
1.1111111111111112,1.3333333333333333,0.2222222222222222,0.2222222222222222,-0.2222222222222221,0.0,0.7777777777777777,0.0,0.0,0.0,0,0,0.488926752352118
0.9725274725274725,2.1748633879781423,0.34065934065934067,0.7486338797814208,-1.2023359154506696,-0.40797453912208015,-0.6197081606917674,0.2,0.6,-0.39999999999999997,0,0,0.14212225541442922
2.5714285714285716,1.0694444444444444,0.75,0.3472222222222222,1.5019841269841272,0.4027777777777778,0.9182539682539683,0.8,0.6,0.20000000000000007,1,1,0.8683775968208786
2.2454545454545456,1.3545454545454545,0.7181818181818181,0.4818181818181818,0.8909090909090911,0.23636363636363633,0.290909090909091,0.8,0.6,0.20000000000000007,1,1,0.7251819518909525
2.3461538461538463,0.9487179487179487,0.717948717948718,0.3974358974358974,1.3974358974358976,0.32051282051282054,0.6538461538461539,1.0,0.2,0.8,1,1,0.8537266823321207
1.1333333333333333,0.9666666666666667,0.38333333333333336,0.25,0.16666666666666663,0.13333333333333336,0.44999999999999996,0.4,0.4,0.0,0,1,0.5488265235645517
1.064516129032258,1.1935483870967742,0.3870967741935484,0.45161290322580644,-0.12903225806451624,-0.06451612903225806,-0.29032258064516125,0.4,0.4,0.0,1,0,0.38124916326781866
1.3513513513513513,1.5504587155963303,0.43243243243243246,0.4954128440366973,-0.199107364244979,-0.06298041160426482,0.14108604016860893,0.6,0.8,-0.20000000000000007,1,0,0.41359459841238244
1.2674418604651163,1.8604651162790697,0.313953488372093,0.5348837209302325,-0.5930232558139534,-0.22093023255813948,-0.6627906976744184,0.2,0.6,-0.39999999999999997,0,0,0.23504454966481483
0.8947368421052632,0.8947368421052632,0.3157894736842105,0.2631578947368421,0.0,0.05263157894736842,-0.3157894736842106,0.4,0.4,0.0,0,0,0.41192116147949887
1.0597014925373134,1.6818181818181819,0.5373134328358209,0.5454545454545454,-0.6221166892808685,-0.008141112618724522,0.3179556761646314,0.8,0.8,0.0,0,0,0.35443156647137025
1.4666666666666666,1.3265306122448979,0.13333333333333333,0.40816326530612246,0.14013605442176869,-0.27482993197278915,-0.9714285714285713,0.2,0.4,-0.2,1,0,0.34744794772173776
0.8,0.7555555555555555,0.2,0.28888888888888886,0.04444444444444451,-0.08888888888888885,-0.1777777777777776,0.2,0.6,-0.39999999999999997,1,0,0.39678138554656317
1.1578947368421053,1.5789473684210527,0.4473684210526316,0.4473684210526316,-0.42105263157894735,0.0,-0.10526315789473695,0.0,0.6,-0.6,0,0,0.31634973161995655
2.4835164835164836,1.1403508771929824,0.7252747252747253,0.2631578947368421,1.3431656063235011,0.46211683053788316,1.0352805089647195,0.8,0.2,0.6000000000000001,1,1,0.871446191889122
1.338235294117647,1.1764705882352942,0.4019607843137255,0.30392156862745096,0.1617647058823528,0.09803921568627455,0.303921568627451,0.4,0.4,0.0,1,1,0.534358804504979
1.15,1.1363636363636365,0.42083333333333334,0.4090909090909091,0.013636363636363447,0.011742424242424221,0.13371212121212128,0.6,0.6,0.0,0,0,0.46972593807740465
1.2621359223300972,1.058252427184466,0.5339805825242718,0.4077669902912621,0.2038834951456312,0.1262135922330097,0.16504854368932054,0.6,0.6,0.0,1,1,0.5268595408140084
0.7441860465116279,1.2384105960264902,0.16279069767441862,0.4105960264900662,-0.4942245495148623,-0.2478053288156476,-0.7722162328661635,0.4,0.4,0.0,0,0,0.24690014596026114
1.0,0.7741935483870968,0.47619047619047616,0.3064516129032258,0.22580645161290325,0.16973886328725035,0.3717357910906298,0.4,0.2,0.2,1,1,0.5611833219794184
1.6222222222222222,1.2391304347826086,0.4888888888888889,0.391304347826087,0.3830917874396136,0.0975845410628019,0.34444444444444455,0.8,0.0,0.8,0,1,0.6412303856335351
1.1111111111111112,1.2962962962962963,0.2962962962962963,0.4444444444444444,-0.18518518518518512,-0.14814814814814814,-1.111111111111111,0.4,0.4,0.0,0,0,0.2835620342896806
1.1866666666666668,1.3155893536121672,0.38666666666666666,0.4828897338403042,-0.12892268694550046,-0.09622306717363754,-0.33784537389100144,0.6,0.8,-0.20000000000000007,1,0,0.3679427829702873
1.6097560975609757,2.268292682926829,0.5284552845528455,0.7398373983739838,-0.6585365853658534,-0.21138211382113825,-0.4390243902439024,0.4,1.0,-0.6,1,0,0.242463799918201
1.2647058823529411,1.7352941176470589,0.4117647058823529,0.5,-0.47058823529411775,-0.08823529411764708,0.05882352941176472,0.6,0.4,0.19999999999999996,0,0,0.36737297393306484
2.6,1.0,0.0,0.0,1.6,0.0,-0.19999999999999996,0.0,0.0,0.0,0,1,0.782983892363826
1.4285714285714286,1.4090909090909092,0.4725274725274725,0.2727272727272727,0.01948051948051943,0.1998001998001998,0.5494505494505495,0.0,0.4,-0.4,1,1,0.5167920876629538
1.6556603773584906,1.3537735849056605,0.6320754716981132,0.5849056603773585,0.3018867924528301,0.047169811320754707,0.04716981132075482,0.8,0.6,0.20000000000000007,1,1,0.5513863158131175
1.3658536585365855,1.146341463414634,0.43902439024390244,0.3170731707317073,0.21951219512195141,0.12195121951219512,0.6829268292682926,0.8,0.4,0.4,1,1,0.6178503546757954
0.9333333333333333,0.8666666666666667,0.3333333333333333,0.3111111111111111,0.06666666666666665,0.0222222222222222,0.0,0.2,0.4,-0.2,1,0,0.4455158929401649
2.0064102564102564,1.0128205128205128,0.6794871794871795,0.3974358974358974,0.9935897435897436,0.2820512820512821,0.45512820512820507,0.8,0.2,0.6000000000000001,1,1,0.7712634106088563
0.8807339449541285,1.2378378378378379,0.3669724770642202,0.4864864864864865,-0.35710389288370936,-0.11951400942226631,-0.11371187701462948,0.0,0.0,0.0,0,0,0.34085839061110146
1.6648936170212767,0.9459459459459459,0.5797872340425532,0.33783783783783783,0.7189476710753308,0.24194939620471534,0.23893041978148366,0.8,0.8,0.0,1,1,0.6651359895187894
1.1566265060240963,1.0425531914893618,0.43373493975903615,0.3829787234042553,0.11407331453473457,0.050756216354780836,0.26044603947705713,0.0,0.6,-0.6,1,0,0.4681747584028492
1.183673469387755,1.04,0.2857142857142857,0.432,0.14367346938775505,-0.1462857142857143,-0.41028571428571414,0.0,0.6,-0.6,0,0,0.3838898833476081
2.7286821705426356,0.9333333333333333,0.7868217054263565,0.3333333333333333,1.7953488372093023,0.45348837209302323,0.3294573643410852,0.6,0.4,0.19999999999999996,1,1,0.8697287436504654
0.9565217391304348,1.5,0.32608695652173914,0.125,-0.5434782608695652,0.20108695652173914,1.0326086956521738,0.2,0.0,0.2,1,0,0.4766071244027278
1.0114942528735633,1.1264367816091954,0.3333333333333333,0.40229885057471265,-0.11494252873563204,-0.06896551724137934,-0.26436781609195403,0.4,0.6,-0.19999999999999996,0,0,0.37465647243126227
1.4953703703703705,1.0,0.5324074074074074,0.32142857142857145,0.49537037037037046,0.210978835978836,0.7361111111111112,0.4,0.4,0.0,1,1,0.6627194269002347
0.7846153846153846,1.1538461538461537,0.3076923076923077,0.4,-0.36923076923076914,-0.09230769230769231,-0.33846153846153837,0.4,0.6,-0.19999999999999996,1,0,0.3097854323409087
1.5454545454545454,1.9602272727272727,0.42613636363636365,0.7102272727272727,-0.4147727272727273,-0.28409090909090906,-0.7386363636363635,0.4,0.4,0.0,0,0,0.2773524398064937
1.7105263157894737,1.3491379310344827,0.5488721804511278,0.5043103448275862,0.361388384754991,0.04456183562354166,-0.09878143634949432,0.4,0.6,-0.19999999999999996,0,1,0.5233983367130833
0.9473684210526315,1.8148148148148149,0.3157894736842105,0.5238095238095238,-0.8674463937621834,-0.20802005012531333,0.3829016986911724,0.4,0.6,-0.19999999999999996,1,0,0.28497088818018923
1.414012738853503,1.123076923076923,0.5159235668789809,0.441025641025641,0.29093581577658,0.07489792585333988,-0.007969949371223084,0.8,0.8,0.0,1,1,0.5279808126507057
1.4390243902439024,1.2784810126582278,0.4146341463414634,0.46835443037974683,0.1605433775856746,-0.05372028403828344,-0.20561901821549866,0.4,0.4,0.0,0,0,0.4637449531729408
1.2301587301587302,1.407216494845361,0.4444444444444444,0.422680412371134,-0.1770577646866307,0.021764032073310402,0.2061855670103092,0.6,0.2,0.39999999999999997,0,0,0.4644726145561283
1.8611111111111112,1.4027777777777777,0.6666666666666666,0.3888888888888889,0.4583333333333335,0.27777777777777773,0.8611111111111112,0.4,0.6,-0.19999999999999996,0,1,0.6728249366398745
1.1619718309859155,2.2183098591549295,0.4507042253521127,0.7676056338028169,-1.056338028169014,-0.3169014084507042,-0.4014084507042255,0.6,1.0,-0.4,0,0,0.18184183461745557
0.9324324324324325,1.0416666666666667,0.24324324324324326,0.42803030303030304,-0.10923423423423428,-0.18478705978705978,-0.5175061425061425,0.2,0.6,-0.39999999999999997,0,0,0.325418485572992
0.2,0.9263157894736842,0.0,0.3473684210526316,-0.7263157894736842,-0.3473684210526316,-0.0736842105263158,0.0,0.2,-0.2,1,0,0.23881866481341843
1.0916030534351144,1.1183431952662721,0.48091603053435117,0.5266272189349113,-0.026740141831157693,-0.0457111884005601,-0.2175346673291476,0.6,0.8,-0.20000000000000007,0,0,0.4013237169972549
1.0344827586206897,1.2394366197183098,0.10344827586206896,0.4859154929577465,-0.20495386109762004,-0.38246721709567755,-0.8125303545410394,0.0,0.8,-0.8,0,0,0.2493482934956731
1.7745664739884393,2.514450867052023,0.5144508670520231,0.7572254335260116,-0.7398843930635839,-0.24277456647398843,-0.815028901734104,0.4,0.8,-0.4,0,0,0.21057465554586816
0.8888888888888888,1.3333333333333333,0.1111111111111111,0.1111111111111111,-0.4444444444444444,0.0,-0.5555555555555556,0.0,0.0,0.0,0,0,0.2965852518865957
1.095890410958904,1.8904109589041096,0.3835616438356164,0.6986301369863014,-0.7945205479452055,-0.31506849315068497,-0.4246575342465754,0.6,0.8,-0.20000000000000007,0,0,0.22307165054663666
0.9375,0.6666666666666666,0.39375,0.1111111111111111,0.27083333333333337,0.2826388888888889,0.47291666666666665,0.2,0.0,0.2,1,1,0.5907446277024235
1.2261904761904763,1.15625,0.39285714285714285,0.39375,0.06994047619047628,-0.0008928571428571397,0.1672619047619046,0.4,0.4,0.0,0,0,0.48546852605881874
1.0714285714285714,1.2142857142857142,0.35714285714285715,0.42857142857142855,-0.1428571428571428,-0.0714285714285714,0.14285714285714302,0.6,0.8,-0.20000000000000007,1,0,0.41659639873965054
1.0,2.5714285714285716,0.14285714285714285,0.0,-1.5714285714285716,0.14285714285714285,-0.14285714285714302,0.0,0.0,0.0,0,0,0.1735699142342383
1.5302325581395348,1.8046511627906976,0.4558139534883721,0.627906976744186,-0.27441860465116275,-0.17209302325581394,-0.3395348837209302,0.6,1.0,-0.4,0,0,0.33148938802726285
0.9893617021276596,1.0609756097560976,0.3829787234042553,0.4349593495934959,-0.071613907628438,-0.0519806261892406,-0.09652309289050343,0.4,0.2,0.2,1,0,0.4243811122656393
1.3564356435643565,0.98,0.5792079207920792,0.38,0.37643564356435655,0.19920792079207916,0.26514851485148516,1.0,0.8,0.19999999999999996,0,1,0.5991537147897744
1.0490196078431373,1.1,0.35294117647058826,0.4142857142857143,-0.050980392156862786,-0.061344537815126055,-0.3488795518207284,0.4,0.8,-0.4,0,0,0.36886736864685776
1.3645484949832776,1.7324414715719063,0.5117056856187291,0.6454849498327759,-0.36789297658862874,-0.13377926421404684,-0.29431438127090304,0.6,0.8,-0.20000000000000007,0,0,0.3262522163152703
0.8709677419354839,1.3870967741935485,0.3225806451612903,0.6129032258064516,-0.5161290322580646,-0.2903225806451613,-0.5806451612903226,0.2,0.8,-0.6000000000000001,1,0,0.22987503386580424
1.3423913043478262,1.1141304347826086,0.6086956521739131,0.41304347826086957,0.22826086956521752,0.19565217391304351,0.32608695652173914,0.2,0.6,-0.39999999999999997,1,1,0.5312046435973921
1.3298429319371727,1.5340314136125655,0.3717277486910995,0.42408376963350786,-0.20418848167539272,-0.05235602094240838,-0.11518324607329844,0.2,0.4,-0.2,0,0,0.3823127925197154
1.9469026548672566,1.3185840707964602,0.584070796460177,0.35398230088495575,0.6283185840707963,0.23008849557522126,0.38938053097345127,0.8,0.4,0.4,0,1,0.6913908647295135
1.7885462555066078,1.4449339207048457,0.5374449339207048,0.4801762114537445,0.3436123348017621,0.0572687224669603,-0.16299559471365632,0.8,0.6,0.20000000000000007,1,1,0.5439993798281414
2.661654135338346,1.0526315789473684,0.7593984962406015,0.35789473684210527,1.6090225563909775,0.40150375939849625,0.5413533834586466,0.8,0.2,0.6000000000000001,1,1,0.8711406830871832
1.4723618090452262,1.7939698492462313,0.4723618090452261,0.5175879396984925,-0.3216080402010051,-0.04522613065326636,0.256281407035176,0.6,0.4,0.19999999999999996,0,0,0.4291478845545011
1.2857142857142858,1.658682634730539,0.2857142857142857,0.5868263473053892,-0.3729683490162532,-0.3011120615911035,0.02452238380382088,0.2,0.8,-0.6000000000000001,1,0,0.3198715311347346
1.0990990990990992,1.0434782608695652,0.4954954954954955,0.36231884057971014,0.05562083822953401,0.13317665491578534,0.33999216607912275,0.6,0.6,0.0,1,1,0.5112245403718968
1.329479768786127,1.6358381502890174,0.42196531791907516,0.4624277456647399,-0.3063583815028903,-0.04046242774566472,0.052023121387283267,0.4,0.2,0.2,1,0,0.4043676704194572
1.075812274368231,1.4,0.38267148014440433,0.496,-0.3241877256317689,-0.11332851985559567,-0.24248375451263549,0.2,0.8,-0.6000000000000001,0,0,0.31097457438609183
1.2771739130434783,2.0675675675675675,0.43478260869565216,0.7747747747747747,-0.7903936545240893,-0.3399921660791226,-0.6181942812377594,0.4,0.6,-0.19999999999999996,0,0,0.2091853296431015
1.0551724137931036,1.197674418604651,0.35172413793103446,0.3953488372093023,-0.1425020048115475,-0.04362469927826784,-0.058273188986901925,0.2,0.0,0.2,1,0,0.41577978178812425
1.3559322033898304,1.4285714285714286,0.4322033898305085,0.38095238095238093,-0.07263922518159815,0.05125100887812756,0.05084745762711873,0.4,0.8,-0.4,1,0,0.4278599805563174
1.0,1.2448979591836735,0.3673469387755102,0.5510204081632653,-0.24489795918367352,-0.18367346938775503,-0.24489795918367352,0.4,0.6,-0.19999999999999996,1,0,0.33956998790954895
1.0,1.0,0.0,0.0,0.0,0.0,-0.16666666666666663,0.0,0.0,0.0,1,0,0.4295501981237662
1.2338308457711442,1.492537313432836,0.48258706467661694,0.6169154228855721,-0.2587064676616917,-0.13432835820895517,-0.12935323383084585,0.4,0.4,0.0,0,0,0.3696190610454716
1.6312849162011174,1.6201117318435754,0.5083798882681564,0.4581005586592179,0.011173184357541999,0.050279329608938494,0.08938547486033532,0.4,0.4,0.0,1,0,0.4810535978845291
0.9090909090909091,1.2954545454545454,0.3181818181818182,0.4318181818181818,-0.38636363636363635,-0.11363636363636365,0.20454545454545459,0.2,0.6,-0.39999999999999997,0,0,0.35093482451771063
2.4,1.0,0.0,0.0,1.4,0.0,-0.6,0.0,0.0,0.0,0,1,0.7114995415356723
1.125,1.6785714285714286,0.5714285714285714,0.6785714285714286,-0.5535714285714286,-0.1071428571428572,0.07142857142857151,0.6,1.0,-0.4,0,0,0.3120386573891861
1.027027027027027,1.4054054054054055,0.2972972972972973,0.5405405405405406,-0.3783783783783785,-0.24324324324324326,-0.7567567567567568,0.6,0.8,-0.20000000000000007,0,0,0.2651969351215722
2.0,1.1666666666666667,0.4444444444444444,0.2222222222222222,0.8333333333333333,0.2222222222222222,0.22222222222222232,0.8,0.2,0.6000000000000001,1,1,0.7246371592581864
1.6,1.3,0.5,0.25,0.30000000000000004,0.25,0.25,0.8,0.2,0.6000000000000001,0,1,0.6173272213209678
1.1428571428571428,1.204968944099379,0.40372670807453415,0.40993788819875776,-0.06211180124223614,-0.006211180124223614,0.06211180124223592,0.4,0.4,0.0,0,0,0.4420040298568689
1.2847222222222223,1.3,0.4236111111111111,0.4666666666666667,-0.015277777777777724,-0.04305555555555557,-0.2513888888888889,0.6,0.8,-0.20000000000000007,1,0,0.4078813663325569
1.4177215189873418,0.7796610169491526,0.47257383966244726,0.22033898305084745,0.6380605020381892,0.25223485661159983,0.5358649789029535,0.6,0.2,0.39999999999999997,1,1,0.6939165076961321
1.25,1.3605769230769231,0.47115384615384615,0.47596153846153844,-0.11057692307692313,-0.004807692307692291,0.04326923076923084,0.6,0.4,0.19999999999999996,0,0,0.4457413581337794
1.1931818181818181,1.0833333333333333,0.3977272727272727,0.16666666666666666,0.10984848484848486,0.23106060606060605,0.7310606060606062,0.4,0.2,0.2,1,1,0.591564860723779
1.1517509727626458,1.25,0.49416342412451364,0.35294117647058826,-0.09824902723735418,0.14122224765392538,0.3063057907988098,0.8,0.6,0.20000000000000007,0,0,0.4911814827310729
0.5833333333333334,1.1666666666666667,0.16666666666666666,0.4166666666666667,-0.5833333333333334,-0.25,-0.6666666666666666,0.4,0.6,-0.19999999999999996,0,0,0.22907167727273944
1.0,1.601063829787234,0.3723404255319149,0.6436170212765957,-0.6010638297872339,-0.2712765957446808,-0.3085106382978722,0.2,0.6,-0.39999999999999997,0,0,0.25199163401749447
1.5,0.8769230769230769,0.2,0.36153846153846153,0.6230769230769231,-0.16153846153846152,0.22307692307692317,0.4,0.4,0.0,1,1,0.6048723222333138
1.4601769911504425,0.9866666666666667,0.5486725663716814,0.38666666666666666,0.47351032448377584,0.16200589970501472,0.21404129793510318,0.2,0.0,0.2,1,1,0.606200177601382
1.6012269938650308,1.0833333333333333,0.6073619631901841,0.25,0.5178936605316975,0.3573619631901841,-0.12014314928425363,0.8,0.2,0.6000000000000001,1,1,0.6292891431903516
1.3617021276595744,1.225531914893617,0.5829787234042553,0.46808510638297873,0.13617021276595742,0.11489361702127654,0.11914893617021272,0.6,0.4,0.19999999999999996,1,1,0.5203389693684289
1.2027027027027026,1.3783783783783783,0.5,0.5945945945945946,-0.17567567567567566,-0.09459459459459463,-0.3153153153153153,0.2,0.2,0.0,0,0,0.3668553829356762
1.9022556390977443,1.3733333333333333,0.631578947368421,0.32,0.528922305764411,0.311578947368421,0.5477694235588972,0.4,0.6,-0.19999999999999996,1,1,0.6593441990088733
1.5083333333333333,1.125,0.6333333333333333,0.5,0.3833333333333333,0.1333333333333333,0.2749999999999999,1.0,0.6,0.4,1,1,0.6104350184102758
1.990990990990991,1.0135135135135136,0.6891891891891891,0.40540540540540543,0.9774774774774775,0.2837837837837837,0.43243243243243246,0.6,1.0,-0.4,1,1,0.7201722973587402
0.9354838709677419,1.7333333333333334,0.3225806451612903,0.7333333333333333,-0.7978494623655915,-0.41075268817204297,-0.6559139784946236,0.0,0.6,-0.6,0,0,0.1778827467252658
1.2578125,1.0060240963855422,0.421875,0.40963855421686746,0.25178840361445776,0.012236445783132543,-0.3237951807228916,0.8,0.8,0.0,0,0,0.4737815588969391
0.8611111111111112,1.1111111111111112,0.3611111111111111,0.3611111111111111,-0.25,0.0,0.11111111111111116,0.2,0.4,-0.2,0,0,0.3873522299093452
1.7560975609756098,1.5,0.6097560975609756,0.0,0.25609756097560976,0.6097560975609756,1.4674796747967482,0.4,0.0,0.4,0,1,0.749129346837258
1.2377049180327868,2.098360655737705,0.5,0.7704918032786885,-0.8606557377049182,-0.2704918032786885,-0.5245901639344261,0.4,1.0,-0.6,0,0,0.19408099875158288
1.1666666666666667,1.4880952380952381,0.4583333333333333,0.6904761904761905,-0.3214285714285714,-0.23214285714285715,-0.33333333333333337,0.4,0.8,-0.4,0,0,0.30532870503076864
1.1833333333333333,1.1833333333333333,0.4,0.3333333333333333,0.0,0.06666666666666671,0.40000000000000013,0.4,0.6,-0.19999999999999996,0,0,0.49066905344772876
1.1889400921658986,1.688976377952756,0.46543778801843316,0.6023622047244095,-0.5000362857868574,-0.13692441670597633,-0.15454116622518965,0.6,0.6,0.0,1,0,0.32120328033021156
1.6330275229357798,2.5045871559633026,0.5321100917431193,0.7522935779816514,-0.8715596330275228,-0.22018348623853212,-0.44036697247706424,0.6,0.8,-0.20000000000000007,1,0,0.22809657570564182
1.2272727272727273,1.0,0.5340909090909091,0.38461538461538464,0.2272727272727273,0.14947552447552442,-0.3277972027972028,0.4,0.4,0.0,1,0,0.4747849341258387
1.21875,1.3107142857142857,0.4765625,0.4785714285714286,-0.09196428571428572,-0.002008928571428592,-0.06785714285714284,0.2,0.4,-0.2,1,0,0.4093477312173631
1.8,1.2754716981132075,0.6037735849056604,0.4830188679245283,0.5245283018867926,0.12075471698113205,0.049056603773584895,0.6,0.6,0.0,0,1,0.5972002810580033
1.4742268041237114,2.0520833333333335,0.5567010309278351,0.8020833333333334,-0.577856529209622,-0.2453823024054983,-0.40474656357388306,0.6,1.0,-0.4,0,0,0.26206271572549356
1.1896551724137931,2.0142857142857142,0.27586206896551724,0.7476190476190476,-0.8246305418719211,-0.4717569786535304,-0.832512315270936,0.6,0.6,0.0,1,0,0.18931787741908207
1.0416666666666667,1.1296296296296295,0.3194444444444444,0.4567901234567901,-0.0879629629629628,-0.13734567901234568,-0.2422839506172838,0.0,0.4,-0.4,0,0,0.36242539008077806
1.3333333333333333,0.7619047619047619,0.4523809523809524,0.3333333333333333,0.5714285714285714,0.11904761904761907,-0.1428571428571428,1.0,0.2,0.8,0,1,0.6218480755279667
1.2420091324200913,1.9182879377431907,0.4292237442922374,0.6536964980544747,-0.6762788053230995,-0.2244727537622373,-0.4707993532683048,0.4,1.0,-0.6,0,0,0.22843976826728582
0.896551724137931,1.1428571428571428,0.35344827586206895,0.44642857142857145,-0.24630541871921174,-0.0929802955665025,-0.34298029556650245,0.2,0.2,0.0,0,0,0.3434351259445532
1.4285714285714286,1.4761904761904763,0.3333333333333333,0.42857142857142855,-0.04761904761904767,-0.09523809523809523,0.04761904761904767,0.2,0.6,-0.39999999999999997,1,0,0.4206394605613366
0.9560439560439561,1.2790697674418605,0.32967032967032966,0.5193798449612403,-0.3230258113979044,-0.18970951529091068,-0.2793253258369537,0.0,0.2,-0.2,0,0,0.3168181044888951
1.4173228346456692,2.0236220472440944,0.4881889763779528,0.6141732283464567,-0.6062992125984252,-0.12598425196850394,-0.07086614173228356,0.8,0.4,0.4,0,0,0.33995188731084497
2.0718232044198897,1.7754010695187166,0.7624309392265194,0.6203208556149733,0.2964221349011731,0.1421100836115461,0.3582592253375485,0.8,1.0,-0.19999999999999996,0,1,0.5830600675496191
2.2613636363636362,1.0681818181818181,0.7159090909090909,0.38636363636363635,1.1931818181818181,0.3295454545454546,0.7045454545454545,0.8,0.8,0.0,0,1,0.803650350839514
1.0192307692307692,1.0774647887323943,0.3076923076923077,0.47183098591549294,-0.0582340195016251,-0.16413867822318523,-0.31229685807150576,0.6,0.4,0.19999999999999996,0,0,0.3966340736519198
0.9491525423728814,1.9655172413793103,0.288135593220339,0.5862068965517241,-1.016364699006429,-0.2980713033313851,-0.6411455289304502,0.4,0.4,0.0,0,0,0.1822448311571
0.9642857142857143,0.9285714285714286,0.21428571428571427,0.2857142857142857,0.0357142857142857,-0.07142857142857142,-0.2142857142857142,0.6,0.4,0.19999999999999996,1,0,0.4361620166269083
1.0285714285714285,2.253846153846154,0.35714285714285715,0.7807692307692308,-1.2252747252747254,-0.4236263736263736,-0.8225274725274725,0.4,1.0,-0.6,0,0,0.12464274878468866
1.263157894736842,0.7,0.46842105263157896,0.2,0.5631578947368421,0.26842105263157895,0.46842105263157907,0.2,0.4,-0.2,1,1,0.6346342261110774
0.9014084507042254,0.9295774647887324,0.3380281690140845,0.3380281690140845,-0.028169014084507005,0.0,0.11267605633802824,0.2,0.2,0.0,0,0,0.4465483564237083
0.8125,0.6764705882352942,0.328125,0.35294117647058826,0.13602941176470584,-0.024816176470588258,-0.28860294117647056,0.2,0.4,-0.2,0,0,0.4188586914671923
1.2894736842105263,1.3157894736842106,0.34210526315789475,0.39473684210526316,-0.026315789473684292,-0.05263157894736842,0.21052631578947367,0.4,0.8,-0.4,0,0,0.44459934568654846
1.4709302325581395,0.9137931034482759,0.5116279069767442,0.3103448275862069,0.5571371291098636,0.2012830793905373,0.15737770649558924,0.4,0.6,-0.19999999999999996,1,1,0.6012596276297691
1.8823529411764706,1.1470588235294117,0.4117647058823529,0.3235294117647059,0.7352941176470589,0.08823529411764702,0.2941176470588234,0.4,0.2,0.2,0,1,0.6766677340213297
1.062857142857143,2.764705882352941,0.38857142857142857,0.8650519031141869,-1.7018487394957982,-0.4764804745427583,-0.8295798319327732,0.4,1.0,-0.6,0,0,0.08498007617985624
0.6666666666666666,1.0161290322580645,0.20833333333333334,0.27419354838709675,-0.34946236559139787,-0.06586021505376341,-0.2661290322580645,0.4,0.0,0.4,0,0,0.35275596700642414
1.0,1.0681818181818181,0.16666666666666666,0.3409090909090909,-0.06818181818181812,-0.17424242424242423,0.7196969696969698,0.0,0.2,-0.2,0,0,0.4826488605533182
1.3526970954356847,1.7572463768115942,0.48132780082987553,0.7065217391304348,-0.4045492813759095,-0.22519393830055928,-0.5707949966925251,0.4,0.8,-0.4,0,0,0.2740480852564187
1.1360544217687074,1.5436241610738255,0.4421768707482993,0.5369127516778524,-0.4075697393051181,-0.09473588092955304,-0.07140574350545581,0.6,0.8,-0.20000000000000007,0,0,0.3391467486637161
0.7307692307692307,1.2727272727272727,0.3269230769230769,0.36363636363636365,-0.541958041958042,-0.03671328671328672,-0.07517482517482499,0.6,0.2,0.39999999999999997,1,0,0.33974150272585457
0.7,1.3833333333333333,0.3333333333333333,0.43333333333333335,-0.6833333333333333,-0.10000000000000003,0.16666666666666674,0.2,0.6,-0.39999999999999997,0,0,0.28714554564759937
1.2472527472527473,0.9666666666666667,0.43956043956043955,0.16666666666666666,0.2805860805860806,0.2728937728937729,0.0219780219780219,0.4,0.0,0.4,1,1,0.5645967813324746
0.71875,1.78125,0.25,0.5625,-1.0625,-0.3125,-0.65625,0.2,0.4,-0.2,0,0,0.16284269386800404
1.53125,1.7734375,0.546875,0.5625,-0.2421875,-0.015625,0.140625,0.6,0.6,0.0,1,0,0.4246065738874189
1.2142857142857142,1.0,0.42857142857142855,0.38461538461538464,0.2142857142857142,0.04395604395604391,0.1785714285714286,0.6,0.6,0.0,1,1,0.5227638035168319
1.5638297872340425,1.368421052631579,0.6382978723404256,0.4473684210526316,0.19540873460246355,0.19092945128779398,0.7124860022396418,0.4,0.0,0.4,1,1,0.621690467266888
1.5853658536585367,2.292682926829268,0.5365853658536586,0.5853658536585366,-0.7073170731707314,-0.04878048780487798,-0.12195121951219501,0.6,0.4,0.19999999999999996,0,0,0.3150396116837154
0.8620689655172413,1.1596638655462186,0.3448275862068966,0.4789915966386555,-0.29759490002897726,-0.1341640104317589,-0.31874818893074464,0.0,0.2,-0.2,0,0,0.319401699549337
0.7857142857142857,1.9134615384615385,0.25,0.7019230769230769,-1.1277472527472527,-0.45192307692307687,-0.3173076923076923,0.6,0.8,-0.20000000000000007,0,0,0.17224450679934536
2.0,1.5220588235294117,0.7279411764705882,0.49264705882352944,0.4779411764705883,0.23529411764705876,0.4558823529411764,0.2,0.0,0.2,1,1,0.6538165779482661
1.2333333333333334,2.077777777777778,0.35555555555555557,0.6222222222222222,-0.8444444444444446,-0.26666666666666666,-0.6777777777777778,0.4,0.6,-0.19999999999999996,0,0,0.20224681779853299
0.9285714285714286,2.223809523809524,0.36666666666666664,0.819047619047619,-1.2952380952380953,-0.4523809523809524,-0.9761904761904763,0.4,1.0,-0.6,0,0,0.10857949439370283
1.5757575757575757,0.9393939393939394,0.5151515151515151,0.30303030303030304,0.6363636363636362,0.2121212121212121,-0.303030303030303,0.4,0.6,-0.19999999999999996,0,1,0.5711330471110284
1.122093023255814,1.2138728323699421,0.5290697674418605,0.3815028901734104,-0.0917798091141282,0.14756687726845014,0.3692364565129722,0.6,0.4,0.19999999999999996,0,0,0.49664292855722947
1.323076923076923,2.142322097378277,0.4512820512820513,0.7453183520599251,-0.819245174301354,-0.29403630077787385,-0.22057044079515986,0.6,0.6,0.0,0,0,0.25090143049243896
1.2592592592592593,1.0909090909090908,0.4222222222222222,0.32323232323232326,0.16835016835016847,0.09898989898989896,0.5245791245791247,0.6,0.6,0.0,1,1,0.5595988486703771
1.0408163265306123,1.3636363636363635,0.22448979591836735,0.0,-0.32282003710575125,0.22448979591836735,0.8812615955473098,0.0,0.0,0.0,0,0,0.4998747445071441
1.4,1.223529411764706,0.4,0.5647058823529412,0.17647058823529393,-0.16470588235294115,-0.1270588235294119,0.6,0.4,0.19999999999999996,0,0,0.4773955026917058
1.22,1.2350993377483444,0.4066666666666667,0.46357615894039733,-0.015099337748344377,-0.056909492273730655,-0.038940397350993194,0.6,0.4,0.19999999999999996,1,0,0.4515416299394594
1.6904761904761905,1.8492063492063493,0.5873015873015873,0.626984126984127,-0.15873015873015883,-0.03968253968253965,0.17460317460317465,0.4,1.0,-0.6,0,0,0.41144588175455155
0.90625,1.4,0.421875,0.5642857142857143,-0.4937499999999999,-0.14241071428571428,0.027232142857142927,0.6,0.6,0.0,0,0,0.332266506817153
1.7719298245614035,1.3771929824561404,0.5350877192982456,0.4298245614035088,0.39473684210526305,0.10526315789473684,0.22807017543859653,0.4,0.4,0.0,1,1,0.5873639370862124
1.6647058823529413,1.3484848484848484,0.6647058823529411,0.5909090909090909,0.31622103386809286,0.07379679144385021,0.031996434937611395,0.6,0.8,-0.20000000000000007,1,1,0.5296294127052827
1.2307692307692308,1.7654320987654322,0.2692307692307692,0.5802469135802469,-0.5346628679962013,-0.3110161443494777,-0.11301044634377955,0.4,0.6,-0.19999999999999996,0,0,0.29680892303057416
1.087719298245614,1.4645161290322581,0.41228070175438597,0.5096774193548387,-0.37679683078664405,-0.09739671760045271,0.22303338992642918,0.4,0.0,0.4,1,0,0.4065860760896496
1.4109589041095891,1.0616438356164384,0.5136986301369864,0.3767123287671233,0.34931506849315075,0.13698630136986306,0.08904109589041109,0.4,0.2,0.2,0,1,0.565262801333437
0.75,1.8125,0.25,0.625,-1.0625,-0.375,-0.375,0.4,1.0,-0.6,0,0,0.1656880810166532
2.6,2.0,0.0,0.0,0.6000000000000001,0.0,-0.40000000000000013,0.0,0.0,0.0,1,1,0.5848729023758951
1.9708029197080292,1.7956204379562044,0.5985401459854015,0.5474452554744526,0.17518248175182483,0.051094890510948954,-0.021897810218978186,0.4,0.4,0.0,1,1,0.5131796009173845
1.2027027027027026,1.0810810810810811,0.4594594594594595,0.42162162162162165,0.12162162162162149,0.03783783783783784,0.1256756756756756,0.4,0.4,0.0,0,0,0.4934161834777263
0.8869565217391304,0.72,0.3652173913043478,0.12,0.16695652173913045,0.24521739130434783,0.49217391304347813,0.4,0.0,0.4,0,1,0.5799931733276519
1.0813953488372092,1.0547945205479452,0.45348837209302323,0.3904109589041096,0.026600828289264022,0.06307741318891363,0.1234469576298185,0.4,0.2,0.2,0,0,0.483269136041846
1.1818181818181819,0.9230769230769231,0.4303030303030303,0.3076923076923077,0.25874125874125875,0.12261072261072259,-0.6895104895104895,0.6,0.4,0.19999999999999996,0,0,0.4519175331411586
1.3597560975609757,1.0135135135135136,0.4695121951219512,0.3783783783783784,0.3462425840474621,0.09113381674357279,0.16858932102834534,0.8,0.2,0.6000000000000001,1,1,0.5948902192236543
1.0714285714285714,1.4782608695652173,0.34285714285714286,0.5507246376811594,-0.4068322981366459,-0.20786749482401656,-0.41325051759834364,0.6,1.0,-0.4,1,0,0.2856212526675567
1.4,1.65,0.2,0.6,-0.25,-0.39999999999999997,-0.9000000000000001,0.0,1.0,-1.0,1,0,0.23294447728386455
1.3448275862068966,1.1206896551724137,0.5086206896551724,0.46551724137931033,0.22413793103448287,0.043103448275862044,0.06034482758620685,0.4,0.4,0.0,1,1,0.5121744946551194
1.395121951219512,1.1304347826086956,0.5707317073170731,0.3652173913043478,0.26468716861081654,0.2055143160127253,0.20869565217391317,0.6,0.4,0.19999999999999996,0,1,0.5681344326143892
1.1136363636363635,1.5317460317460319,0.375,0.5317460317460317,-0.4181096681096683,-0.15674603174603174,-0.36309523809523814,0.0,0.4,-0.4,0,0,0.2884495626661349
1.1032608695652173,1.1733333333333333,0.3695652173913043,0.4266666666666667,-0.07007246376811604,-0.05710144927536237,-0.12644927536231876,0.4,0.2,0.2,0,0,0.4250175375974616
1.0068493150684932,1.0890410958904109,0.4041095890410959,0.4726027397260274,-0.08219178082191769,-0.0684931506849315,-0.226027397260274,0.4,0.2,0.2,1,0,0.4063533583695403
0.8461538461538461,0.8076923076923077,0.3076923076923077,0.2692307692307692,0.038461538461538436,0.03846153846153849,-0.3076923076923077,0.0,0.4,-0.4,1,0,0.3913317888449031
1.797752808988764,1.4134078212290502,0.5224719101123596,0.45251396648044695,0.3843449877597138,0.06995794363191266,-0.2556336702027493,0.8,0.6,0.20000000000000007,0,1,0.5440053408348801
1.5714285714285714,1.631336405529954,0.48847926267281105,0.576036866359447,-0.05990783410138256,-0.0875576036866359,-0.31336405529953915,0.4,0.6,-0.19999999999999996,0,0,0.3940165489104979
1.0,2.0,0.39285714285714285,0.6631578947368421,-1.0,-0.2703007518796992,-0.16165413533834583,0.4,0.8,-0.4,0,0,0.2053648440343729
1.712707182320442,1.288888888888889,0.6022099447513812,0.5,0.4238182934315531,0.10220994475138123,-0.21988950276243102,0.8,0.4,0.4,0,1,0.5666155259754304
1.1495327102803738,1.1914893617021276,0.4392523364485981,0.425531914893617,-0.041956651421753755,0.0137204215549811,0.1116855571021409,0.4,0.4,0.0,1,0,0.4533368011519513
1.2485207100591715,1.2321428571428572,0.4319526627218935,0.4642857142857143,0.01637785291631433,-0.032333051563820825,-0.027578191039729694,0.4,0.8,-0.4,0,0,0.4255403921721771
1.411764705882353,1.145985401459854,0.23529411764705882,0.44525547445255476,0.265779304422499,-0.20996135680549594,-0.2593387720051523,0.2,0.6,-0.39999999999999997,1,0,0.44144382655890413
1.1626016260162602,1.5203252032520325,0.5040650406504065,0.6341463414634146,-0.3577235772357723,-0.13008130081300817,-0.3170731707317074,0.2,0.8,-0.6000000000000001,0,0,0.2966821599484843
1.1932367149758454,1.0,0.4782608695652174,0.39285714285714285,0.19323671497584538,0.08540372670807456,0.04856797791580414,0.6,0.4,0.19999999999999996,1,1,0.5177106554186404
0.6111111111111112,1.2777777777777777,0.3333333333333333,0.3888888888888889,-0.6666666666666665,-0.05555555555555558,0.05555555555555558,0.4,0.4,0.0,1,0,0.3019865972883001
1.3043478260869565,0.8761061946902655,0.34782608695652173,0.3008849557522124,0.428241631396691,0.046941131204309317,0.5856098499422855,0.6,0.0,0.6,1,1,0.650429086606806
1.677685950413223,1.2892561983471074,0.6694214876033058,0.4628099173553719,0.38842975206611574,0.20661157024793386,0.1570247933884299,0.8,0.6,0.20000000000000007,0,1,0.597520225401228
1.0133333333333334,1.2202643171806167,0.41333333333333333,0.4669603524229075,-0.20693098384728326,-0.05362701908957418,-0.08117474302496341,0.2,0.4,-0.2,0,0,0.3740592200355423
1.0769230769230769,1.4615384615384615,0.38461538461538464,0.38461538461538464,-0.3846153846153846,0.0,0.15384615384615397,0.8,0.6,0.20000000000000007,0,0,0.3996221661851656
1.6407766990291262,2.703883495145631,0.5679611650485437,0.7912621359223301,-1.0631067961165048,-0.22330097087378642,-0.23786407766990303,0.4,1.0,-0.6,0,0,0.19865721252732957
0.927007299270073,2.0875912408759123,0.30656934306569344,0.7445255474452555,-1.1605839416058394,-0.437956204379562,-0.5985401459854015,0.4,1.0,-0.6,0,0,0.14091349179336501
0.9661016949152542,0.7142857142857143,0.2542372881355932,0.19047619047619047,0.2518159806295399,0.06376109765940274,-0.49394673123486665,0.4,0.2,0.2,0,0,0.46091381492799477
1.4,2.142857142857143,0.5857142857142857,0.7714285714285715,-0.7428571428571429,-0.18571428571428572,-0.557142857142857,1.0,0.8,0.19999999999999996,0,0,0.2542552715428442
1.1875,1.4814814814814814,0.4375,0.46296296296296297,-0.2939814814814814,-0.025462962962962965,0.3773148148148149,0.6,0.2,0.39999999999999997,1,0,0.45309612271227656
0.8333333333333334,2.5714285714285716,0.0,0.14285714285714285,-1.7380952380952381,-0.14285714285714285,0.0714285714285714,0.0,0.0,0.0,0,0,0.1502864433697594
1.0,1.6336633663366336,0.25396825396825395,0.5544554455445545,-0.6336633663366336,-0.30048719157630055,-0.5758290114725759,0.4,0.6,-0.19999999999999996,1,0,0.23421859392315292
0.14285714285714285,1.4666666666666666,0.14285714285714285,0.4888888888888889,-1.3238095238095238,-0.346031746031746,0.14603174603174618,0.0,0.6,-0.6,0,0,0.15709240051723394
1.5520833333333333,0.85,0.5520833333333334,0.15,0.7020833333333333,0.40208333333333335,0.029166666666666785,0.8,0.4,0.4,1,1,0.6732000207497075
0.8636363636363636,0.9545454545454546,0.3181818181818182,0.2727272727272727,-0.09090909090909094,0.04545454545454547,0.590909090909091,0.6,0.2,0.39999999999999997,1,1,0.5189169225772733
1.702127659574468,1.4680851063829787,0.6595744680851063,0.46808510638297873,0.23404255319148937,0.1914893617021276,0.45744680851063846,0.8,0.6,0.20000000000000007,0,1,0.5985322350386161
0.7,1.3059701492537314,0.25,0.43283582089552236,-0.6059701492537315,-0.18283582089552236,0.1723880597014924,0.4,0.2,0.2,1,0,0.32774483374826013
1.065217391304348,0.8913043478260869,0.4782608695652174,0.34782608695652173,0.17391304347826098,0.13043478260869568,0.34782608695652173,0.6,0.2,0.39999999999999997,0,1,0.5594415435737404
1.304,1.2816326530612245,0.504,0.46530612244897956,0.022367346938775512,0.03869387755102044,0.13975510204081631,0.8,0.4,0.4,1,1,0.5041724326210524
1.6509090909090909,1.2990196078431373,0.5163636363636364,0.4117647058823529,0.3518894830659536,0.10459893048128344,0.11928698752228173,0.4,0.4,0.0,1,1,0.5625242084496644
1.7115384615384615,1.8173076923076923,0.5384615384615384,0.5673076923076923,-0.10576923076923084,-0.028846153846153855,-0.13461538461538458,0.8,0.4,0.4,0,0,0.452385968027338
1.0303030303030303,0.9908256880733946,0.3939393939393939,0.41284403669724773,0.039477342229635726,-0.018904642757853807,0.15401723658604394,0.6,0.4,0.19999999999999996,0,0,0.4825458460393844
1.3529411764705883,2.1176470588235294,0.29411764705882354,0.47058823529411764,-0.7647058823529411,-0.1764705882352941,-1.058823529411765,0.4,0.4,0.0,0,0,0.20220247038562197
1.013157894736842,1.6798245614035088,0.40789473684210525,0.6491228070175439,-0.6666666666666667,-0.24122807017543862,-0.3070175438596492,0.2,0.8,-0.6000000000000001,0,0,0.2352152122610367
1.2278481012658229,1.2125,0.5253164556962026,0.425,0.015348101265822978,0.10031645569620257,0.24248417721518978,0.8,0.8,0.0,1,0,0.49401493569042815
1.7064220183486238,1.3571428571428572,0.5412844036697247,0.21428571428571427,0.34927916120576663,0.32699868938401044,0.16579292267365653,0.8,0.2,0.6000000000000001,0,1,0.6282007105114775
1.527027027027027,1.0954545454545455,0.5855855855855856,0.37727272727272726,0.4315724815724815,0.20831285831285834,0.24258804258804267,0.4,0.0,0.4,1,1,0.6198819626402301
1.5320512820512822,1.0714285714285714,0.5705128205128205,0.2619047619047619,0.46062271062271076,0.30860805860805857,0.6446886446886448,0.4,0.2,0.2,1,1,0.6666898453806827
1.6153846153846154,0.9230769230769231,0.46153846153846156,0.23076923076923078,0.6923076923076923,0.23076923076923078,0.6923076923076923,0.6,0.4,0.19999999999999996,1,1,0.7127124294441324
0.8333333333333334,0.3333333333333333,0.0,0.0,0.5,0.0,0.6666666666666665,0.0,0.0,0.0,0,1,0.6220218208582788
1.346774193548387,1.4,0.4838709677419355,0.3,-0.0532258064516129,0.1838709677419355,0.217741935483871,0.6,0.6,0.0,1,0,0.4882614188508679
0.5,0.7,0.1,0.1,-0.19999999999999996,0.0,0.40000000000000013,0.2,0.0,0.2,0,0,0.44571991011810497
1.536,1.384,0.536,0.472,0.15200000000000014,0.06400000000000006,0.21599999999999997,0.6,0.8,-0.20000000000000007,0,1,0.5130490400620064
1.3577235772357723,1.8699186991869918,0.45528455284552843,0.6747967479674797,-0.5121951219512195,-0.21951219512195125,-0.39837398373983735,0.2,0.4,-0.2,1,0,0.2804448416874477
1.2181818181818183,1.6595744680851063,0.32727272727272727,0.574468085106383,-0.4413926499032881,-0.24719535783365576,-0.3752417794970986,0.2,0.8,-0.6000000000000001,0,0,0.2717154198315277
1.34,1.1158536585365855,0.4,0.43902439024390244,0.2241463414634146,-0.03902439024390242,-0.27439024390243905,0.4,1.0,-0.6,0,0,0.432700356960923
1.4495412844036697,1.7844036697247707,0.481651376146789,0.5275229357798165,-0.334862385321101,-0.04587155963302747,0.20642201834862384,0.6,0.2,0.39999999999999997,0,0,0.43133443086746215
1.0,1.0574324324324325,0.3793103448275862,0.44594594594594594,-0.057432432432432456,-0.06663560111835976,0.25605778191985085,0.2,0.8,-0.6000000000000001,0,0,0.4176158362596702
1.326086956521739,1.065217391304348,0.43478260869565216,0.30434782608695654,0.26086956521739113,0.13043478260869562,0.26086956521739135,0.4,0.8,-0.4,1,1,0.5290992418700531
1.8352941176470587,0.8888888888888888,0.7058823529411765,0.0,0.9464052287581699,0.7058823529411765,0.5098039215686274,0.4,0.0,0.4,0,1,0.7832794728749203
1.2032085561497325,1.7533333333333334,0.42245989304812837,0.5833333333333334,-0.5501247771836009,-0.160873440285205,-0.25162210338680935,0.6,0.6,0.0,1,0,0.30168652287018755
1.3839285714285714,1.108974358974359,0.4642857142857143,0.358974358974359,0.27495421245421237,0.10531135531135533,0.18681318681318682,0.6,0.2,0.39999999999999997,1,1,0.5711600824050354
0.9381443298969072,1.273170731707317,0.30927835051546393,0.4634146341463415,-0.3350264018104099,-0.15413628363087756,-0.32542117173749063,0.6,0.2,0.39999999999999997,0,0,0.3496271552593752
1.265625,2.085,0.4296875,0.745,-0.819375,-0.3153125,-0.17062500000000003,0.4,0.8,-0.4,0,0,0.23356733776181393
1.7884615384615385,0.8666666666666667,0.6153846153846154,0.13333333333333333,0.9217948717948719,0.4820512820512821,0.9333333333333333,0.6,0.2,0.39999999999999997,1,1,0.7981493747522974
1.7078651685393258,1.2584269662921348,0.4606741573033708,0.38202247191011235,0.449438202247191,0.07865168539325845,-0.1910112359550562,0.4,0.6,-0.19999999999999996,0,1,0.5367759764233099
1.2486187845303867,1.0552486187845305,0.4972375690607735,0.39779005524861877,0.1933701657458562,0.09944751381215472,0.2762430939226519,0.0,0.4,-0.4,0,1,0.5054163801722656
1.3506493506493507,1.1025641025641026,0.4675324675324675,0.34615384615384615,0.248085248085248,0.12137862137862138,0.03846153846153855,0.0,0.6,-0.6,1,0,0.48452712253845415
1.7586206896551724,1.3793103448275863,0.6896551724137931,0.5517241379310345,0.3793103448275861,0.13793103448275867,0.3793103448275862,1.0,0.6,0.4,1,1,0.6284240850766762
1.143884892086331,1.041860465116279,0.4676258992805755,0.40930232558139534,0.10202442697005187,0.058323573699180176,-0.03202275388991116,0.8,0.6,0.20000000000000007,1,0,0.4868555922150261
1.07,1.1451612903225807,0.42,0.5645161290322581,-0.07516129032258068,-0.14451612903225813,-0.29387096774193555,0.4,0.8,-0.4,0,0,0.36139518065406534
1.5958333333333334,0.9888888888888889,0.6791666666666667,0.4222222222222222,0.6069444444444445,0.2569444444444445,0.4722222222222222,0.8,0.8,0.0,1,1,0.6650285547342666
1.1358024691358024,1.4,0.4074074074074074,0.0,-0.2641975308641975,0.4074074074074074,0.12839506172839488,0.6,0.0,0.6,1,0,0.48581710283316903
1.4871794871794872,1.051948051948052,0.4358974358974359,0.4675324675324675,0.43523143523143526,-0.03163503163503162,-0.3949383949383949,0.6,0.6,0.0,0,1,0.5058254318190784
2.0,1.2,0.3333333333333333,0.1,0.8,0.2333333333333333,0.5222222222222223,0.0,0.2,-0.2,1,1,0.7047536017098779
1.1711229946524064,1.0571428571428572,0.5026737967914439,0.2,0.11398013750954927,0.30267379679144385,0.6432391138273492,0.2,0.0,0.2,0,1,0.5849904088423004
1.1494252873563218,1.100418410041841,0.41379310344827586,0.4686192468619247,0.049006877314480723,-0.05482614341364883,-0.3686336747944021,0.6,0.6,0.0,0,0,0.41400815287208365
1.4915254237288136,1.3728813559322033,0.5423728813559322,0.4915254237288136,0.1186440677966103,0.05084745762711862,0.06779661016949146,0.8,0.2,0.6000000000000001,1,1,0.5351134337020815
1.7732558139534884,2.0963855421686746,0.6104651162790697,0.7771084337349398,-0.32312972821518615,-0.16664331745587002,-0.377977024376576,0.8,0.4,0.4,0,0,0.36803385782297326
1.2926829268292683,1.1590909090909092,0.43902439024390244,0.29545454545454547,0.13359201773835916,0.14356984478935697,0.16962305986696236,0.4,0.2,0.2,1,1,0.527152192642097
1.788888888888889,1.3232323232323233,0.6,0.45454545454545453,0.46565656565656566,0.14545454545454545,0.02188552188552184,0.4,0.6,-0.19999999999999996,1,1,0.5708305876421569
1.0483870967741935,1.6710526315789473,0.3548387096774194,0.6907894736842105,-0.6226655348047538,-0.33595076400679114,-0.6069609507640067,0.2,0.8,-0.6000000000000001,1,0,0.21280320358745328
0.85,1.25,0.2,0.4,-0.4,-0.2,-0.7,0.2,0.8,-0.6000000000000001,0,0,0.245925146765038
1.562043795620438,1.2481751824817517,0.5328467153284672,0.4306569343065693,0.3138686131386863,0.10218978102189785,0.06569343065693434,0.4,0.6,-0.19999999999999996,0,1,0.5331147772504353
1.489451476793249,1.2826086956521738,0.5654008438818565,0.34782608695652173,0.20684278114107513,0.2175747569253348,0.31948266373142564,0.6,0.4,0.19999999999999996,1,1,0.5730532912469218
1.0,1.25,0.25,0.25,-0.25,0.0,-0.75,0.0,0.0,0.0,0,0,0.3135421307098965
1.3591160220994476,1.2651933701657458,0.574585635359116,0.44751381215469616,0.09392265193370175,0.12707182320441984,0.270718232044199,0.4,0.4,0.0,0,1,0.5162540992263217
1.7486338797814207,1.2152777777777777,0.6338797814207651,0.4583333333333333,0.533356102003643,0.17554644808743175,0.19376138433515488,0.2,0.6,-0.39999999999999997,1,1,0.5914537435919112
1.3478260869565217,1.28,0.21739130434782608,0.4857142857142857,0.0678260869565217,-0.2683229813664596,-0.3836024844720498,0.0,0.4,-0.4,0,0,0.37770009643604296
1.8265306122448979,1.25,0.5867346938775511,0.4274193548387097,0.5765306122448979,0.15931533903884137,-0.020408163265306145,0.6,0.6,0.0,1,1,0.6052011785778827
1.6666666666666667,1.25,0.25,0.25,0.41666666666666674,0.0,0.08333333333333326,0.4,0.6,-0.19999999999999996,1,1,0.5559583301680218
1.0666666666666667,2.227272727272727,0.26666666666666666,0.7727272727272727,-1.1606060606060604,-0.5060606060606061,-0.8212121212121212,0.6,0.8,-0.20000000000000007,0,0,0.14037508580646493
1.2131147540983607,1.5901639344262295,0.3442622950819672,0.5409836065573771,-0.3770491803278688,-0.1967213114754099,-0.49180327868852447,0.4,0.2,0.2,1,0,0.31661085312393583
2.014760147601476,1.167381974248927,0.7011070110701108,0.41201716738197425,0.8473781733525487,0.2890898436881365,0.4690939613258793,1.0,0.6,0.4,0,1,0.7428064830222797
1.2464788732394365,1.7862068965517242,0.5211267605633803,0.6689655172413793,-0.5397280233122876,-0.14783875667799906,-0.09946576007770758,0.4,0.6,-0.19999999999999996,0,0,0.3072493296503155
1.0,1.0,0.4117647058823529,0.3617021276595745,0.0,0.05006257822277843,-0.13967459324155196,0.2,0.8,-0.6000000000000001,0,0,0.3966316255240603
1.5,1.5412844036697249,0.6636363636363637,0.6055045871559633,-0.041284403669724856,0.058131776480400355,-0.02035029190992499,0.6,0.4,0.19999999999999996,0,0,0.4641268186456985
1.0058479532163742,1.2777777777777777,0.42105263157894735,0.2222222222222222,-0.27192982456140347,0.19883040935672514,0.6140350877192982,0.8,0.4,0.4,0,1,0.5036076633937486
1.2514619883040936,1.3976608187134503,0.5087719298245614,0.5789473684210527,-0.14619883040935666,-0.07017543859649122,-0.040935672514619936,0.6,0.4,0.19999999999999996,0,0,0.42156219713095033
1.1162790697674418,1.0116279069767442,0.43023255813953487,0.3023255813953488,0.10465116279069764,0.12790697674418605,0.2325581395348837,0.6,0.4,0.19999999999999996,0,1,0.5225936119678894
1.2727272727272727,0.979757085020243,0.44976076555023925,0.3319838056680162,0.29297018770702976,0.11777695988222303,0.09311740890688247,0.4,0.2,0.2,1,1,0.5485495304883318
1.0827586206896551,1.0226244343891402,0.31724137931034485,0.39819004524886875,0.060134186300514925,-0.0809486659385239,-0.3162427835855828,0.2,0.0,0.2,0,0,0.42692129721511624
1.375,1.5714285714285714,0.5044642857142857,0.5401785714285714,-0.1964285714285714,-0.0357142857142857,-0.12053571428571419,0.6,0.8,-0.20000000000000007,1,0,0.3874619473173962
1.4535714285714285,1.1,0.5785714285714286,0.45555555555555555,0.3535714285714284,0.12301587301587308,0.1162698412698413,0.8,0.4,0.4,0,1,0.58328304371728
1.6688311688311688,1.78125,0.5974025974025974,0.60625,-0.11241883116883122,-0.008847402597402576,0.14707792207792214,0.6,1.0,-0.4,0,0,0.4335370985478191
1.2352941176470589,1.2352941176470589,0.35294117647058826,0.35294117647058826,0.0,0.0,-0.11764705882352944,0.6,0.6,0.0,1,0,0.44157992281081193
1.0227272727272727,1.048780487804878,0.29545454545454547,0.4634146341463415,-0.026053215077605385,-0.16796008869179602,-0.2577605321507761,0.6,0.4,0.19999999999999996,1,0,0.40918978589253413
1.2972972972972974,0.8378378378378378,0.5405405405405406,0.35135135135135137,0.45945945945945954,0.1891891891891892,-0.16216216216216206,0.6,0.8,-0.20000000000000007,0,1,0.5394245971008242
1.123076923076923,1.4638297872340424,0.3076923076923077,0.4808510638297872,-0.34075286415711936,-0.1731587561374795,-0.42258592471358436,0.2,0.2,0.0,0,0,0.318243532298979
1.0389610389610389,1.3076923076923077,0.4805194805194805,0.5641025641025641,-0.26873126873126885,-0.08358308358308358,-0.14319014319014323,0.8,0.8,0.0,0,0,0.36837056837482546
1.4918032786885247,1.441860465116279,0.4426229508196721,0.4844961240310077,0.049942813572245726,-0.0418731732113356,0.03799720421908748,0.6,0.2,0.39999999999999997,0,0,0.4960533294020891
1.6962025316455696,1.0632911392405062,0.569620253164557,0.379746835443038,0.6329113924050633,0.189873417721519,0.2911392405063291,0.6,0.6,0.0,0,1,0.6486487655710567
1.6129032258064515,1.3870967741935485,0.5806451612903226,0.45161290322580644,0.22580645161290303,0.12903225806451618,-0.16129032258064513,0.8,0.4,0.4,1,1,0.5313537463153675
1.0,1.3641025641025641,0.0,0.47692307692307695,-0.36410256410256414,-0.47692307692307695,-0.1282051282051282,0.0,0.2,-0.2,1,0,0.306234204364398
1.128,1.1840490797546013,0.416,0.4294478527607362,-0.05604907975460138,-0.013447852760736234,-0.11749693251533744,0.2,0.6,-0.39999999999999997,1,0,0.39693215662893727
1.131578947368421,1.1578947368421053,0.2631578947368421,0.39473684210526316,-0.026315789473684292,-0.13157894736842107,-0.3947368421052633,0.4,0.6,-0.19999999999999996,0,0,0.37765896033602087
1.293103448275862,1.5,0.4827586206896552,0.3991228070175439,-0.2068965517241379,0.08363581367211131,0.23714458560193585,0.2,0.2,0.0,1,0,0.4420658659112858
1.7536945812807883,1.2195121951219512,0.6305418719211823,0.4573170731707317,0.5341823861588371,0.17322479875045055,0.16811846689895482,0.8,0.2,0.6000000000000001,0,1,0.6498965307193804
1.5420168067226891,1.0210084033613445,0.592436974789916,0.41596638655462187,0.5210084033613447,0.1764705882352941,0.12184873949579833,0.6,0.4,0.19999999999999996,0,1,0.6127726874510274
1.523076923076923,1.1538461538461537,0.5538461538461539,0.3384615384615385,0.36923076923076925,0.2153846153846154,0.7692307692307692,0.6,0.0,0.6,1,1,0.6762909481656951
0.9516129032258065,1.2616822429906542,0.43548387096774194,0.42990654205607476,-0.31006933976484774,0.005577328911667179,0.21947542960506494,0.8,0.2,0.6000000000000001,0,0,0.4405453870044339
0.8275862068965517,1.8855421686746987,0.3620689655172414,0.5843373493975904,-1.057955961778147,-0.22226838388034903,-0.25135022850020783,0.2,0.2,0.0,0,0,0.20447168751534617
1.6587301587301588,1.3492063492063493,0.5634920634920635,0.4523809523809524,0.30952380952380953,0.1111111111111111,0.04761904761904745,0.6,0.4,0.19999999999999996,0,1,0.5591057447834151
1.6938775510204083,0.9090909090909091,0.48299319727891155,0.0,0.7847866419294992,0.48299319727891155,-0.0828695114409399,0.6,0.0,0.6,1,1,0.6984405635809773
1.8048780487804879,1.95,0.7317073170731707,0.625,-0.1451219512195121,0.10670731707317072,0.3652439024390244,0.8,0.8,0.0,1,0,0.49041490975534074
1.047337278106509,1.4082840236686391,0.40236686390532544,0.5798816568047337,-0.36094674556213024,-0.17751479289940825,-0.319526627218935,0.6,0.4,0.19999999999999996,0,0,0.3341666753557348
1.3904109589041096,1.6232876712328768,0.5616438356164384,0.6232876712328768,-0.23287671232876717,-0.06164383561643838,-0.041095890410958846,0.4,0.2,0.2,1,0,0.40625474711596476
1.9444444444444444,1.037037037037037,0.6666666666666666,0.35185185185185186,0.9074074074074074,0.31481481481481477,0.4444444444444444,0.6,0.4,0.19999999999999996,1,1,0.7390434387242477
1.125,1.8620689655172413,0.22916666666666666,0.6810344827586207,-0.7370689655172413,-0.45186781609195403,-1.0050287356321839,0.4,0.8,-0.4,0,0,0.1739206230333037
1.4027149321266967,2.774410774410774,0.4751131221719457,0.8653198653198653,-1.3716958422840775,-0.3902067431479196,-0.6542955954720661,0.2,0.8,-0.6000000000000001,1,0,0.12471211593430288
1.3825503355704698,1.9966777408637875,0.5033557046979866,0.6976744186046512,-0.6141274052933177,-0.19431871390666455,-0.18453031282748789,0.8,1.0,-0.19999999999999996,1,0,0.28950600178318914
1.4432432432432432,1.3135135135135134,0.5621621621621622,0.4972972972972973,0.12972972972972974,0.06486486486486487,0.016216216216216273,0.8,0.8,0.0,0,0,0.4955693027561136
1.4074074074074074,1.5185185185185186,0.5185185185185185,0.4074074074074074,-0.11111111111111116,0.1111111111111111,0.6296296296296297,1.0,0.6,0.4,1,1,0.544355659576096
1.0970873786407767,0.9849624060150376,0.33980582524271846,0.37593984962406013,0.11212497262573906,-0.03613402438134167,-0.012409664939046605,0.2,0.4,-0.2,0,0,0.453276522648835
1.9767441860465116,1.4285714285714286,0.6976744186046512,0.40476190476190477,0.548172757475083,0.2929125138427464,0.6616832779623477,0.8,0.4,0.4,1,1,0.7074897307022583
1.0918367346938775,1.764,0.32653061224489793,0.628,-0.6721632653061225,-0.30146938775510207,-0.15053061224489794,0.4,0.8,-0.4,1,0,0.256549080703339
1.6153846153846154,1.0576923076923077,0.38461538461538464,0.28846153846153844,0.5576923076923077,0.0961538461538462,0.21153846153846145,0.6,0.0,0.6,1,1,0.6503283002393968
1.8627450980392157,1.1568627450980393,0.6470588235294118,0.27450980392156865,0.7058823529411764,0.37254901960784315,0.9215686274509803,0.4,0.4,0.0,1,1,0.7401355544999448
2.2016129032258065,1.5161290322580645,0.7258064516129032,0.5483870967741935,0.685483870967742,0.17741935483870974,0.08870967741935476,0.8,0.6,0.20000000000000007,1,1,0.6620923323745208
1.1818181818181819,1.01840490797546,0.2727272727272727,0.4294478527607362,0.16341327384272186,-0.1567205800334635,-0.11210262130507509,0.4,0.8,-0.4,1,0,0.4352158143547055
0.9047619047619048,0.9555555555555556,0.14285714285714285,0.32592592592592595,-0.050793650793650835,-0.1830687830687831,-0.032804232804232614,0.2,0.2,0.0,1,0,0.4113884274686064
1.1294117647058823,1.128654970760234,0.40588235294117647,0.5321637426900585,0.0007567939456483153,-0.12628138974888203,-0.2830753353973168,0.4,0.8,-0.4,1,0,0.38155450374353356
1.15,1.2696629213483146,0.25,0.3146067415730337,-0.11966292134831469,-0.0646067415730337,0.26629213483146064,0.4,0.4,0.0,1,0,0.4505385937639111
1.9935064935064934,1.0930232558139534,0.7402597402597403,0.3488372093023256,0.90048323769254,0.3914225309574147,0.7947749924494111,0.6,0.4,0.19999999999999996,0,1,0.7733161854626276
1.9037037037037037,1.198019801980198,0.674074074074074,0.40594059405940597,0.7056839017235057,0.2681334800146681,0.7102310231023101,1.0,0.6,0.4,1,1,0.7366521298975087
1.375,0.625,0.4375,0.125,0.75,0.3125,0.375,0.4,0.4,0.0,1,1,0.6812423649745264
1.4,2.005524861878453,0.36666666666666664,0.6685082872928176,-0.605524861878453,-0.301841620626151,-0.821731123388582,0.6,0.6,0.0,1,0,0.23645543963168875
1.0,1.069767441860465,0.3488372093023256,0.4418604651162791,-0.06976744186046502,-0.09302325581395349,-0.023255813953488413,0.2,0.6,-0.39999999999999997,0,0,0.3937320187266168
1.0,0.9090909090909091,0.4090909090909091,0.13636363636363635,0.09090909090909094,0.27272727272727276,0.7272727272727273,0.2,0.0,0.2,1,1,0.5826954611792675
1.163265306122449,1.3181818181818181,0.3979591836734694,0.3181818181818182,-0.15491651205936918,0.07977736549165121,0.23376623376623362,0.4,0.2,0.2,0,0,0.463152007579064
1.6774193548387097,1.2096774193548387,0.532258064516129,0.3548387096774194,0.467741935483871,0.17741935483870963,0.4838709677419355,0.8,0.4,0.4,1,1,0.6589491153160179
2.0,2.9583333333333335,0.5,0.7083333333333334,-0.9583333333333335,-0.20833333333333337,-0.6249999999999999,0.4,0.8,-0.4,1,0,0.20209161799458417
1.2459016393442623,1.3478260869565217,0.4426229508196721,0.42028985507246375,-0.10192444761225938,0.022333095747208376,0.3271560940841054,0.4,0.4,0.0,0,0,0.469294939400286
1.2647058823529411,1.911764705882353,0.4264705882352941,0.6911764705882353,-0.6470588235294119,-0.2647058823529412,-0.6911764705882353,0.8,0.8,0.0,0,0,0.24071790571026502
1.4210526315789473,1.15,0.5350877192982456,0.3625,0.27105263157894743,0.17258771929824562,0.4146929824561405,0.8,0.0,0.8,1,1,0.6262942203800018
1.5941176470588236,1.0529411764705883,0.6058823529411764,0.43529411764705883,0.5411764705882354,0.1705882352941176,0.23529411764705888,0.6,1.0,-0.4,1,1,0.5963028500669229
1.4318181818181819,0.9555555555555556,0.5227272727272727,0.35555555555555557,0.4762626262626263,0.16717171717171714,0.35404040404040416,0.6,0.4,0.19999999999999996,0,1,0.6256866531281302
1.3583333333333334,1.0666666666666667,0.4583333333333333,0.375,0.29166666666666674,0.08333333333333331,-0.2333333333333334,0.2,0.4,-0.2,1,0,0.4848719233229768
1.1126760563380282,1.024390243902439,0.38028169014084506,0.3902439024390244,0.0882858124355892,-0.00996221229817934,0.05599450360700797,0.2,0.4,-0.2,1,0,0.45835348427351685
1.325,1.4427860696517414,0.49,0.4975124378109453,-0.11778606965174143,-0.007512437810945294,0.03845771144278598,0.8,0.6,0.20000000000000007,0,0,0.4475539458890542
1.2352941176470589,1.5294117647058822,0.5294117647058824,0.5,-0.2941176470588234,0.02941176470588236,0.38235294117647056,0.6,0.4,0.19999999999999996,0,0,0.4472420945643997
0.8888888888888888,1.2136752136752136,0.2905982905982906,0.47863247863247865,-0.32478632478632474,-0.18803418803418803,0.05128205128205132,0.6,0.6,0.0,0,0,0.36505605368323496
2.11340206185567,1.1313131313131313,0.7731958762886598,0.5151515151515151,0.9820889305425389,0.2580443611371447,0.2568988857648652,0.6,0.8,-0.20000000000000007,1,1,0.7141608884741713
1.626865671641791,1.1791044776119404,0.6567164179104478,0.4925373134328358,0.4477611940298507,0.16417910447761197,0.4776119402985074,0.4,0.0,0.4,0,1,0.6456516716828145
1.1666666666666667,2.142857142857143,0.16666666666666666,0.0,-0.976190476190476,0.16666666666666666,0.3571428571428572,0.0,0.0,0.0,0,0,0.31092957975828195
1.4202127659574468,0.8666666666666667,0.48404255319148937,0.3466666666666667,0.5535460992907801,0.1373758865248227,0.10780141843971647,0.4,0.4,0.0,0,1,0.5989969794448157
1.0,1.1157894736842104,0.3442622950819672,0.42105263157894735,-0.11578947368421044,-0.07679033649698014,-0.2310612597066437,0.2,0.2,0.0,0,0,0.38598453212148043
2.754032258064516,1.5725806451612903,0.7943548387096774,0.5403225806451613,1.1814516129032258,0.2540322580645161,0.3024193548387095,0.8,0.8,0.0,1,1,0.7767652232326816
1.84375,1.96875,0.65625,0.78125,-0.125,-0.125,-0.375,0.8,0.6,0.20000000000000007,1,0,0.4024519952114358
1.3,1.391566265060241,0.3,0.5,-0.0915662650602409,-0.2,0.20481927710843384,0.2,0.6,-0.39999999999999997,0,0,0.41490793227474715
1.1886792452830188,0.8695652173913043,0.44025157232704404,0.34782608695652173,0.3191140278917145,0.09242548537052231,0.18785890073831024,0.4,0.8,-0.4,1,1,0.5243267253066539
1.3333333333333333,1.2525252525252526,0.41414141414141414,0.47474747474747475,0.08080808080808066,-0.06060606060606061,-0.101010101010101,0.8,0.2,0.6000000000000001,0,0,0.4936452402812626
1.7075471698113207,1.8962264150943395,0.660377358490566,0.7075471698113207,-0.18867924528301883,-0.047169811320754707,0.018867924528301883,0.6,1.0,-0.4,1,0,0.399782024068977
2.75,1.4075630252100841,0.8623188405797102,0.5462184873949579,1.3424369747899159,0.31610035318475227,0.4689136524174887,0.8,0.6,0.20000000000000007,1,1,0.8214077750461125
0.9166666666666666,2.0,0.3333333333333333,0.4166666666666667,-1.0833333333333335,-0.08333333333333337,0.5,0.6,0.8,-0.20000000000000007,0,0,0.26961727816268155
0.9547738693467337,0.9748743718592965,0.37185929648241206,0.36180904522613067,-0.02010050251256279,0.010050251256281395,-0.27638190954773867,0.6,0.2,0.39999999999999997,0,0,0.4337298575163247
1.349056603773585,1.0610328638497653,0.5141509433962265,0.4507042253521127,0.2880237399238197,0.06344671804411378,-0.147222960403933,0.8,0.8,0.0,0,1,0.508084497241495
2.2413793103448274,1.0344827586206897,0.6379310344827587,0.41379310344827586,1.2068965517241377,0.22413793103448282,0.13793103448275867,0.8,0.4,0.4,1,1,0.7715587069144165
1.3142857142857143,1.233009708737864,0.49142857142857144,0.4174757281553398,0.0812760055478503,0.07395284327323165,-0.130984743411928,0.2,0.6,-0.39999999999999997,0,0,0.43723276074474793
1.108695652173913,1.0434782608695652,0.3695652173913043,0.391304347826087,0.0652173913043479,-0.02173913043478265,-0.04347826086956519,0.6,0.4,0.19999999999999996,1,0,0.4684588438766049
2.430379746835443,1.4113924050632911,0.7341772151898734,0.4873417721518987,1.018987341772152,0.24683544303797472,0.2784810126582278,0.8,0.6,0.20000000000000007,1,1,0.7506639812616894
2.27007299270073,1.5693430656934306,0.7226277372262774,0.4306569343065693,0.7007299270072993,0.29197080291970806,0.6788321167883211,0.8,0.4,0.4,1,1,0.7425142423561553
1.1428571428571428,0.8620689655172413,0.45714285714285713,0.27586206896551724,0.28078817733990147,0.1812807881773399,0.2078817733990148,0.6,0.6,0.0,1,1,0.5510228435364632
1.2019230769230769,1.3173076923076923,0.375,0.4807692307692308,-0.11538461538461542,-0.10576923076923078,-0.39423076923076916,0.4,0.6,-0.19999999999999996,1,0,0.3626280825583285
1.6631016042780749,1.4331550802139037,0.5561497326203209,0.5882352941176471,0.22994652406417115,-0.03208556149732622,0.11229946524064172,0.6,0.8,-0.20000000000000007,0,1,0.5119264807039599
1.632,1.172,0.584,0.428,0.45999999999999996,0.15599999999999997,0.18799999999999994,0.8,0.4,0.4,1,1,0.6218434097882125
1.3313953488372092,1.7093023255813953,0.46511627906976744,0.5813953488372093,-0.37790697674418605,-0.1162790697674419,-0.15697674418604657,0.4,0.8,-0.4,1,0,0.32749634390859034
0.9,0.90625,0.37142857142857144,0.375,-0.006249999999999978,-0.0035714285714285587,-0.2232142857142858,0.4,0.2,0.2,1,0,0.42583326587195947
2.74,1.0402298850574712,0.792,0.41954022988505746,1.699770114942529,0.3724597701149426,0.40354022988505744,0.8,0.6,0.20000000000000007,1,1,0.8614138649478194
1.5333333333333334,0.8444444444444444,0.6095238095238096,0.3333333333333333,0.688888888888889,0.27619047619047626,0.8444444444444444,0.4,0.2,0.2,1,1,0.7234965522861189
1.4096385542168675,1.4280442804428044,0.4457831325301205,0.5055350553505535,-0.018405726225936947,-0.05975192282043307,-0.41661850353443297,0.4,0.2,0.2,0,0,0.4120225662208915
0.7142857142857143,2.142857142857143,0.0,0.2857142857142857,-1.4285714285714284,-0.2857142857142857,-0.4285714285714285,0.0,0.0,0.0,1,0,0.14515460370881025
1.6432748538011697,1.5964912280701755,0.5087719298245614,0.5555555555555556,0.04678362573099415,-0.04678362573099415,-0.3157894736842106,0.6,0.6,0.0,1,0,0.43514239246265873
1.9285714285714286,2.357142857142857,0.35714285714285715,0.6428571428571429,-0.4285714285714286,-0.28571428571428575,-0.8571428571428571,0.8,1.0,-0.19999999999999996,0,0,0.26969708681309534
1.026143790849673,1.065359477124183,0.49673202614379086,0.42483660130718953,-0.03921568627450989,0.07189542483660133,0.39869281045751626,0.6,0.0,0.6,1,1,0.5243227760563649
1.0714285714285714,1.6,0.39285714285714285,0.6055555555555555,-0.5285714285714287,-0.21269841269841266,-0.8349206349206351,0.4,0.6,-0.19999999999999996,1,0,0.23512140701328893
1.5384615384615385,1.3846153846153846,0.5384615384615384,0.34615384615384615,0.15384615384615397,0.1923076923076923,0.11538461538461542,0.8,0.8,0.0,0,1,0.5288620442570818
0.8333333333333334,1.3055555555555556,0.25,0.5555555555555556,-0.4722222222222222,-0.3055555555555556,-0.8055555555555556,0.4,0.2,0.2,0,0,0.2529061650830839
1.2695652173913043,1.1659574468085105,0.5130434782608696,0.4851063829787234,0.1036077705827938,0.027937095282146218,0.0,0.8,0.4,0.4,0,1,0.5029593904556314
1.0458715596330275,1.1126760563380282,0.4954128440366973,0.5352112676056338,-0.06680449670500077,-0.03979842356893648,0.134642718697506,0.6,0.2,0.39999999999999997,1,0,0.4658691487725724
1.1272727272727272,1.4691358024691359,0.38181818181818183,0.522633744855967,-0.3418630751964087,-0.1408155630377852,-0.4292555181444069,0.6,0.4,0.19999999999999996,0,0,0.3328407850500127
1.350210970464135,1.1724137931034482,0.5021097046413502,0.42857142857142855,0.1777971773606868,0.07353827606992164,0.14661927625698912,0.4,0.0,0.4,0,1,0.5391510959222154
1.25,1.1346153846153846,0.38461538461538464,0.2692307692307692,0.11538461538461542,0.11538461538461542,-0.15384615384615374,0.2,0.4,-0.2,0,0,0.4576917677478782
1.0192307692307692,1.216867469879518,0.23076923076923078,0.45180722891566266,-0.19763670064874894,-0.22103799814643188,-0.43790546802595,0.2,0.4,-0.2,0,0,0.32692232008178057
1.0,1.037037037037037,0.4375,0.3148148148148148,-0.03703703703703698,0.12268518518518517,0.6296296296296295,1.0,0.4,0.6,1,1,0.5603623191134107
0.9230769230769231,1.1176470588235294,0.2692307692307692,0.3431372549019608,-0.1945701357466063,-0.07390648567119157,0.06862745098039214,0.2,0.2,0.0,0,0,0.40193268647644753
0.96875,0.875,0.28125,0.3125,0.09375,-0.03125,0.09375,0.4,0.2,0.2,1,0,0.4841895380150338
2.1666666666666665,1.0384615384615385,0.7435897435897436,0.3076923076923077,1.128205128205128,0.4358974358974359,0.782051282051282,0.8,0.0,0.8,1,1,0.8328888522813407
1.4761904761904763,0.9473684210526315,0.2857142857142857,0.2807017543859649,0.5288220551378447,0.005012531328320802,0.47368421052631593,0.4,0.2,0.2,0,1,0.6376229252060767
1.6842105263157894,1.7727272727272727,0.631578947368421,0.7121212121212122,-0.08851674641148333,-0.08054226475279114,-0.3242481203007519,0.6,0.6,0.0,1,0,0.40175278114163937
1.025,1.125,0.3,0.425,-0.10000000000000009,-0.125,-0.42500000000000004,0.2,0.4,-0.2,0,0,0.354552844430023
1.3170731707317074,1.1626016260162602,0.45528455284552843,0.3983739837398374,0.15447154471544722,0.05691056910569103,0.07317073170731714,0.6,0.4,0.19999999999999996,0,1,0.5141942131734839
1.4,2.13125,0.5,0.7875,-0.7312500000000002,-0.2875,-0.36875000000000013,0.2,1.0,-0.8,0,0,0.21720900572120716
1.348936170212766,1.2676579925650557,0.502127659574468,0.4312267657992565,0.08127817764771028,0.07090089377521153,0.2044293284821641,0.6,0.4,0.19999999999999996,0,1,0.515198716805719
1.092485549132948,1.3333333333333333,0.44508670520231214,0.42857142857142855,-0.24084778420038533,0.01651527663088359,0.8871456096889625,0.4,0.4,0.0,1,0,0.4977062347047962
0.9879518072289156,1.115702479338843,0.39759036144578314,0.3884297520661157,-0.1277506721099274,0.00916060937966745,0.05486408443692126,0.6,0.4,0.19999999999999996,0,0,0.43737010555264433
1.3333333333333333,2.9,0.36666666666666664,0.7333333333333333,-1.5666666666666667,-0.36666666666666664,-0.7333333333333334,0.4,1.0,-0.6,0,0,0.10591695245383062
1.088235294117647,1.1013513513513513,0.3235294117647059,0.47297297297297297,-0.013116057233704348,-0.14944356120826707,-0.5838632750397457,0.2,0.4,-0.2,0,0,0.3541018733127733
1.5671641791044777,1.462686567164179,0.5671641791044776,0.5223880597014925,0.10447761194029859,0.04477611940298509,-0.04477611940298498,0.6,0.6,0.0,0,0,0.48344977085960184
1.396694214876033,2.732142857142857,0.5413223140495868,0.7892857142857143,-1.3354486422668241,-0.2479634002361275,-0.24905548996458093,0.4,0.6,-0.19999999999999996,1,0,0.17099169733081193
1.3829787234042554,1.1139240506329113,0.5585106382978723,0.4430379746835443,0.2690546727713441,0.11547266361432801,0.1459736062483168,0.4,0.2,0.2,1,1,0.5507951725940149
1.6822033898305084,1.1625,0.6567796610169492,0.525,0.5197033898305083,0.13177966101694916,0.14925847457627128,0.8,0.4,0.4,0,1,0.6274486150548407
1.0909090909090908,0.9302325581395349,0.22077922077922077,0.20930232558139536,0.16067653276955596,0.01147689519782541,0.11084264572636648,0.0,0.4,-0.4,1,0,0.47097235948965255
2.1379310344827585,1.6363636363636365,0.6206896551724138,0.45454545454545453,0.501567398119122,0.16614420062695928,0.12319749216300946,1.0,0.6,0.4,0,1,0.6416921875014788
1.1666666666666667,1.1111111111111112,0.2777777777777778,0.2222222222222222,0.05555555555555558,0.05555555555555558,0.4444444444444444,0.4,0.2,0.2,0,1,0.5319609075006502
1.131578947368421,1.368421052631579,0.34210526315789475,0.47368421052631576,-0.23684210526315796,-0.13157894736842102,-0.6578947368421052,0.2,0.8,-0.6000000000000001,0,0,0.28753392504771275
1.7312775330396475,1.4241071428571428,0.6299559471365639,0.5491071428571429,0.3071703901825047,0.08084880427942098,-0.12592432347388294,0.4,0.4,0.0,1,1,0.523308733906892
1.5116279069767442,1.4651162790697674,0.4418604651162791,0.3488372093023256,0.04651162790697683,0.09302325581395349,0.18604651162790709,0.6,0.4,0.19999999999999996,0,1,0.5149522538372086
1.0,1.0588235294117647,0.23529411764705882,0.23529411764705882,-0.05882352941176472,0.0,0.0,0.4,0.2,0.2,1,0,0.44656901117060704
1.0,1.1320754716981132,0.40789473684210525,0.39622641509433965,-0.13207547169811318,0.011668321747765609,0.03177755710029784,0.6,0.2,0.39999999999999997,0,0,0.4459538980575699
1.2040816326530612,1.5918367346938775,0.42857142857142855,0.5102040816326531,-0.3877551020408163,-0.08163265306122452,-0.40816326530612246,0.8,0.6,0.20000000000000007,1,0,0.3349666542832732
1.0106382978723405,1.0696202531645569,0.32978723404255317,0.3860759493670886,-0.05898195529221639,-0.05628871532453544,-0.13600861836789657,0.4,0.2,0.2,0,0,0.423994315053839
1.095505617977528,1.050561797752809,0.4438202247191011,0.39325842696629215,0.04494382022471899,0.050561797752808946,-0.005617977528090012,0.6,0.4,0.19999999999999996,0,0,0.4738275553310597
1.162162162162162,1.5466666666666666,0.32432432432432434,0.5466666666666666,-0.3845045045045046,-0.2223423423423423,-0.20864864864864874,0.6,0.6,0.0,0,0,0.331451939628646
1.3595505617977528,1.1923076923076923,0.4943820224719101,0.19230769230769232,0.1672428694900605,0.3020743301642178,0.44425237683664665,0.6,0.0,0.6,1,1,0.6069609761319005
2.0294117647058822,1.0098039215686274,0.6764705882352942,0.4117647058823529,1.0196078431372548,0.26470588235294124,0.303921568627451,1.0,0.4,0.6,1,1,0.7636370221276317
0.4,1.12,0.0,0.44363636363636366,-0.7200000000000001,-0.44363636363636366,-0.23818181818181827,0.0,0.8,-0.8,1,0,0.20069029253386197
0.9333333333333333,1.7666666666666666,0.3,0.6333333333333333,-0.8333333333333333,-0.3333333333333333,-0.3666666666666667,0.8,0.8,0.0,0,0,0.2275208383159623
1.1557377049180328,1.1962025316455696,0.45081967213114754,0.4177215189873418,-0.04046482672753671,0.033098153143805764,0.10219962647852254,0.2,0.4,-0.2,0,0,0.44090084982943445
0.7142857142857143,1.1142857142857143,0.32857142857142857,0.38571428571428573,-0.4,-0.05714285714285716,0.12857142857142856,0.4,0.2,0.2,1,0,0.3736144671412867
1.304,1.1839080459770115,0.416,0.3448275862068966,0.12009195402298856,0.0711724137931034,-0.5991724137931034,0.2,0.6,-0.39999999999999997,1,0,0.3942532658231136
0.8285714285714286,1.0857142857142856,0.2857142857142857,0.5714285714285714,-0.257142857142857,-0.2857142857142857,-0.6285714285714286,0.2,0.6,-0.39999999999999997,0,0,0.27592768916688193
1.0158730158730158,2.1587301587301586,0.42063492063492064,0.7857142857142857,-1.1428571428571428,-0.36507936507936506,-0.6031746031746031,0.4,0.8,-0.4,0,0,0.15251470331128839
1.1666666666666667,1.4285714285714286,0.3333333333333333,0.42857142857142855,-0.26190476190476186,-0.09523809523809523,-0.4017857142857142,0.4,0.8,-0.4,1,0,0.3238607780915704
1.7901234567901234,1.2962962962962963,0.6049382716049383,0.32098765432098764,0.49382716049382713,0.28395061728395066,0.8765432098765431,0.8,0.2,0.6000000000000001,1,1,0.7232281010313516
1.5674157303370786,1.3333333333333333,0.4044943820224719,0.38095238095238093,0.23408239700374533,0.023542001070090968,-0.3076511503477797,0.4,0.2,0.2,0,0,0.4920514553955333
1.2705314009661837,1.110204081632653,0.4492753623188406,0.4775510204081633,0.16032731933353062,-0.028275658089322697,-0.17606230898156383,0.6,0.8,-0.20000000000000007,0,0,0.4532993089541341
0.9636363636363636,1.0909090909090908,0.23636363636363636,0.36363636363636365,-0.1272727272727272,-0.1272727272727273,-0.4727272727272729,0.2,0.0,0.2,0,0,0.36499150875087766
1.69375,1.0875,0.56875,0.40625,0.6062500000000002,0.16249999999999998,-0.08749999999999991,1.0,0.2,0.8,1,1,0.6480664762460894
1.2758620689655173,1.5,0.3620689655172414,0.2727272727272727,-0.22413793103448265,0.08934169278996867,-0.6018808777429467,0.0,0.4,-0.4,0,0,0.32679102377228714
1.0930232558139534,1.6287128712871286,0.3953488372093023,0.5693069306930693,-0.5356896154731752,-0.17395809348376695,-0.2554685701128252,0.4,0.6,-0.19999999999999996,1,0,0.28857631227317826
1.096774193548387,1.4838709677419355,0.2903225806451613,0.41935483870967744,-0.3870967741935485,-0.12903225806451613,-0.2903225806451615,0.6,0.2,0.39999999999999997,0,0,0.35096896877085193
1.1111111111111112,1.5396825396825398,0.3492063492063492,0.5238095238095238,-0.4285714285714286,-0.17460317460317465,-0.4285714285714286,0.2,0.2,0.0,0,0,0.3004961896761822
1.4329896907216495,1.2023809523809523,0.5292096219931272,0.5158730158730159,0.23060873834069717,0.013336606120111227,-0.1964899361806578,0.4,1.0,-0.6,1,0,0.4486073121809773
1.7675675675675675,1.1111111111111112,0.6972972972972973,0.375,0.6564564564564563,0.3222972972972973,0.6420420420420421,0.6,0.2,0.39999999999999997,1,1,0.7193282502871868
0.825,1.225,0.35,0.425,-0.40000000000000013,-0.07500000000000001,-0.44999999999999996,0.4,0.8,-0.4,0,0,0.2857246523228309
1.1304347826086956,1.155844155844156,0.4608695652173913,0.38961038961038963,-0.02540937323546033,0.07125917560700168,0.03783173348390734,0.8,0.8,0.0,0,0,0.4570885158086033
1.1387900355871887,1.164835164835165,0.4199288256227758,0.3956043956043956,-0.026045129247976195,0.024324430018380194,-0.05541433655312655,0.6,0.6,0.0,0,0,0.4408640703962135
1.4736842105263157,2.4342105263157894,0.4868421052631579,0.7105263157894737,-0.9605263157894737,-0.22368421052631576,-0.22368421052631593,0.4,1.0,-0.6,0,0,0.2111895417097529
0.7307692307692307,0.9803921568627451,0.23076923076923078,0.37254901960784315,-0.24962292609351433,-0.14177978883861236,-0.20814479638009042,0.4,0.6,-0.19999999999999996,1,0,0.3404445874377697
1.054054054054054,1.1081081081081081,0.4594594594594595,0.40540540540540543,-0.05405405405405417,0.05405405405405406,0.1351351351351353,0.2,0.2,0.0,1,0,0.4518557953383464
1.5853658536585367,1.5317073170731708,0.44878048780487806,0.4097560975609756,0.0536585365853659,0.039024390243902474,-0.08780487804878034,0.6,0.4,0.19999999999999996,0,0,0.4821102898548113
1.5914893617021277,1.1927710843373494,0.6680851063829787,0.40963855421686746,0.3987182773647784,0.25844655216611123,0.6697769802614715,0.6,0.4,0.19999999999999996,1,1,0.654641690400523
1.1265822784810127,1.2439024390243902,0.4810126582278481,0.5609756097560976,-0.11732016054337757,-0.0799629515282495,-0.22692188947205927,0.8,0.8,0.0,0,0,0.3928796768211038
1.1538461538461537,1.0256410256410255,0.5384615384615384,0.3333333333333333,0.1282051282051282,0.20512820512820512,0.7692307692307693,0.4,0.4,0.0,1,1,0.5813193279565921
0.8461538461538461,1.5631067961165048,0.3076923076923077,0.6116504854368932,-0.7169529499626587,-0.30395817774458544,-0.5698282300224048,0.4,0.6,-0.19999999999999996,0,0,0.21753228671592714
1.1428571428571428,1.509090909090909,0.44,0.509090909090909,-0.36623376623376624,-0.06909090909090904,-0.148051948051948,0.0,0.6,-0.6,0,0,0.31574829254560816
1.3636363636363635,1.9318181818181819,0.375,0.5795454545454546,-0.5681818181818183,-0.20454545454545459,-0.4318181818181819,0.4,0.4,0.0,1,0,0.2816641811875783
0.90625,1.0185185185185186,0.25,0.4444444444444444,-0.1122685185185186,-0.19444444444444442,-0.3032407407407407,0.2,0.6,-0.39999999999999997,1,0,0.34482215188528503
1.2333333333333334,1.0833333333333333,0.36666666666666664,0.4166666666666667,0.15000000000000013,-0.050000000000000044,-0.348611111111111,0.6,1.0,-0.4,0,0,0.41843434271574315
0.7878787878787878,1.4545454545454546,0.18181818181818182,0.6060606060606061,-0.6666666666666667,-0.42424242424242425,-0.5151515151515154,0.4,0.8,-0.4,1,0,0.21309711538302553
0.8928571428571429,1.0384615384615385,0.25,0.36538461538461536,-0.14560439560439564,-0.11538461538461536,-0.32417582417582436,0.0,0.6,-0.6,0,0,0.33086071580512366
1.312849162011173,1.0070921985815602,0.4748603351955307,0.3546099290780142,0.3057569634296129,0.12025040611751653,-0.05685645231586034,0.4,0.4,0.0,0,1,0.5235987290233048
1.125,1.1470588235294117,0.4583333333333333,0.29411764705882354,-0.022058823529411686,0.16421568627450978,0.4558823529411764,0.0,0.4,-0.4,0,0,0.48335050858441203
1.5319148936170213,1.0425531914893618,0.48936170212765956,0.4574468085106383,0.4893617021276595,0.03191489361702127,0.02127659574468077,0.4,0.4,0.0,0,1,0.5693599199422852
1.8333333333333333,1.4333333333333333,0.4,0.5,0.3999999999999999,-0.09999999999999998,-0.033333333333333215,0.6,0.4,0.19999999999999996,1,1,0.5570479443534293
1.7543859649122806,1.08125,0.5921052631578947,0.28125,0.6731359649122806,0.3108552631578947,0.9070175438596493,0.8,0.4,0.4,1,1,0.7477416939551106
1.8360655737704918,1.5901639344262295,0.6885245901639344,0.5573770491803278,0.24590163934426235,0.1311475409836066,0.19672131147540983,0.6,0.8,-0.20000000000000007,0,1,0.5447856089095907
1.1,1.4067796610169492,0.4125,0.5338983050847458,-0.3067796610169491,-0.1213983050847458,-0.04936440677966103,0.4,0.6,-0.19999999999999996,1,0,0.3559973578492126
1.0510204081632653,1.5625,0.45918367346938777,0.6006944444444444,-0.5114795918367347,-0.14151077097505665,-0.0710742630385488,0.2,0.8,-0.6000000000000001,0,0,0.28950512725711197
2.6549295774647885,1.2121212121212122,0.7676056338028169,0.3484848484848485,1.4428083653435764,0.41912078531796837,0.5849338454972257,0.8,0.4,0.4,1,1,0.8517338315468939
1.576271186440678,1.6864406779661016,0.5254237288135594,0.5677966101694916,-0.11016949152542366,-0.0423728813559322,-0.07627118644067776,1.0,0.8,0.19999999999999996,1,0,0.44255952299101214
1.96875,1.71875,0.6875,0.5,0.25,0.1875,0.65625,1.0,0.4,0.6,1,1,0.6545798214018951
0.9117647058823529,1.411764705882353,0.3235294117647059,0.5,-0.5000000000000001,-0.1764705882352941,-0.2941176470588236,0.2,0.6,-0.39999999999999997,0,0,0.27587862833032695
0.9047619047619048,0.8571428571428571,0.2857142857142857,0.3333333333333333,0.04761904761904767,-0.047619047619047616,-0.523809523809524,0.4,0.4,0.0,0,0,0.38990132464439514
1.911764705882353,2.323529411764706,0.5588235294117647,0.6911764705882353,-0.41176470588235303,-0.13235294117647056,0.0,0.4,0.6,-0.19999999999999996,0,0,0.3629025705085794
1.4540229885057472,2.5172413793103448,0.47701149425287354,0.7586206896551724,-1.0632183908045976,-0.28160919540229884,-0.5287356321839081,0.6,0.8,-0.20000000000000007,0,0,0.18729618241907028
1.4709302325581395,2.244186046511628,0.6337209302325582,0.813953488372093,-0.7732558139534884,-0.18023255813953487,-0.2616279069767442,0.8,0.8,0.0,1,0,0.2662265279041199
1.6363636363636365,1.309090909090909,0.6727272727272727,0.45454545454545453,0.3272727272727274,0.2181818181818182,0.34545454545454546,0.8,0.2,0.6000000000000001,1,1,0.6276977259892198
1.2857142857142858,1.1555555555555554,0.3333333333333333,0.4222222222222222,0.13015873015873036,-0.0888888888888889,0.01957671957671958,0.8,0.0,0.8,1,1,0.5268162581239314
0.9951690821256038,1.0865384615384615,0.34299516908212563,0.49038461538461536,-0.09136937941285761,-0.14738944630248973,-0.2136055369751022,0.2,0.0,0.2,0,0,0.39703989731363465
0.9696969696969697,1.6865671641791045,0.3333333333333333,0.582089552238806,-0.7168701944821347,-0.24875621890547267,-0.6232473993668024,0.6,0.4,0.19999999999999996,1,0,0.23785548027997627
1.3205128205128205,1.5769230769230769,0.4230769230769231,0.5,-0.2564102564102564,-0.07692307692307693,-0.3076923076923077,0.4,0.6,-0.19999999999999996,0,0,0.34981252030681687
1.1282051282051282,1.3,0.4358974358974359,0.475,-0.17179487179487185,-0.039102564102564075,0.0211538461538463,0.4,0.8,-0.4,0,0,0.38758047086292724
1.8,0.6,0.0,0.0,1.2000000000000002,0.0,-0.19999999999999996,0.0,0.0,0.0,1,1,0.6967153976788095
1.054054054054054,1.760204081632653,0.3108108108108108,0.6326530612244898,-0.706150027578599,-0.32184225041367903,-0.5697738554881411,0.4,0.8,-0.4,0,0,0.21473364588876295
0.974025974025974,0.8504672897196262,0.37662337662337664,0.3644859813084112,0.12355868430634787,0.012137395314965438,-0.16579682000242757,0.4,0.2,0.2,0,0,0.46354026176729846
1.0319148936170213,0.9763313609467456,0.3617021276595745,0.35502958579881655,0.055583532670275715,0.006672541860757941,-0.2312098703260732,0.4,0.2,0.2,1,0,0.4436000355076475
1.018181818181818,1.2352941176470589,0.43636363636363634,0.5411764705882353,-0.2171122994652408,-0.10481283422459892,-0.1368983957219252,0.8,0.4,0.4,0,0,0.39987486701240604
0.9818181818181818,1.7836734693877552,0.21818181818181817,0.5836734693877551,-0.8018552875695734,-0.36549165120593696,-0.8901669758812616,0.2,0.4,-0.2,0,0,0.18167848354326024
1.1833333333333333,1.4268292682926829,0.4,0.5487804878048781,-0.2434959349593495,-0.14878048780487807,-0.5739837398373984,0.6,0.8,-0.20000000000000007,0,0,0.31662845339023504
1.4890829694323144,1.3036649214659686,0.6244541484716157,0.5392670157068062,0.18541804796634587,0.08518713276480949,0.15793685269439184,1.0,0.2,0.8,0,1,0.57453215818891
0.8888888888888888,1.0625,0.2777777777777778,0.4895833333333333,-0.17361111111111116,-0.21180555555555552,-0.2534722222222221,0.0,0.8,-0.8,0,0,0.3131619831956077
1.4929577464788732,1.2833333333333334,0.6150234741784038,0.45,0.2096244131455398,0.16502347417840374,0.6166666666666667,0.4,0.4,0.0,1,1,0.5871285925227118
1.2202380952380953,1.7871287128712872,0.4166666666666667,0.5891089108910891,-0.5668906176331918,-0.1724422442244224,-0.31694955209806697,0.4,0.4,0.0,0,0,0.29047174311232954
1.0497237569060773,1.7152542372881356,0.3812154696132597,0.6440677966101694,-0.6655304803820583,-0.26285232699690975,-0.5454630583387958,0.2,0.8,-0.6000000000000001,1,0,0.21610304746530024
2.0,1.1891891891891893,0.6486486486486487,0.4594594594594595,0.8108108108108107,0.1891891891891892,0.43243243243243235,0.8,0.8,0.0,1,1,0.7051680141993233
1.1111111111111112,1.7407407407407407,0.3333333333333333,0.48148148148148145,-0.6296296296296295,-0.14814814814814814,-0.11111111111111094,0.2,0.8,-0.6000000000000001,0,0,0.2689391581292928
1.4081632653061225,1.1458333333333333,0.4489795918367347,0.3333333333333333,0.2623299319727892,0.11564625850340138,0.29591836734693877,0.6,0.4,0.19999999999999996,1,1,0.5713680147112133
1.5,1.4666666666666666,0.2857142857142857,0.3333333333333333,0.03333333333333344,-0.047619047619047616,-0.0904761904761906,0.4,0.6,-0.19999999999999996,1,0,0.44376471037710613
1.3317535545023698,1.5308056872037914,0.44075829383886256,0.41706161137440756,-0.19905213270142164,0.023696682464455,-0.009478672985781866,0.2,0.6,-0.39999999999999997,0,0,0.38966192482630774
2.4411764705882355,2.6470588235294117,0.6911764705882353,0.8088235294117647,-0.20588235294117618,-0.11764705882352944,-0.3529411764705882,1.0,1.0,0.0,0,0,0.39900881371897295
1.6211453744493391,0.9385964912280702,0.5947136563876652,0.38596491228070173,0.6825488832212689,0.20874874410696342,0.16195223742174836,1.0,0.4,0.6,0,1,0.678888098574833
0.9811320754716981,1.1268292682926828,0.37735849056603776,0.44390243902439025,-0.1456971928209847,-0.06654394845835249,0.013253566497929192,0.4,0.4,0.0,1,0,0.40820377513152145
1.7105263157894737,0.9130434782608695,0.47368421052631576,0.1956521739130435,0.7974828375286042,0.27803203661327225,0.4504195270785658,0.8,0.0,0.8,0,1,0.7443069234086899
1.6875,1.5625,0.3125,0.375,0.125,-0.0625,-0.1875,0.4,0.2,0.2,1,0,0.4799688231587927
0.918918918918919,1.1589147286821706,0.3861003861003861,0.42248062015503873,-0.23999580976325163,-0.03638023405465263,0.2295052527610666,0.6,0.2,0.39999999999999997,1,0,0.4384375418469497
1.4433333333333334,1.2,0.57,0.4,0.2433333333333334,0.16999999999999993,0.582857142857143,0.4,0.2,0.2,1,1,0.6014230478705397
2.1029411764705883,1.3012048192771084,0.7892156862745098,0.43373493975903615,0.8017363571934799,0.3554807465154736,0.6451098511693835,0.8,0.8,0.0,0,1,0.7373111705995532
1.5502958579881656,1.6035502958579881,0.591715976331361,0.6094674556213018,-0.053254437869822535,-0.017751479289940808,-0.02366863905325456,0.6,0.6,0.0,1,0,0.44508454181803936
0.927536231884058,2.2318840579710146,0.2898550724637681,0.6521739130434783,-1.3043478260869565,-0.36231884057971014,-0.5942028985507246,0.6,0.8,-0.20000000000000007,0,0,0.14269770438267718
1.4433962264150944,1.0186915887850467,0.5660377358490566,0.40186915887850466,0.4247046376300476,0.16416857697055193,0.1950273320402045,0.6,0.2,0.39999999999999997,1,1,0.6085576662206262
1.3372093023255813,0.9166666666666666,0.38372093023255816,0.2916666666666667,0.4205426356589147,0.09205426356589147,0.02083333333333326,0.8,0.4,0.4,0,1,0.583493080827679
2.838709677419355,1.4193548387096775,0.7419354838709677,0.5161290322580645,1.4193548387096775,0.22580645161290325,0.19354838709677424,1.0,0.6,0.4,1,1,0.8184891558079634
0.9322033898305084,1.5311004784688995,0.3389830508474576,0.6602870813397129,-0.5988970886383911,-0.3213040304922553,-0.5216121969021167,0.6,1.0,-0.4,0,0,0.23238316751229163
1.3428571428571427,0.4,0.4228571428571429,0.0,0.9428571428571427,0.4228571428571429,0.4571428571428571,0.4,0.0,0.4,1,1,0.7497115086913309
1.420408163265306,1.0625,0.5469387755102041,0.40865384615384615,0.35790816326530606,0.13828492935635794,0.19485871271585564,0.6,0.6,0.0,1,1,0.5690295466546996
1.0754716981132075,0.8421052631578947,0.3018867924528302,0.21052631578947367,0.23336643495531284,0.0913604766633565,0.13604766633565046,0.0,0.2,-0.2,1,1,0.5069618347825116
1.462962962962963,0.991304347826087,0.35185185185185186,0.3217391304347826,0.471658615136876,0.030112721417069277,-0.1996779388083736,0.0,0.4,-0.4,1,1,0.5136108153874805
1.4473684210526316,1.1578947368421053,0.6052631578947368,0.4473684210526316,0.2894736842105263,0.15789473684210525,0.23684210526315785,0.8,0.4,0.4,1,1,0.5861504321969039
1.6388888888888888,0.5,0.6481481481481481,0.1875,1.1388888888888888,0.46064814814814814,0.7939814814814814,0.6,0.4,0.19999999999999996,1,1,0.8046749619971928
1.0773809523809523,1.1884057971014492,0.39285714285714285,0.4396135265700483,-0.1110248447204969,-0.04675638371290547,0.031573498964803104,0.4,0.6,-0.19999999999999996,1,0,0.41082957352607075
1.0782608695652174,1.206008583690987,0.40869565217391307,0.463519313304721,-0.12774771412576968,-0.054823661130807944,-0.03875723082664684,0.4,0.6,-0.19999999999999996,1,0,0.3985798842743541
1.513157894736842,1.605263157894737,0.5131578947368421,0.4342105263157895,-0.09210526315789491,0.07894736842105265,0.5394736842105263,0.8,0.4,0.4,1,1,0.5366927026598002
1.3424657534246576,1.7810945273631842,0.3698630136986301,0.6368159203980099,-0.4386287739385266,-0.2669529066993798,-0.6066925645743884,0.4,0.8,-0.4,0,0,0.2633598340165498
1.1486486486486487,1.2321428571428572,0.3918918918918919,0.4017857142857143,-0.08349420849420852,-0.009893822393822416,0.03692084942084928,0.6,0.2,0.39999999999999997,1,0,0.4600528234247082
1.0707964601769913,1.9162995594713657,0.3805309734513274,0.6519823788546255,-0.8455030992943744,-0.2714514054032981,-0.5358075708549375,0.2,0.8,-0.6000000000000001,0,0,0.19194474823721863
1.5971563981042654,1.2464454976303319,0.6398104265402843,0.46919431279620855,0.3507109004739335,0.17061611374407576,0.3459715639810427,0.6,0.4,0.19999999999999996,0,1,0.6030193339112697
2.2083333333333335,0.8055555555555556,0.7222222222222222,0.3055555555555556,1.402777777777778,0.41666666666666663,0.9305555555555556,1.0,0.2,0.8,1,1,0.8715592982308499
1.293103448275862,1.3563218390804597,0.4540229885057471,0.4885057471264368,-0.06321839080459757,-0.03448275862068967,-0.1436781609195401,0.6,0.0,0.6,0,0,0.4567654509399984
1.5296296296296297,1.3432203389830508,0.4777777777777778,0.5,0.18640929064657885,-0.0222222222222222,-0.26365348399246713,0.2,0.4,-0.2,0,0,0.453960058685752
0.8095238095238095,0.8571428571428571,0.19047619047619047,0.23809523809523808,-0.04761904761904756,-0.047619047619047616,-0.33333333333333326,0.4,0.0,0.4,1,0,0.4127946733861787
1.7191780821917808,1.480968858131488,0.636986301369863,0.5640138408304498,0.23820922406029288,0.0729724605394132,-0.049983409963501924,1.0,0.8,0.19999999999999996,1,1,0.5336351912770633
1.180952380952381,1.4,0.3333333333333333,0.3523809523809524,-0.21904761904761894,-0.01904761904761909,-0.34285714285714275,0.0,0.2,-0.2,0,0,0.3524841949182886
1.4444444444444444,1.8611111111111112,0.5777777777777777,0.6666666666666666,-0.41666666666666674,-0.0888888888888889,-0.13888888888888884,0.4,0.6,-0.19999999999999996,1,0,0.3363664273869561
1.4423076923076923,1.6057692307692308,0.4519230769230769,0.5096153846153846,-0.16346153846153855,-0.057692307692307654,0.14423076923076916,0.6,0.2,0.39999999999999997,1,0,0.45943226952727617
1.4960629921259843,0.8627450980392157,0.5433070866141733,0.29411764705882354,0.6333178940867685,0.24918943955534972,-0.10344295198394327,0.6,0.4,0.19999999999999996,0,1,0.6175025037069739
1.1680672268907564,1.3781512605042017,0.48739495798319327,0.5798319327731093,-0.2100840336134453,-0.09243697478991603,-0.23109243697478987,0.4,0.6,-0.19999999999999996,0,0,0.3592373380801667
1.1458333333333333,1.0919540229885059,0.4583333333333333,0.40229885057471265,0.0538793103448274,0.05603448275862066,-0.0780651340996168,0.6,0.6,0.0,1,0,0.45774205069070617
1.7747252747252746,1.2123287671232876,0.6098901098901099,0.4041095890410959,0.562396507601987,0.20578052084901405,0.27886497064579263,0.8,0.4,0.4,1,1,0.6601499095026887
1.0606060606060606,0.4782608695652174,0.494949494949495,0.13043478260869565,0.5823451910408431,0.36451471234079935,0.930171277997365,0.2,0.0,0.2,0,1,0.7073447202997702
1.4821428571428572,1.309090909090909,0.5,0.38181818181818183,0.17305194805194812,0.11818181818181817,0.32077922077922083,0.8,0.2,0.6000000000000001,1,1,0.5823186798417704
1.291005291005291,1.0572687224669604,0.41798941798941797,0.41409691629955947,0.23373656853833058,0.0038925016898584963,-0.4192946880171551,0.4,0.4,0.0,1,0,0.4555887618536238
1.3031674208144797,1.2110091743119267,0.5113122171945701,0.4036697247706422,0.092158246502553,0.10764249242392787,0.2459213749014073,0.4,0.8,-0.4,0,0,0.4868600167055034
1.0526315789473684,1.3333333333333333,0.2982456140350877,0.45614035087719296,-0.2807017543859649,-0.15789473684210525,-0.22807017543859653,0.4,0.2,0.2,0,0,0.3612936503343025
1.1754385964912282,1.2682926829268293,0.512280701754386,0.45528455284552843,-0.09285408643560111,0.05699614890885757,0.20629011553273435,1.0,0.4,0.6,0,0,0.4982865890267557
1.255813953488372,1.2857142857142858,0.4186046511627907,0.14285714285714285,-0.029900332225913706,0.27574750830564787,-1.0299003322259135,0.6,0.0,0.6,1,0,0.39531940485499584
1.079646017699115,1.298342541436464,0.35398230088495575,0.430939226519337,-0.21869652373734905,-0.07695692563438128,-0.1931257028308806,0.2,0.8,-0.6000000000000001,1,0,0.33948483012870434
0.9565217391304348,1.3095238095238095,0.34782608695652173,0.38095238095238093,-0.3530020703933747,-0.0331262939958592,0.1045548654244306,0.8,0.4,0.4,1,0,0.4054512055196488
1.369047619047619,1.3943661971830985,0.3333333333333333,0.4859154929577465,-0.02531857813547944,-0.15258215962441318,-0.6264252179745138,0.4,0.6,-0.19999999999999996,0,0,0.3575895295189775
1.275,0.8205128205128205,0.35,0.3247863247863248,0.4544871794871794,0.02521367521367518,-0.28247863247863236,0.8,0.4,0.4,0,1,0.548396200239592
1.2427184466019416,1.1650485436893203,0.44660194174757284,0.42718446601941745,0.07766990291262132,0.019417475728155387,-0.16504854368932032,0.2,0.6,-0.39999999999999997,1,0,0.42566547397692167
1.3641304347826086,1.5978260869565217,0.47282608695652173,0.6413043478260869,-0.23369565217391308,-0.1684782608695652,-0.34239130434782594,0.2,0.4,-0.2,0,0,0.3407542791850206
0.9722222222222222,1.6944444444444444,0.3333333333333333,0.5833333333333334,-0.7222222222222222,-0.25000000000000006,-0.22222222222222232,0.8,0.6,0.20000000000000007,0,0,0.2732642373966509
1.096774193548387,1.343558282208589,0.4274193548387097,0.4723926380368098,-0.24678408866020196,-0.04497328319810012,0.15753018009103514,0.8,0.0,0.8,0,0,0.45858191282484345
1.56,1.38,0.5,0.42,0.18000000000000016,0.08000000000000002,0.06000000000000005,0.6,0.6,0.0,1,1,0.5162146769516478
1.4105960264900663,1.336283185840708,0.5695364238410596,0.4247787610619469,0.07431284064935828,0.14475766277911273,0.3254996190587822,1.0,0.6,0.4,1,1,0.5513904507616946
1.1411764705882352,0.8861788617886179,0.3764705882352941,0.2926829268292683,0.2549976087996173,0.08378766140602584,-0.07030129124820661,0.2,0.4,-0.2,1,0,0.4898975894198595
1.7032967032967032,1.3516483516483517,0.6043956043956044,0.46153846153846156,0.3516483516483515,0.1428571428571428,0.32967032967032983,0.6,0.4,0.19999999999999996,1,1,0.6029777266887384
1.5354838709677419,1.3741935483870968,0.5419354838709678,0.49032258064516127,0.16129032258064502,0.05161290322580653,0.16774193548387095,0.6,0.4,0.19999999999999996,0,1,0.5316533509886117
1.1363636363636365,1.3636363636363635,0.22727272727272727,0.3181818181818182,-0.22727272727272707,-0.09090909090909091,-0.09090909090909083,0.2,0.4,-0.2,0,0,0.37312683839689414
1.4,0.9883720930232558,0.4,0.4069767441860465,0.4116279069767441,-0.006976744186046491,0.3534883720930231,0.8,0.2,0.6000000000000001,1,1,0.6214074820259077
1.0597014925373134,1.4860335195530727,0.3880597014925373,0.547486033519553,-0.42633202701575934,-0.15942633202701573,-0.3639623113482864,0.4,0.4,0.0,0,0,0.30790774017315037
2.1164658634538154,1.2960893854748603,0.7389558232931727,0.41899441340782123,0.8203764779789551,0.31996140988535143,0.4072827623342532,0.6,0.4,0.19999999999999996,1,1,0.7251511802390845
1.5502183406113537,0.948051948051948,0.5938864628820961,0.24675324675324675,0.6021663925594056,0.3471332161288494,0.4703113480406056,0.8,0.2,0.6000000000000001,1,1,0.7027100009589393
1.7286821705426356,1.3368421052631578,0.5038759689922481,0.49473684210526314,0.3918400652794778,0.009139126886984927,-0.16483068135454904,0.2,0.4,-0.2,0,1,0.518321876464817
1.7651515151515151,1.027027027027027,0.5984848484848485,0.43243243243243246,0.7381244881244882,0.16605241605241605,0.27129402129402136,0.8,0.2,0.6000000000000001,0,1,0.6985158093184342
1.375,1.109375,0.4765625,0.390625,0.265625,0.0859375,-0.03125,0.6,0.6,0.0,0,1,0.5186049834324605
1.3463203463203464,1.3636363636363635,0.5454545454545454,0.5844155844155844,-0.017316017316017174,-0.038961038961038974,-0.24242424242424254,0.6,0.0,0.6,1,0,0.454708228356463
1.1785714285714286,1.2415254237288136,0.40476190476190477,0.4364406779661017,-0.06295399515738498,-0.03167877320419693,-0.30205811138014527,0.2,0.2,0.0,0,0,0.398075567620825
1.1176470588235294,1.4554455445544554,0.4019607843137255,0.5643564356435643,-0.33779848573092597,-0.1623956513298388,-0.26354105998835164,0.4,0.6,-0.19999999999999996,0,0,0.32511278675707433
1.1274509803921569,1.8333333333333333,0.39215686274509803,0.5490196078431373,-0.7058823529411764,-0.15686274509803927,-0.06862745098039214,0.6,0.6,0.0,0,0,0.2902225459030838
1.0,1.319672131147541,0.25,0.4344262295081967,-0.319672131147541,-0.1844262295081967,0.14959016393442615,0.0,0.6,-0.6,1,0,0.34322011298944505
1.8421052631578947,1.2960526315789473,0.6684210526315789,0.4276315789473684,0.5460526315789473,0.2407894736842105,0.5407894736842105,0.8,0.6,0.20000000000000007,1,1,0.6772852147846463
1.3925233644859814,1.0416666666666667,0.49065420560747663,0.4166666666666667,0.3508566978193146,0.07398753894080995,-0.34696261682243,0.6,0.8,-0.20000000000000007,0,0,0.48794618256285754
1.1166666666666667,1.0945945945945945,0.45666666666666667,0.41216216216216217,0.02207207207207218,0.044504504504504494,0.17558558558558546,0.8,0.4,0.4,1,1,0.5032539236864285
1.879120879120879,1.2747252747252746,0.5604395604395604,0.31868131868131866,0.6043956043956045,0.2417582417582418,0.5164835164835164,0.2,0.4,-0.2,1,1,0.662954907717935
1.1235955056179776,1.449438202247191,0.42696629213483145,0.48314606741573035,-0.3258426966292134,-0.0561797752808989,-0.1910112359550562,0.6,0.2,0.39999999999999997,1,0,0.37861490768576966
1.1,1.9,0.3,0.4,-0.7999999999999998,-0.10000000000000003,-0.5,0.6,0.8,-0.20000000000000007,0,0,0.23305311685836907
0.9186046511627907,1.313953488372093,0.37209302325581395,0.5697674418604651,-0.39534883720930225,-0.19767441860465118,-0.06976744186046524,0.4,0.6,-0.19999999999999996,0,0,0.3250927265001748
1.3728813559322033,1.6833333333333333,0.576271186440678,0.6333333333333333,-0.31045197740113006,-0.05706214689265532,0.3991525423728812,0.6,1.0,-0.4,0,0,0.40618679073207914
1.390134529147982,1.1659192825112108,0.5964125560538116,0.4798206278026906,0.22421524663677128,0.11659192825112102,0.24215246636771293,0.4,0.4,0.0,0,1,0.5401128108495715
1.1111111111111112,0.7796610169491526,0.4396135265700483,0.23728813559322035,0.3314500941619586,0.20232539097682797,0.31319086219602066,0.4,0.2,0.2,0,1,0.5844097703930259
0.8740157480314961,1.6265560165975104,0.3700787401574803,0.5726141078838174,-0.7525402685660143,-0.20253536772633707,-0.23135230502826154,0.4,0.4,0.0,0,0,0.2557108600765775
1.4545454545454546,0.9090909090909091,0.45454545454545453,0.18181818181818182,0.5454545454545455,0.2727272727272727,0.9090909090909092,0.8,0.2,0.6000000000000001,1,1,0.7272052349980632
1.2061855670103092,1.5402843601895735,0.38144329896907214,0.5876777251184834,-0.3340987931792643,-0.20623442614941123,-0.2044266380026385,0.2,0.8,-0.6000000000000001,0,0,0.3086744483527409
1.4129353233830846,0.9032258064516129,0.5024875621890548,0.2903225806451613,0.5097095169314717,0.21216498154389346,0.3978494623655915,0.4,0.4,0.0,1,1,0.6282242936027118
1.1477272727272727,1.0681818181818181,0.375,0.4431818181818182,0.07954545454545459,-0.06818181818181818,-0.17045454545454541,0.2,0.8,-0.6000000000000001,1,0,0.403547074837123
1.62,1.0576923076923077,0.5,0.28846153846153844,0.5623076923076924,0.21153846153846156,0.48769230769230765,0.6,0.4,0.19999999999999996,0,1,0.666915506588419
1.25,0.86,0.575,0.4,0.39,0.17499999999999993,0.33000000000000007,0.6,0.6,0.0,0,1,0.5879986357860006
1.2151898734177216,1.1265822784810127,0.379746835443038,0.34177215189873417,0.08860759493670889,0.03797468354430383,0.17721518987341756,0.6,0.2,0.39999999999999997,0,1,0.5199905051393395
1.9884169884169884,2.0384615384615383,0.7027027027027027,0.7769230769230769,-0.050044550044549885,-0.0742203742203742,0.03893673893673888,0.8,1.0,-0.19999999999999996,1,0,0.45020266388801194
2.2777777777777777,1.6805555555555556,0.8125,0.6944444444444444,0.5972222222222221,0.11805555555555558,0.32638888888888884,1.0,0.8,0.19999999999999996,1,1,0.666657680136579
2.194871794871795,1.1846153846153846,0.7794871794871795,0.4512820512820513,1.0102564102564104,0.3282051282051282,0.4307692307692309,1.0,0.6,0.4,1,1,0.7713460285370732
1.431578947368421,1.0526315789473684,0.4631578947368421,0.4631578947368421,0.3789473684210527,0.0,-0.13684210526315788,0.6,0.4,0.19999999999999996,0,1,0.5358056906143526
1.0714285714285714,1.2142857142857142,0.40476190476190477,0.38095238095238093,-0.1428571428571428,0.023809523809523836,0.7619047619047619,0.6,0.8,-0.20000000000000007,1,0,0.49524144258521596
1.9411764705882353,1.088235294117647,0.6176470588235294,0.29411764705882354,0.8529411764705883,0.3235294117647059,0.7941176470588236,0.8,0.2,0.6000000000000001,1,1,0.7797161092481123
1.5853658536585367,1.061611374407583,0.5609756097560976,0.4218009478672986,0.5237544792509536,0.139174661888799,0.16926201760324977,0.8,0.4,0.4,1,1,0.6298308053576944
1.2769230769230768,2.1433962264150943,0.4153846153846154,0.7471698113207547,-0.8664731494920175,-0.33178519593613925,-0.3736816642477021,0.6,0.8,-0.20000000000000007,1,0,0.21927462327396288
1.0844594594594594,1.1666666666666667,0.38513513513513514,0.4108527131782946,-0.08220720720720731,-0.02571757804315944,0.060915566729520254,0.6,0.8,-0.20000000000000007,0,0,0.4244503986005
1.0,1.1428571428571428,0.40106951871657753,0.14285714285714285,-0.1428571428571428,0.2582123758594347,0.059587471352177346,0.6,0.0,0.6,0,0,0.48382510247042154
1.0588235294117647,1.5686274509803921,0.4215686274509804,0.5980392156862745,-0.5098039215686274,-0.1764705882352941,-0.3823529411764707,0.4,0.8,-0.4,0,0,0.2702181004634497
2.08,1.2666666666666666,0.7733333333333333,0.4666666666666667,0.8133333333333335,0.30666666666666664,0.6533333333333334,0.8,0.2,0.6000000000000001,0,1,0.7623050546574378
1.3333333333333333,1.4444444444444444,0.1111111111111111,0.3333333333333333,-0.11111111111111116,-0.2222222222222222,-0.8888888888888888,0.0,0.0,0.0,0,0,0.31826280579908406
0.7619047619047619,1.1666666666666667,0.2619047619047619,0.16666666666666666,-0.4047619047619049,0.09523809523809526,0.011904761904761862,0.2,0.2,0.0,1,0,0.3648441526473482
1.5769230769230769,1.9672131147540983,0.3076923076923077,0.5901639344262295,-0.39029003783102145,-0.2824716267339218,-0.2648171500630516,0.4,0.6,-0.19999999999999996,1,0,0.3202788071104159
1.8333333333333333,2.641025641025641,0.5512820512820513,0.8205128205128205,-0.8076923076923077,-0.26923076923076916,-0.7435897435897435,0.8,1.0,-0.19999999999999996,0,0,0.2159865148491067
1.0588235294117647,2.0588235294117645,0.058823529411764705,0.4117647058823529,-0.9999999999999998,-0.3529411764705882,-0.3529411764705883,0.0,0.4,-0.4,0,0,0.18946733571191812
2.0234375,1.5625,0.7734375,0.59375,0.4609375,0.1796875,0.29296875,0.8,0.6,0.20000000000000007,1,1,0.6335018508832458
1.3674418604651162,0.9306930693069307,0.4930232558139535,0.3564356435643564,0.43674879115818543,0.1365876122495971,-0.06847801059175684,0.6,0.2,0.39999999999999997,1,1,0.5782036736541719
1.2790697674418605,0.9785407725321889,0.3488372093023256,0.33476394849785407,0.30052899490967167,0.014073260804471521,-0.20910270486076454,0.6,0.0,0.6,0,1,0.5330568577173992
1.6666666666666667,1.1304347826086956,0.5357142857142857,0.2826086956521739,0.5362318840579712,0.2531055900621118,0.48136645962732927,0.4,0.0,0.4,0,1,0.6746017709764712
0.9090909090909091,1.1494252873563218,0.18181818181818182,0.3793103448275862,-0.2403343782654127,-0.19749216300940436,-0.3134796238244515,0.2,0.4,-0.2,1,0,0.33111428895113715
1.4576271186440677,1.0508474576271187,0.5254237288135594,0.4406779661016949,0.40677966101694896,0.08474576271186446,0.0847457627118644,0.4,0.8,-0.4,1,1,0.5379100530397405
1.5475113122171946,1.1040723981900453,0.5339366515837104,0.43891402714932126,0.4434389140271493,0.09502262443438914,-0.009049773755656076,0.8,0.4,0.4,1,1,0.5892284787759797
0.6296296296296297,2.185185185185185,0.18518518518518517,0.5925925925925926,-1.5555555555555554,-0.4074074074074074,-0.2592592592592593,0.2,1.0,-0.8,1,0,0.11285635961641852
1.173913043478261,1.3736263736263736,0.30434782608695654,0.3956043956043956,-0.19971333014811266,-0.09125656951743905,0.226469182990922,0.8,0.6,0.20000000000000007,0,0,0.4417916029546135
2.769585253456221,1.032258064516129,0.8709677419354839,0.4055299539170507,1.737327188940092,0.46543778801843316,0.5529953917050692,0.6,0.6,0.0,1,1,0.8707586886155232
1.5743801652892562,1.3571428571428572,0.5371900826446281,0.2857142857142857,0.21723730814639897,0.2514757969303424,0.18181818181818188,0.4,0.6,-0.19999999999999996,0,1,0.5414457844351267
1.5161290322580645,1.36,0.5725806451612904,0.488,0.1561290322580644,0.08458064516129038,0.10251612903225804,1.0,0.6,0.4,1,1,0.5408449815028901
1.6230366492146597,1.1884816753926701,0.6492146596858639,0.450261780104712,0.4345549738219896,0.19895287958115188,0.24083769633507868,0.8,1.0,-0.19999999999999996,0,1,0.591252018199271
1.7135416666666667,1.2864583333333333,0.5416666666666666,0.484375,0.4270833333333335,0.05729166666666663,0.005208333333333259,0.0,0.6,-0.6,1,1,0.5232459905504854
2.4854368932038833,1.6699029126213591,0.7475728155339806,0.4563106796116505,0.8155339805825241,0.2912621359223301,0.8252427184466018,1.0,0.6,0.4,1,1,0.7788529060716332
1.5563636363636364,1.2545454545454546,0.6181818181818182,0.43272727272727274,0.30181818181818176,0.18545454545454543,0.290909090909091,0.4,0.6,-0.19999999999999996,0,1,0.5625108683770412
1.3888888888888888,0.972972972972973,0.4888888888888889,0.2972972972972973,0.4159159159159158,0.19159159159159156,0.5903903903903904,0.8,0.4,0.4,1,1,0.6530381464418382
1.748878923766816,1.7354260089686098,0.6367713004484304,0.6771300448430493,0.013452914798206317,-0.04035874439461884,-0.30044843049327363,1.0,1.0,0.0,1,0,0.43538445806289106
1.2857142857142858,0.42857142857142855,0.2857142857142857,0.0,0.8571428571428572,0.2857142857142857,0.2857142857142857,0.0,0.0,0.0,1,1,0.6864023663943575
1.5972696245733788,1.819112627986348,0.6006825938566553,0.6928327645051194,-0.22184300341296925,-0.09215017064846409,-0.13993174061433444,0.6,0.8,-0.20000000000000007,1,0,0.38021288297094574
0.8163265306122449,1.2,0.3469387755102041,0.3764705882352941,-0.38367346938775504,-0.029531812725090034,-0.37382953181272516,0.4,0.0,0.4,1,0,0.3404805467399546
1.2162162162162162,1.2702702702702702,0.2972972972972973,0.40540540540540543,-0.054054054054053946,-0.10810810810810811,0.0,0.4,0.4,0.0,1,0,0.43118785938401794
1.120253164556962,1.322314049586777,0.4050632911392405,0.4214876033057851,-0.2020608850298149,-0.016424312166544608,0.08499843079820057,0.6,0.4,0.19999999999999996,0,0,0.4270776706647759
1.613953488372093,1.7023255813953488,0.5720930232558139,0.5395348837209303,-0.08837209302325588,0.03255813953488362,0.2604651162790699,0.4,1.0,-0.6,1,0,0.4405685202074613
1.2391304347826086,1.108695652173913,0.391304347826087,0.34782608695652173,0.13043478260869557,0.043478260869565244,0.15217391304347827,0.6,0.4,0.19999999999999996,1,1,0.5153717823304589
1.576158940397351,0.9867549668874173,0.5960264900662252,0.40397350993377484,0.5894039735099338,0.19205298013245037,0.23178807947019853,0.8,0.4,0.4,0,1,0.6532105722318353
2.088235294117647,1.3333333333333333,0.7647058823529411,0.375,0.7549019607843139,0.3897058823529411,0.21862745098039205,0.2,0.6,-0.39999999999999997,1,1,0.6667484609602601
1.182608695652174,0.9782608695652174,0.44782608695652176,0.3652173913043478,0.20434782608695656,0.08260869565217394,0.21739130434782594,0.6,0.4,0.19999999999999996,1,1,0.5392620369071416
1.0508474576271187,1.4310344827586208,0.3728813559322034,0.4482758620689655,-0.38018702513150204,-0.07539450613676213,-0.028345996493278625,0.8,0.2,0.6000000000000001,0,0,0.3951653468313207
1.7541899441340782,1.696629213483146,0.6424581005586593,0.6404494382022472,0.05756073065093226,0.002008662356412061,-0.111763228924738,0.4,0.8,-0.4,0,0,0.4411055527940935
1.1048951048951048,2.042654028436019,0.35664335664335667,0.6777251184834123,-0.9377589235409143,-0.32108176184005566,-0.6101812879064064,0.2,0.2,0.0,1,0,0.1943983171618245
0.958041958041958,1.98828125,0.32867132867132864,0.69921875,-1.030239291958042,-0.37054742132867136,-0.7263986013986015,0.6,0.6,0.0,0,0,0.17137056253524963
1.141304347826087,1.4456521739130435,0.43478260869565216,0.4782608695652174,-0.30434782608695654,-0.043478260869565244,-0.14130434782608692,0.6,0.2,0.39999999999999997,0,0,0.3899639866818028
1.610738255033557,1.1543624161073827,0.5503355704697986,0.5033557046979866,0.4563758389261743,0.04697986577181201,0.18791946308724838,0.4,0.6,-0.19999999999999996,0,1,0.5725283184497962
1.7195121951219512,1.646341463414634,0.524390243902439,0.4634146341463415,0.07317073170731714,0.06097560975609756,-0.024390243902439046,0.4,0.4,0.0,0,0,0.48505448884175906
1.9285714285714286,2.2232142857142856,0.7589285714285714,0.7232142857142857,-0.294642857142857,0.0357142857142857,0.0803571428571429,0.8,0.8,0.0,0,0,0.42323412338309285
0.9115646258503401,2.1940928270042193,0.3877551020408163,0.8185654008438819,-1.282528201153879,-0.43081029880306554,-0.8313097390855076,0.4,0.8,-0.4,0,0,0.12169142335867084
0.9166666666666666,0.985,0.16666666666666666,0.34,-0.06833333333333336,-0.17333333333333337,0.02833333333333332,0.4,0.4,0.0,0,0,0.4173433666008675
1.399103139013453,1.1270903010033444,0.47533632286995514,0.4013377926421405,0.27201283801010856,0.07399853022781466,0.08683654033624788,0.4,0.0,0.4,0,1,0.5545084881103999
2.1610169491525424,0.9915966386554622,0.7796610169491526,0.42016806722689076,1.1694203104970802,0.3594929497222618,0.5905141717704031,0.8,0.2,0.6000000000000001,1,1,0.8132705761162137
1.1382978723404256,1.2872340425531914,0.5,0.40425531914893614,-0.14893617021276584,0.09574468085106386,0.36170212765957444,0.8,0.0,0.8,1,1,0.5168832475995668
1.0566037735849056,1.1886792452830188,0.33962264150943394,0.32075471698113206,-0.13207547169811318,0.018867924528301883,-0.2264150943396226,0.4,0.2,0.2,1,0,0.40772701728785216
1.4817073170731707,1.1417910447761195,0.6341463414634146,0.5223880597014925,0.33991627229705124,0.11175828176192215,0.35720786312340724,0.6,0.8,-0.20000000000000007,1,1,0.5695168047435699
0.9090909090909091,1.9090909090909092,0.18181818181818182,0.2727272727272727,-1.0,-0.09090909090909088,-0.36363636363636365,0.4,0.4,0.0,0,0,0.2188682544782123
1.5714285714285714,0.9444444444444444,0.5428571428571428,0.25,0.626984126984127,0.2928571428571428,0.4087301587301586,0.8,0.4,0.4,0,1,0.6880576228896932
1.1063829787234043,0.8823529411764706,0.44680851063829785,0.29411764705882354,0.22403003754693374,0.1526908635794743,0.01251564455569465,0.2,0.0,0.2,1,1,0.5207102873813548
1.2941176470588236,0.9764705882352941,0.5176470588235295,0.3764705882352941,0.3176470588235295,0.14117647058823535,0.05882352941176472,0.6,0.4,0.19999999999999996,1,1,0.5534901771415527
1.110091743119266,1.6759259259259258,0.3669724770642202,0.5833333333333334,-0.5658341828066598,-0.21636085626911317,-0.39305130818892287,0.2,0.4,-0.2,0,0,0.26674669498026693
1.8974358974358974,1.9963369963369964,0.652014652014652,0.7655677655677655,-0.098901098901099,-0.11355311355311348,-0.1501831501831502,0.6,0.6,0.0,1,0,0.42240109776694845
1.7922077922077921,1.5649350649350648,0.5064935064935064,0.42857142857142855,0.2272727272727273,0.07792207792207789,-0.11038961038961026,0.4,0.2,0.2,0,1,0.5243714619307994
0.9154929577464789,1.0952380952380953,0.23943661971830985,0.41496598639455784,-0.17974513749161647,-0.175529366676248,-0.4582734502251604,0.0,0.4,-0.4,1,0,0.31693024369089834
1.1125,0.8375,0.425,0.3125,0.275,0.11249999999999999,0.38749999999999996,0.8,0.4,0.4,1,1,0.5877086226323569
1.3233082706766917,0.9473684210526315,0.48872180451127817,0.3157894736842105,0.37593984962406013,0.17293233082706766,-0.06766917293233088,0.6,0.4,0.19999999999999996,0,1,0.5562706930408919
1.1295336787564767,1.1865284974093264,0.41450777202072536,0.37823834196891193,-0.05699481865284972,0.036269430051813434,0.06735751295336767,0.2,0.4,-0.2,0,0,0.4337087551214603
1.291005291005291,1.3689839572192513,0.4708994708994709,0.5401069518716578,-0.07797866621396032,-0.06920748097218693,-0.2842995784172253,0.6,0.8,-0.20000000000000007,0,0,0.38820935959906777
1.1538461538461537,2.640625,0.2692307692307692,0.796875,-1.4867788461538463,-0.5276442307692308,-1.0492788461538463,0.6,0.8,-0.20000000000000007,0,0,0.10063984988311678
1.3333333333333333,1.2222222222222223,0.4,0.4,0.11111111111111094,0.0,0.11111111111111116,0.4,0.6,-0.19999999999999996,1,0,0.4796888944010687
2.0431654676258995,1.1798561151079137,0.6834532374100719,0.34532374100719426,0.8633093525179858,0.33812949640287765,0.7697841726618706,0.6,0.2,0.39999999999999997,1,1,0.7722895534662206
1.5301204819277108,1.2771084337349397,0.5180722891566265,0.3493975903614458,0.2530120481927711,0.1686746987951807,0.3975903614457832,0.2,0.8,-0.6000000000000001,1,1,0.5385125990803538
1.4927536231884058,1.5507246376811594,0.5797101449275363,0.5942028985507246,-0.05797101449275366,-0.01449275362318836,0.1594202898550724,0.6,0.6,0.0,0,0,0.46341118371990664
1.0571428571428572,1.8356164383561644,0.17142857142857143,0.6301369863013698,-0.7784735812133072,-0.4587084148727984,-1.2923679060665363,0.2,0.6,-0.39999999999999997,0,0,0.1493447011567099
1.0689655172413792,0.987012987012987,0.46551724137931033,0.4155844155844156,0.08195253022839222,0.04993282579489472,-0.08072100313479624,0.2,0.2,0.0,0,0,0.4560084957296108
1.2,1.2592592592592593,0.35,0.3333333333333333,-0.059259259259259345,0.016666666666666663,0.3277777777777777,0.2,0.6,-0.39999999999999997,1,0,0.452742358625593
2.3609958506224067,1.8008298755186722,0.7302904564315352,0.6390041493775933,0.5601659751037344,0.09128630705394192,0.0912863070539418,1.0,0.6,0.4,1,1,0.6477359401965934
1.0,1.0666666666666667,0.2,0.2,-0.06666666666666665,0.0,-1.2,0.4,0.4,0.0,1,0,0.3071426277790937
0.9272727272727272,1.2100840336134453,0.3890909090909091,0.4579831932773109,-0.28281130634071805,-0.06889228418640181,0.099449961802903,0.2,0.2,0.0,0,0,0.3856120493870441
1.2415730337078652,1.5,0.4438202247191011,0.5168539325842697,-0.2584269662921348,-0.0730337078651686,-0.1179775280898876,0.2,0.6,-0.39999999999999997,1,0,0.35407126755166435
1.1856540084388185,1.540084388185654,0.4430379746835443,0.5907172995780591,-0.35443037974683556,-0.1476793248945148,-0.25316455696202533,0.0,0.4,-0.4,0,0,0.3120295922184959
2.088495575221239,1.4146341463414633,0.6194690265486725,0.43902439024390244,0.6738614288797757,0.1804446363047701,-0.17893373624001718,0.8,0.6,0.20000000000000007,0,1,0.6306419643733706
2.113095238095238,0.9585798816568047,0.7440476190476191,0.33136094674556216,1.1545153564384334,0.4126866723020569,0.6404268808114962,0.6,0.4,0.19999999999999996,1,1,0.8017720074568552
1.7345971563981042,1.1485714285714286,0.6255924170616114,0.4514285714285714,0.5860257278266756,0.17416384563304,-0.008124576844955822,0.8,0.6,0.20000000000000007,1,1,0.6191285922155693
1.6666666666666667,1.2340425531914894,0.6950354609929078,0.475177304964539,0.4326241134751774,0.21985815602836878,0.33333333333333337,0.8,0.6,0.20000000000000007,1,1,0.6259555865170894
1.5222929936305734,0.8571428571428571,0.535031847133758,0.14285714285714285,0.6651501364877163,0.3921747042766151,0.7452229299363058,0.6,0.0,0.6,1,1,0.7409568204724019
0.8888888888888888,1.4722222222222223,0.3611111111111111,0.4166666666666667,-0.5833333333333335,-0.05555555555555558,-0.5555555555555556,0.6,0.4,0.19999999999999996,0,0,0.2779404972127786
1.9186046511627908,1.7829457364341086,0.6550387596899225,0.5968992248062015,0.1356589147286822,0.058139534883721034,-0.03100775193798433,1.0,0.8,0.19999999999999996,1,1,0.5191457161875859
1.2,1.9,0.1,0.4,-0.7,-0.30000000000000004,-0.8,0.2,0.8,-0.6000000000000001,0,0,0.1971233419142181
1.7222222222222223,1.2196969696969697,0.5617283950617284,0.4090909090909091,0.5025252525252526,0.15263748597081933,0.15740740740740744,0.6,0.4,0.19999999999999996,1,1,0.6171742685268744
1.3,2.6125,0.45,0.825,-1.3124999999999998,-0.37499999999999994,-0.7125,0.6,1.0,-0.4,0,0,0.13378122147551574
1.5971223021582734,1.6366906474820144,0.5503597122302158,0.5935251798561151,-0.03956834532374098,-0.043165467625899234,-0.12589928057553967,0.6,0.6,0.0,1,0,0.43635248651718056
0.8702290076335878,1.4497041420118344,0.35877862595419846,0.47928994082840237,-0.5794751343782466,-0.12051131487420391,-0.03712904828583041,0.0,0.6,-0.6,0,0,0.27767349109724554
1.7666666666666666,0.7333333333333333,0.7,0.3,1.0333333333333332,0.39999999999999997,0.3666666666666667,1.0,0.6,0.4,1,1,0.7654031923229203
1.3278688524590163,1.4444444444444444,0.3770491803278688,0.25925925925925924,-0.1165755919854281,0.11778992106860958,0.4796599878567094,0.0,0.4,-0.4,1,0,0.47009682849811124
1.7142857142857142,1.3571428571428572,0.39285714285714285,0.35714285714285715,0.357142857142857,0.0357142857142857,0.0714285714285714,0.4,0.2,0.2,1,1,0.5676664588530619
1.0681818181818181,1.2298850574712643,0.5,0.5402298850574713,-0.1617032392894462,-0.04022988505747127,0.04467084639498431,0.8,0.6,0.20000000000000007,1,0,0.4267407796603441
0.9166666666666666,1.2583333333333333,0.36666666666666664,0.48333333333333334,-0.3416666666666667,-0.1166666666666667,0.050000000000000044,0.4,0.2,0.2,0,0,0.3769695767426804
1.0,0.9,0.26666666666666666,0.36666666666666664,0.09999999999999998,-0.09999999999999998,-0.16666666666666652,0.4,0.4,0.0,1,0,0.4386480906676255
1.036144578313253,1.4457831325301205,0.5180722891566265,0.5542168674698795,-0.40963855421686746,-0.03614457831325302,0.06024096385542177,0.6,0.6,0.0,0,0,0.3640226088656026
0.9629629629629629,0.0,0.43209876543209874,0.0,0.9629629629629629,0.43209876543209874,-0.059259259259259345,0.4,0.0,0.4,1,1,0.6959655044264513
1.0167364016736402,1.660649819494585,0.3891213389121339,0.6028880866425993,-0.6439134178209447,-0.2137667477304654,-0.3281573342597768,0.4,1.0,-0.6,1,0,0.24081554610934963
1.300578034682081,1.0900473933649288,0.5491329479768786,0.45023696682464454,0.21053064131715216,0.09889598115223408,0.13083856121414694,0.6,0.8,-0.20000000000000007,1,1,0.5108148512405415
1.2567567567567568,1.8108108108108107,0.4774774774774775,0.581081081081081,-0.554054054054054,-0.10360360360360354,-0.027027027027026973,0.4,0.6,-0.19999999999999996,0,0,0.31673411100911514
1.123076923076923,1.2826086956521738,0.45384615384615384,0.5760869565217391,-0.15953177257525075,-0.12224080267558529,-0.08227424749163892,0.4,1.0,-0.6,1,0,0.35943606319678867
1.144,1.1827586206896552,0.488,0.5137931034482759,-0.0387586206896553,-0.0257931034482759,-0.08717241379310336,0.0,0.6,-0.6,0,0,0.38847310812401814
0.8636363636363636,0.5909090909090909,0.38636363636363635,0.29545454545454547,0.2727272727272727,0.09090909090909088,0.15909090909090895,0.4,0.0,0.4,1,1,0.5478869546270251
1.363265306122449,1.5510204081632653,0.4204081632653061,0.4530612244897959,-0.18775510204081636,-0.0326530612244898,-0.004081632653061273,0.2,0.6,-0.39999999999999997,1,0,0.3884990484435649
1.0670103092783505,1.5051546391752577,0.4845360824742268,0.6185567010309279,-0.4381443298969072,-0.13402061855670105,0.020618556701030855,0.4,0.4,0.0,0,0,0.3450091840466574
1.4088888888888889,0.863013698630137,0.5333333333333333,0.3835616438356164,0.5458751902587519,0.1497716894977169,0.21722983257229833,0.6,0.8,-0.20000000000000007,1,1,0.599828626702404
1.0595238095238095,1.369047619047619,0.36904761904761907,0.47619047619047616,-0.30952380952380953,-0.1071428571428571,-0.2142857142857142,0.6,0.2,0.39999999999999997,1,0,0.3735254614395889
1.8,1.8,0.0,0.0,0.0,0.0,0.0,0.0,0.0,0.0,1,0,0.47608949106222287
0.9423076923076923,1.3666666666666667,0.23076923076923078,0.5333333333333333,-0.4243589743589744,-0.30256410256410254,-0.5713675213675213,0.0,0.6,-0.6,0,0,0.24564300317601054
1.5536723163841808,1.330935251798561,0.5819209039548022,0.4244604316546763,0.2227370645856197,0.15746047230012594,0.3767426736576842,0.8,0.6,0.20000000000000007,1,1,0.5804921123674054
1.0555555555555556,1.0777777777777777,0.39444444444444443,0.4444444444444444,-0.022222222222222143,-0.04999999999999999,-0.10555555555555562,0.2,0.6,-0.39999999999999997,1,0,0.39954491549803506
1.5214285714285714,1.6474820143884892,0.5357142857142857,0.6258992805755396,-0.12605344295991783,-0.09018499486125386,-0.11906474820143886,0.4,0.6,-0.19999999999999996,0,0,0.39892523171505395
1.3571428571428572,1.1714285714285715,0.45714285714285713,0.4142857142857143,0.18571428571428572,0.042857142857142816,-0.04285714285714293,0.8,0.6,0.20000000000000007,0,1,0.5094693170751572
0.9310344827586207,1.5517241379310345,0.3448275862068966,0.5517241379310345,-0.6206896551724138,-0.2068965517241379,-0.5862068965517242,0.4,0.6,-0.19999999999999996,0,0,0.2391419397859681
1.127388535031847,1.394904458598726,0.4585987261146497,0.5859872611464968,-0.2675159235668789,-0.1273885350318471,-0.02547770700636942,0.4,0.8,-0.4,0,0,0.3547406577564021
0.9942528735632183,0.9166666666666666,0.3850574712643678,0.3611111111111111,0.07758620689655171,0.023946360153256685,0.053160919540229834,0.4,0.2,0.2,1,0,0.4804681962882088
1.2964601769911503,1.746212121212121,0.5486725663716814,0.6704545454545454,-0.44975194422097076,-0.12178197908286403,-0.2047130598015554,0.4,1.0,-0.6,0,0,0.2965553717931462
1.1935483870967742,1.3225806451612903,0.3870967741935484,0.3548387096774194,-0.12903225806451601,0.032258064516129004,0.4838709677419353,0.2,0.2,0.0,0,0,0.47980601327219186
1.0,1.295774647887324,0.39436619718309857,0.4507042253521127,-0.295774647887324,-0.05633802816901412,0.2816901408450705,0.4,0.4,0.0,0,0,0.40834239675033934
2.143939393939394,1.5113636363636365,0.75,0.5113636363636364,0.6325757575757576,0.23863636363636365,0.3030303030303032,1.0,0.2,0.8,0,1,0.7088928465432794
1.2121212121212122,1.106060606060606,0.5606060606060606,0.5454545454545454,0.10606060606060619,0.015151515151515138,-0.18181818181818177,0.4,0.4,0.0,1,0,0.45101581168092697
1.2295081967213115,1.7377049180327868,0.4098360655737705,0.5901639344262295,-0.5081967213114753,-0.180327868852459,-0.3114754098360657,0.4,0.8,-0.4,0,0,0.28160818818037586
0.8350515463917526,1.0149253731343284,0.36082474226804123,0.40298507462686567,-0.1798738267425758,-0.04216033235882444,0.2540390829358363,0.2,0.4,-0.2,1,0,0.4122856381943056
1.848,1.3406593406593406,0.656,0.5054945054945055,0.5073406593406595,0.15050549450549455,0.35771428571428576,1.0,0.8,0.19999999999999996,1,1,0.6451087180413301
1.0232558139534884,1.4233128834355828,0.2558139534883721,0.4662576687116564,-0.4000570694820944,-0.2104437152232843,-0.7430446568697389,0.4,0.2,0.2,0,0,0.28326278160650453
0.8275862068965517,1.1779661016949152,0.3103448275862069,0.5169491525423728,-0.3503798947983635,-0.20660432495616593,-0.5780245470485097,0.4,0.4,0.0,0,0,0.2914424099328162
1.6513157894736843,1.2542372881355932,0.5131578947368421,0.4067796610169492,0.3970785013380911,0.10637823371989297,0.08385370205173936,0.4,0.6,-0.19999999999999996,0,1,0.5566211575058357
1.0089285714285714,1.1901408450704225,0.38392857142857145,0.4295774647887324,-0.1812122736418511,-0.045648893360160925,0.010940643863178945,0.4,0.4,0.0,0,0,0.4035448012933512
1.5471698113207548,1.9481132075471699,0.589622641509434,0.6839622641509434,-0.40094339622641506,-0.09433962264150941,-0.1367924528301887,0.8,1.0,-0.19999999999999996,0,0,0.34561973524679507
2.656,1.1264367816091954,0.856,0.3793103448275862,1.5295632183908048,0.4766896551724138,0.9097011494252873,0.8,0.2,0.6000000000000001,1,1,0.884287540283487
0.76,1.2325581395348837,0.24,0.4558139534883721,-0.4725581395348837,-0.21581395348837212,-0.346046511627907,0.2,0.4,-0.2,0,0,0.2791929584908252
1.6470588235294117,1.1274509803921569,0.6470588235294118,0.47058823529411764,0.5196078431372548,0.17647058823529416,0.1470588235294119,0.6,0.6,0.0,1,1,0.6063902732328587
1.6829268292682926,1.013793103448276,0.6536585365853659,0.3724137931034483,0.6691337258200167,0.2812447434819176,0.5443229604709839,0.6,0.2,0.39999999999999997,1,1,0.7073021600916398
1.25,1.1041666666666667,0.3229166666666667,0.3854166666666667,0.14583333333333326,-0.0625,-0.44791666666666674,0.4,0.6,-0.19999999999999996,1,0,0.4163294475374389
1.7659574468085106,1.1458333333333333,0.6170212765957447,0.5625,0.6201241134751774,0.05452127659574468,-0.2278368794326241,0.6,0.6,0.0,0,1,0.5782225775156373
1.450381679389313,1.6867924528301887,0.5534351145038168,0.6528301886792452,-0.2364107734408758,-0.09939507417542848,-0.13376062220941964,1.0,0.6,0.4,1,0,0.41087179257937134
1.1626506024096386,1.0178571428571428,0.45180722891566266,0.35714285714285715,0.14479345955249578,0.09466437177280551,0.13876936316695354,0.4,0.4,0.0,0,1,0.5044109931916452
1.1242603550295858,1.4663461538461537,0.4911242603550296,0.5625,-0.342085798816568,-0.0713757396449704,0.04400887573964485,0.4,0.8,-0.4,1,0,0.3520386454405702
1.1304347826086956,1.1304347826086956,0.32608695652173914,0.2826086956521739,0.0,0.043478260869565244,0.08695652173913038,0.4,0.2,0.2,0,0,0.47588101271037203
1.2280701754385965,1.456140350877193,0.42105263157894735,0.45614035087719296,-0.22807017543859653,-0.03508771929824561,-0.1578947368421053,0.8,0.6,0.20000000000000007,0,0,0.3982253358325194
1.8162393162393162,1.125,0.6410256410256411,0.296875,0.6912393162393162,0.3441506410256411,0.7580128205128205,1.0,0.0,1.0,0,1,0.7687898148602825
1.1875,0.625,0.375,0.125,0.5625,0.25,-0.0625,0.6,0.0,0.6,0,1,0.6232600807190903
1.024390243902439,2.1341463414634148,0.4634146341463415,0.7804878048780488,-1.1097560975609757,-0.3170731707317073,-0.36585365853658547,0.4,1.0,-0.6,0,0,0.16679987674450078
1.2926829268292683,1.688073394495413,0.34146341463414637,0.5321100917431193,-0.3953904676661446,-0.19064667710897293,-0.12083240098456027,0.4,0.4,0.0,0,0,0.3432473363641581
1.22,1.16,0.32,0.28,0.06000000000000005,0.03999999999999998,0.19999999999999996,0.0,0.0,0.0,0,0,0.4886757085021347
1.180094786729858,1.1864406779661016,0.46445497630331756,0.3898305084745763,-0.006345891236243739,0.07462446782874127,0.3943288617559644,0.4,0.6,-0.19999999999999996,0,0,0.48800889594041663
1.132404181184669,1.423728813559322,0.4076655052264808,0.4406779661016949,-0.291324632374653,-0.03301246087521409,-0.11793539242898499,0.4,0.4,0.0,0,0,0.37223442583873206
0.9069767441860465,1.0769230769230769,0.35658914728682173,0.358974358974359,-0.16994633273703041,-0.0023852116875372475,-0.10554561717352406,0.4,0.6,-0.19999999999999996,0,0,0.3832541834445469
1.3904761904761904,1.323943661971831,0.42857142857142855,0.49295774647887325,0.06653252850435942,-0.0643863179074447,-0.5411133467471496,0.6,0.8,-0.20000000000000007,0,0,0.39412981262791436
2.0357142857142856,1.0689655172413792,0.6428571428571429,0.4482758620689655,0.9667487684729064,0.19458128078817738,0.3201970443349754,0.8,0.6,0.20000000000000007,0,1,0.7326358382350664
1.0177777777777777,1.1095890410958904,0.39555555555555555,0.2876712328767123,-0.09181126331811273,0.10788432267884324,0.05576864535768644,0.2,0.6,-0.39999999999999997,0,0,0.4173998841874135
1.2413793103448276,1.6206896551724137,0.3448275862068966,0.4827586206896552,-0.3793103448275861,-0.13793103448275862,-0.482758620689655,0.6,1.0,-0.4,0,0,0.29465340825391784
1.2409638554216869,1.6981132075471699,0.37349397590361444,0.5660377358490566,-0.457149352125483,-0.19254375994544215,-0.1391225278472381,0.4,1.0,-0.6,0,0,0.29693385568258207
0.8125,0.9814814814814815,0.3125,0.3888888888888889,-0.1689814814814815,-0.0763888888888889,-0.46064814814814814,0.0,0.4,-0.4,0,0,0.32303563936493007
0.8095238095238095,1.1666666666666667,0.19047619047619047,0.3888888888888889,-0.3571428571428572,-0.19841269841269843,-0.5158730158730158,0.2,0.4,-0.2,0,0,0.28704158222077475
1.2446808510638299,2.25531914893617,0.39361702127659576,0.723404255319149,-1.0106382978723403,-0.3297872340425532,-0.6170212765957447,0.6,0.6,0.0,0,0,0.18875954931640027
1.4857142857142858,0.75,0.4857142857142857,0.25,0.7357142857142858,0.2357142857142857,0.549206349206349,0.6,0.4,0.19999999999999996,1,1,0.7030628012506016
1.621212121212121,1.3295454545454546,0.6098484848484849,0.5833333333333334,0.2916666666666665,0.02651515151515149,0.015151515151515138,0.6,0.6,0.0,0,1,0.5290964956251781
1.3431952662721893,1.8579881656804733,0.5029585798816568,0.5798816568047337,-0.514792899408284,-0.07692307692307687,-0.0295857988165682,0.6,0.2,0.39999999999999997,0,0,0.3620765106275026
1.2622222222222221,1.738938053097345,0.4666666666666667,0.6327433628318584,-0.4767158308751229,-0.16607669616519172,-0.1389577187807276,0.2,0.6,-0.39999999999999997,1,0,0.3029555988267838
0.6617647058823529,1.4705882352941178,0.3088235294117647,0.7352941176470589,-0.8088235294117648,-0.42647058823529416,-0.4117647058823528,0.0,0.6,-0.6,1,0,0.1866245873618598
1.6181818181818182,0.9333333333333333,0.6636363636363637,0.4,0.6848484848484848,0.26363636363636367,0.0651515151515153,0.6,0.6,0.0,1,1,0.6376773677597419
0.9230769230769231,0.75,0.3076923076923077,0.28846153846153844,0.17307692307692313,0.019230769230769273,0.32692307692307687,0.0,0.2,-0.2,0,1,0.5031261930589997
1.1527777777777777,1.0,0.4444444444444444,0.3333333333333333,0.15277777777777768,0.1111111111111111,0.09424603174603163,0.4,0.2,0.2,1,1,0.5143107595304297
1.1145038167938932,1.2702702702702702,0.4312977099236641,0.4189189189189189,-0.15576645347637696,0.012378791004745204,0.5551371982669693,0.8,0.2,0.6000000000000001,0,1,0.5178134144372075
1.1714285714285715,2.1121495327102804,0.34285714285714286,0.7009345794392523,-0.9407209612817089,-0.35807743658210944,-1.0429906542056075,0.8,1.0,-0.19999999999999996,0,0,0.16109095332423548
0.7733333333333333,1.2727272727272727,0.22666666666666666,0.4782608695652174,-0.4993939393939394,-0.2515942028985507,-0.6427931488801053,0.2,0.6,-0.39999999999999997,0,0,0.23764307332682302
1.0758928571428572,1.6696428571428572,0.42857142857142855,0.6473214285714286,-0.59375,-0.21875000000000006,-0.4821428571428572,0.6,0.8,-0.20000000000000007,0,0,0.2552458880659477
1.2380952380952381,1.2348993288590604,0.5170068027210885,0.4161073825503356,0.003195909236177741,0.10089942017075287,0.2196502762178698,0.4,0.2,0.2,0,0,0.4972822501153553
1.9782608695652173,1.1956521739130435,0.7391304347826086,0.41304347826086957,0.7826086956521738,0.3260869565217391,0.4347826086956522,0.8,0.4,0.4,0,1,0.7288694274217429
1.3427230046948357,1.0,0.39436619718309857,0.1111111111111111,0.34272300469483574,0.28325508607198746,0.535211267605634,0.4,0.0,0.4,1,1,0.6384052317842835
2.3974358974358974,1.2264957264957266,0.7735042735042735,0.4017094017094017,1.1709401709401708,0.3717948717948718,0.735042735042735,1.0,0.6,0.4,0,1,0.8231750706096057
1.588235294117647,1.2058823529411764,0.4411764705882353,0.38235294117647056,0.38235294117647056,0.05882352941176472,-0.17647058823529416,0.8,0.4,0.4,1,1,0.5575410226439951
1.7743190661478598,1.41796875,0.7120622568093385,0.546875,0.35635031614785984,0.16518725680933855,0.27682696984435795,0.6,0.4,0.19999999999999996,1,1,0.6005300785294335
1.096774193548387,2.74025974025974,0.4645161290322581,0.8658008658008658,-1.6434855467113532,-0.4012847367686077,-0.5476050830889541,0.4,0.8,-0.4,0,0,0.10698640266629995
1.3076923076923077,1.254335260115607,0.38461538461538464,0.48554913294797686,0.05335704757670068,-0.10093374833259222,0.1620720320142286,0.8,0.6,0.20000000000000007,0,0,0.48986740749716595
1.3333333333333333,3.0,0.0,0.16666666666666666,-1.6666666666666667,-0.16666666666666666,0.8333333333333333,0.0,0.0,0.0,1,0,0.22036266128974735
1.5238095238095237,2.074074074074074,0.42857142857142855,0.6888888888888889,-0.5502645502645502,-0.26031746031746034,-0.8698412698412697,0.6,0.6,0.0,0,0,0.24634321766760967
0.6538461538461539,1.1923076923076923,0.2692307692307692,0.6153846153846154,-0.5384615384615384,-0.3461538461538462,-0.6153846153846153,0.4,0.6,-0.19999999999999996,0,0,0.2332085112870399
1.263157894736842,1.956140350877193,0.35526315789473684,0.6578947368421053,-0.692982456140351,-0.3026315789473685,-0.4649122807017545,0.6,0.4,0.19999999999999996,0,0,0.2583092333410752
1.2429378531073447,1.0,0.4689265536723164,0.384180790960452,0.24293785310734473,0.0847457627118644,-0.005649717514124131,0.4,0.2,0.2,1,1,0.521960664171748
0.9615384615384616,1.1153846153846154,0.19230769230769232,0.38461538461538464,-0.15384615384615385,-0.19230769230769232,-0.3076923076923077,0.4,0.6,-0.19999999999999996,0,0,0.3519134189211032
2.7832512315270934,0.9325842696629213,0.8817733990147784,0.3707865168539326,1.8506669618641722,0.5109868821608458,0.6086234571317872,1.0,0.6,0.4,1,1,0.8965158524807295
1.5978260869565217,1.0163934426229508,0.6739130434782609,0.4262295081967213,0.5814326443335709,0.24768353528153958,0.47968638631503924,0.6,0.4,0.19999999999999996,1,1,0.6690256341192187
1.1069767441860465,1.576036866359447,0.4325581395348837,0.5806451612903226,-0.46906012217340054,-0.14808702175543892,-0.27979852105883607,0.0,0.6,-0.6,0,0,0.2773593666771798
1.7627118644067796,2.2457627118644066,0.4830508474576271,0.7288135593220338,-0.48305084745762694,-0.24576271186440674,-0.711864406779661,0.8,0.8,0.0,0,0,0.2796133456291642
2.2244897959183674,1.6122448979591837,0.6326530612244898,0.5714285714285714,0.6122448979591837,0.061224489795918435,-0.30612244897959173,0.4,0.8,-0.4,0,1,0.5588019259619065
0.8633093525179856,1.2885375494071147,0.35251798561151076,0.4782608695652174,-0.42522819688912916,-0.12574288395370664,-0.08675747149316115,0.2,0.6,-0.39999999999999997,1,0,0.31104021752508954
2.634920634920635,1.746031746031746,0.7936507936507936,0.5238095238095238,0.8888888888888888,0.26984126984126977,0.46031746031746024,0.8,0.6,0.20000000000000007,1,1,0.7517057884205414
1.7379032258064515,1.7701612903225807,0.5604838709677419,0.5967741935483871,-0.032258064516129226,-0.03629032258064524,-0.2338709677419355,0.4,0.8,-0.4,1,0,0.4061973832481581
0.9076923076923077,1.5555555555555556,0.3384615384615385,0.3333333333333333,-0.6478632478632479,0.0051282051282051655,0.31965811965811963,0.4,0.2,0.2,1,0,0.357051800327541
1.188118811881188,1.2574257425742574,0.4504950495049505,0.47029702970297027,-0.06930693069306937,-0.019801980198019764,0.10396039603960405,0.4,0.6,-0.19999999999999996,1,0,0.43280196161840667
1.1875,1.8,0.375,0.6,-0.6125,-0.22499999999999998,-0.6458333333333334,0.6,0.8,-0.20000000000000007,0,0,0.24160139119389987
1.3218390804597702,1.7906976744186047,0.4827586206896552,0.686046511627907,-0.46885859395883456,-0.20328789093825178,-0.12697139802191926,0.6,1.0,-0.4,1,0,0.30711505782168375
0.8,1.0666666666666667,0.23333333333333334,0.3,-0.2666666666666666,-0.06666666666666665,-0.5333333333333334,0.4,0.2,0.2,0,0,0.33409802226532154
1.702054794520548,1.4212962962962963,0.6404109589041096,0.48148148148148145,0.2807584982242517,0.15892947742262814,0.3505834601725011,0.6,0.8,-0.20000000000000007,1,1,0.5686209188099222
1.5714285714285714,1.1363636363636365,0.5238095238095238,0.22727272727272727,0.43506493506493493,0.29653679653679654,0.9632034632034632,0.6,0.2,0.39999999999999997,0,1,0.7061239358976967
2.7450980392156863,1.09375,0.8529411764705882,0.375,1.6513480392156863,0.4779411764705882,0.8878676470588235,1.0,0.4,0.6,1,1,0.8955002564182698
1.1219512195121952,1.4048780487804877,0.43902439024390244,0.551219512195122,-0.2829268292682925,-0.11219512195121956,-0.21951219512195141,0.2,0.8,-0.6000000000000001,0,0,0.3212754527464863
1.3632075471698113,1.5943396226415094,0.5990566037735849,0.6556603773584906,-0.23113207547169812,-0.05660377358490565,-0.12735849056603776,0.6,0.8,-0.20000000000000007,1,0,0.3754720220504567
1.3347639484978542,1.2066115702479339,0.5107296137339056,0.4132231404958678,0.12815237824992032,0.0975064732380378,0.19863086581775624,0.6,0.4,0.19999999999999996,1,1,0.526511763367494
1.4222222222222223,1.8695652173913044,0.4222222222222222,0.6521739130434783,-0.44734299516908216,-0.22995169082125605,-0.5478260869565217,0.6,0.8,-0.20000000000000007,1,0,0.2824861208759728
1.18503937007874,1.0856164383561644,0.4251968503937008,0.3835616438356164,0.09942293172257566,0.04163520655808439,0.04004422392406437,0.4,0.4,0.0,1,0,0.47943655750655395
1.0588235294117647,0.4117647058823529,0.11764705882352941,0.11764705882352941,0.6470588235294118,0.0,-0.2941176470588234,0.0,0.0,0.0,0,1,0.5512365783459382
1.35,1.475,0.4,0.4791666666666667,-0.125,-0.07916666666666666,-0.2666666666666666,0.4,0.4,0.0,0,0,0.3924068896167125
0.9,1.5,0.1,0.3,-0.6,-0.19999999999999998,0.0,0.2,0.6,-0.39999999999999997,1,0,0.28743988665393294
1.5327868852459017,0.9814814814814815,0.5901639344262295,0.2222222222222222,0.5513054037644202,0.3679417122040073,0.7662416514875532,0.6,0.4,0.19999999999999996,1,1,0.7019024912326849
1.0333333333333334,1.0333333333333334,0.3333333333333333,0.2,0.0,0.1333333333333333,-0.10000000000000009,0.6,0.2,0.39999999999999997,0,0,0.47395754083016367
1.8416666666666666,1.4666666666666666,0.6416666666666667,0.4166666666666667,0.375,0.22500000000000003,0.3833333333333333,0.8,0.2,0.6000000000000001,1,1,0.6489227067012165
2.0441176470588234,1.1791044776119404,0.6764705882352942,0.40298507462686567,0.865013169446883,0.2734855136084285,0.3735733099209835,1.0,0.4,0.6,1,1,0.7462939506091879
1.1030927835051547,1.6804123711340206,0.38144329896907214,0.5154639175257731,-0.5773195876288659,-0.134020618556701,-0.08247422680412364,0.4,0.6,-0.19999999999999996,0,0,0.30160102328711436
1.3796296296296295,1.1216216216216217,0.37037037037037035,0.22972972972972974,0.2580080080080078,0.1406406406406406,0.3005505505505506,0.2,0.0,0.2,1,1,0.5702954879357232
1.5668016194331984,1.1129032258064515,0.5384615384615384,0.4274193548387097,0.4538983936267469,0.11104218362282875,0.05925950111009515,0.6,0.6,0.0,1,1,0.5762692322594355
2.244186046511628,1.4534883720930232,0.7209302325581395,0.4186046511627907,0.7906976744186047,0.30232558139534876,0.686046511627907,0.8,0.4,0.4,1,1,0.7575915335868795
1.1121495327102804,1.4545454545454546,0.4392523364485981,0.5113636363636364,-0.3423959218351742,-0.07211129991503823,0.0007965165675447583,0.8,0.4,0.4,0,0,0.3957588908589259
1.135135135135135,1.1,0.4189189189189189,0.35,0.035135135135135,0.06891891891891894,0.11959459459459443,0.2,0.2,0.0,0,0,0.47410167540873277
1.6585365853658536,0.9545454545454546,0.524390243902439,0.25,0.703991130820399,0.27439024390243905,0.46064301552106435,0.6,0.6,0.0,1,1,0.6865565281115749
0.7735849056603774,1.3962264150943395,0.3018867924528302,0.41509433962264153,-0.6226415094339621,-0.11320754716981135,-0.3207547169811322,0.4,0.4,0.0,1,0,0.27476198365618626
1.5989304812834224,2.2085561497326203,0.6417112299465241,0.7754010695187166,-0.6096256684491979,-0.1336898395721925,-0.19786096256684493,0.6,0.8,-0.20000000000000007,1,0,0.2963808399393752
1.4285714285714286,1.0714285714285714,0.5714285714285714,0.35714285714285715,0.3571428571428572,0.21428571428571425,0.1428571428571428,0.8,0.4,0.4,1,1,0.5953048669524093
1.393939393939394,1.3636363636363635,0.4696969696969697,0.44696969696969696,0.030303030303030498,0.022727272727272763,0.21212121212121215,0.2,0.6,-0.39999999999999997,1,0,0.4633264229344728
1.6868686868686869,1.31,0.6666666666666666,0.47,0.3768686868686868,0.19666666666666666,-0.23333333333333317,0.4,0.6,-0.19999999999999996,0,1,0.5235673523710367
1.218978102189781,2.3508771929824563,0.4233576642335766,0.7602339181286549,-1.1318990907926754,-0.3368762538950783,-0.6687582703717933,0.6,1.0,-0.4,0,0,0.1560293264957021
1.0604026845637584,1.1229946524064172,0.42953020134228187,0.4385026737967914,-0.06259196784265875,-0.00897247245450955,-0.04974338728780103,0.4,0.2,0.2,1,0,0.43728407573103795
0.9590643274853801,1.2424242424242424,0.39766081871345027,0.4696969696969697,-0.28335991493886237,-0.07203615098351945,0.10180754917597024,0.6,0.6,0.0,0,0,0.39007328304483896
1.576158940397351,0.9308510638297872,0.5596026490066225,0.35106382978723405,0.6453078765675638,0.20853881921938844,0.27775820769339155,0.2,0.4,-0.2,0,1,0.6332745265856442
1.1952861952861953,0.9672131147540983,0.5151515151515151,0.34972677595628415,0.22807308053209696,0.16542473919523099,0.27681183418888344,0.6,0.2,0.39999999999999997,1,1,0.5699932241408822
1.1267605633802817,1.0985915492957747,0.38028169014084506,0.323943661971831,0.028169014084507005,0.056338028169014065,-0.15492957746478875,0.2,0.6,-0.39999999999999997,0,0,0.4176528138201967
1.4,2.1333333333333333,0.06666666666666667,0.5333333333333333,-0.7333333333333334,-0.4666666666666667,-0.9333333333333333,0.2,0.8,-0.6000000000000001,1,0,0.17783988825556193
2.0,1.18,0.64,0.44,0.8200000000000001,0.2,0.3999999999999999,0.6,0.2,0.39999999999999997,1,1,0.722457834521307
1.2633744855967077,2.2775800711743774,0.4567901234567901,0.7864768683274022,-1.0142055855776697,-0.32968674487061206,-0.6232590835200562,0.2,0.8,-0.6000000000000001,0,0,0.16465384971287383
0.7857142857142857,0.7321428571428571,0.32142857142857145,0.3392857142857143,0.0535714285714286,-0.01785714285714285,-0.4464285714285714,0.6,0.0,0.6,0,0,0.4340445648145555
1.1142857142857143,1.009009009009009,0.4,0.34234234234234234,0.1052767052767054,0.05765765765765768,0.48906048906048905,0.4,0.2,0.2,0,1,0.5433325781268996
1.4642857142857142,0.9347826086956522,0.625,0.3695652173913043,0.529503105590062,0.2554347826086957,0.4707556935817806,0.4,0.2,0.2,1,1,0.6539392011731717
1.08,2.122448979591837,0.36,0.6530612244897959,-1.0424489795918368,-0.2930612244897959,-0.4191836734693877,0.4,1.0,-0.6,1,0,0.17518709952563435
1.9125,1.0379746835443038,0.6,0.3037974683544304,0.8745253164556963,0.2962025316455696,0.3700949367088606,0.6,0.0,0.6,1,1,0.7440410820536772
1.3214285714285714,0.9285714285714286,0.39285714285714285,0.21428571428571427,0.3928571428571428,0.17857142857142858,0.7857142857142856,0.0,0.0,0.0,1,1,0.6386643034433596
1.496969696969697,1.1348314606741574,0.5151515151515151,0.33707865168539325,0.36213823629553965,0.1780728634661219,0.2086482805583929,0.2,0.4,-0.2,0,1,0.5632945092881061
1.1625615763546797,1.5270935960591132,0.4827586206896552,0.5812807881773399,-0.3645320197044335,-0.09852216748768466,-0.12315270935960587,0.0,0.4,-0.4,0,0,0.32600606328360876
1.6581196581196582,1.7264957264957266,0.6666666666666666,0.6666666666666666,-0.06837606837606836,0.0,-0.03418803418803418,0.8,0.4,0.4,1,0,0.47004623916133215
0.8461538461538461,1.4615384615384615,0.38461538461538464,0.6923076923076923,-0.6153846153846153,-0.30769230769230765,-0.423076923076923,0.8,1.0,-0.19999999999999996,0,0,0.2461675162880088
1.2307692307692308,1.3488372093023255,0.4230769230769231,0.48255813953488375,-0.1180679785330947,-0.05948121645796067,-0.07692307692307687,0.6,0.4,0.19999999999999996,1,0,0.4255201504120027
1.0,1.4,0.30434782608695654,0.4918918918918919,-0.3999999999999999,-0.18754406580493538,-0.3927144535840188,0.2,0.2,0.0,1,0,0.30548222154640875
1.8064516129032258,1.2795698924731183,0.4946236559139785,0.3225806451612903,0.5268817204301075,0.17204301075268819,0.4301075268817205,0.4,0.4,0.0,0,1,0.6440917438320529
1.1066666666666667,1.12,0.4,0.4533333333333333,-0.01333333333333342,-0.05333333333333329,-0.10666666666666669,0.4,0.6,-0.19999999999999996,0,0,0.41582191072981495
1.5829383886255923,1.2371134020618557,0.5829383886255924,0.38144329896907214,0.3458249865637366,0.2014950896565203,0.4070454878585039,0.8,0.2,0.6000000000000001,1,1,0.6363501560772942
2.2027027027027026,1.2162162162162162,0.7297297297297297,0.43243243243243246,0.9864864864864864,0.29729729729729726,0.5405405405405405,1.0,0.6,0.4,1,1,0.775311018957899
1.0599078341013826,1.2389078498293515,0.423963133640553,0.46075085324232085,-0.17900001572796898,-0.036787719601767854,-0.06901432817980213,0.2,0.4,-0.2,0,0,0.3838903229196891
1.6927710843373494,1.0546875,0.572289156626506,0.4453125,0.6380835843373494,0.12697665662650603,-0.026167168674698704,0.6,0.4,0.19999999999999996,1,1,0.6208791457897739
0.9078947368421053,1.3421052631578947,0.27631578947368424,0.5657894736842105,-0.4342105263157894,-0.28947368421052627,-0.05263157894736836,0.8,0.4,0.4,0,0,0.3476749964203174
0.984375,0.84375,0.34375,0.34375,0.140625,0.0,-0.015625,0.4,0.2,0.2,0,0,0.48406815159616173
0.9761904761904762,1.5454545454545454,0.30952380952380953,0.538961038961039,-0.5692640692640693,-0.22943722943722944,-0.25757575757575757,0.4,0.6,-0.19999999999999996,0,0,0.2761690023143079
1.0909090909090908,1.6666666666666667,0.49696969696969695,0.6564102564102564,-0.5757575757575759,-0.15944055944055946,-0.21864801864801853,0.4,0.6,-0.19999999999999996,0,0,0.28445138857201585
1.3255813953488371,1.308139534883721,0.47093023255813954,0.5116279069767442,0.017441860465116088,-0.04069767441860467,-0.2732558139534882,0.6,0.8,-0.20000000000000007,1,0,0.41282930356970465
1.0,1.4728682170542635,0.13333333333333333,0.5348837209302325,-0.4728682170542635,-0.4015503875968992,-0.42015503875968996,0.2,0.4,-0.2,0,0,0.26579729428611043
1.4565217391304348,1.0434782608695652,0.5652173913043478,0.391304347826087,0.4130434782608696,0.1739130434782608,0.5869565217391304,1.0,0.4,0.6,0,1,0.6635623428587683
1.7727272727272727,1.196969696969697,0.6818181818181818,0.3787878787878788,0.5757575757575757,0.303030303030303,0.2727272727272728,1.0,0.2,0.8,0,1,0.6917269627620148
1.0681818181818181,1.1373239436619718,0.36363636363636365,0.4084507042253521,-0.06914212548015364,-0.04481434058898848,-0.1796841655996586,0.2,0.4,-0.2,1,0,0.3947572707021889
0.42857142857142855,1.6143497757847534,0.0,0.6367713004484304,-1.1857783472133248,-0.6367713004484304,0.25432415118513774,0.0,0.8,-0.8,0,0,0.16416208256973164
1.7849829351535835,1.1764705882352942,0.7235494880546075,0.4264705882352941,0.6085123469182894,0.2970788998193134,0.5427624974904638,1.0,0.0,1.0,1,1,0.7315061130075223
1.1914893617021276,1.0,0.4326241134751773,0.3333333333333333,0.1914893617021276,0.099290780141844,0.03335960073548727,0.6,0.0,0.6,0,1,0.5414405189003414
1.7666666666666666,1.45,0.65,0.4666666666666667,0.31666666666666665,0.18333333333333335,0.3666666666666667,0.6,0.6,0.0,1,1,0.5937437253293166
1.7251184834123223,1.0454545454545454,0.6113744075829384,0.3181818181818182,0.6796639379577769,0.2931925894011202,1.0206807410598877,0.0,0.2,-0.2,1,1,0.7227267915726647
1.0689655172413792,1.2758620689655173,0.3793103448275862,0.45517241379310347,-0.20689655172413812,-0.07586206896551728,-0.07586206896551717,0.2,0.4,-0.2,0,0,0.37499982222988754
1.0108695652173914,1.673913043478261,0.2391304347826087,0.45652173913043476,-0.6630434782608696,-0.21739130434782605,-0.42391304347826075,0.2,0.2,0.0,1,0,0.2565339781819125
0.7959183673469388,1.2105263157894737,0.32653061224489793,0.3684210526315789,-0.4146079484425349,-0.041890440386680994,0.2524167561761548,0.4,0.8,-0.4,1,0,0.3551878091408609
1.1159420289855073,1.1203703703703705,0.37681159420289856,0.5185185185185185,-0.004428341384863144,-0.14170692431561993,-0.3595008051529791,0.4,0.4,0.0,0,0,0.3932627317843334
1.2027027027027026,1.7569444444444444,0.32432432432432434,0.5416666666666666,-0.5542417417417418,-0.2173423423423423,-0.39095345345345334,0.2,0.6,-0.39999999999999997,1,0,0.2628100119408016
1.502145922746781,2.3991416309012874,0.39914163090128757,0.7725321888412017,-0.8969957081545064,-0.3733905579399141,-0.8454935622317596,0.4,1.0,-0.6,0,0,0.1682962994084943
1.1551724137931034,1.2,0.5043103448275862,0.4,-0.04482758620689653,0.10431034482758617,0.1625000000000001,1.0,0.6,0.4,1,0,0.49598820381885533
1.1012658227848102,1.1012658227848102,0.4050632911392405,0.5189873417721519,0.0,-0.11392405063291139,-0.5063291139240506,0.4,0.4,0.0,0,0,0.37989470610364867
2.173076923076923,0.9038461538461539,0.6153846153846154,0.36538461538461536,1.2692307692307692,0.25000000000000006,-0.15384615384615374,0.4,0.6,-0.19999999999999996,0,1,0.7275878672678038
1.1111111111111112,1.5897435897435896,0.4444444444444444,0.6538461538461539,-0.4786324786324785,-0.20940170940170943,-0.5244200244200244,0.2,0.6,-0.39999999999999997,0,0,0.2596206210070111
1.1728395061728396,1.1008403361344539,0.345679012345679,0.48739495798319327,0.07199917003838574,-0.14171594563751427,-0.7100321610125533,0.4,0.0,0.4,0,0,0.3955917191129693
1.686046511627907,1.569767441860465,0.5348837209302325,0.5,0.11627906976744207,0.03488372093023251,-0.2790697674418605,0.4,0.2,0.2,1,0,0.47287714764555283
1.1841004184100419,1.44043321299639,0.41841004184100417,0.5740072202166066,-0.25633279458634806,-0.15559717837560239,-0.31469872966481893,0.6,0.4,0.19999999999999996,0,0,0.3608576186728614
1.9661016949152543,1.3615819209039548,0.6440677966101694,0.4915254237288136,0.6045197740112995,0.15254237288135586,0.062146892655367214,0.6,0.4,0.19999999999999996,0,1,0.633605067382208
1.253968253968254,1.1428571428571428,0.43386243386243384,0.49206349206349204,0.11111111111111116,-0.0582010582010582,-0.14814814814814814,0.2,0.6,-0.39999999999999997,1,0,0.4273704774119115
1.3299492385786802,1.4213197969543148,0.4010152284263959,0.48223350253807107,-0.09137055837563457,-0.08121827411167515,-0.2791878172588833,0.4,0.4,0.0,0,0,0.3969704064385165
1.5526315789473684,1.0793650793650793,0.5526315789473685,0.41798941798941797,0.47326649958228906,0.1346421609579505,0.18111946532999168,0.8,0.2,0.6000000000000001,0,1,0.6307672883044687
1.1666666666666667,0.9444444444444444,0.48148148148148145,0.46296296296296297,0.22222222222222232,0.01851851851851849,-0.2962962962962963,0.4,0.6,-0.19999999999999996,0,0,0.4512346348454159
1.2290076335877862,1.7724550898203593,0.4122137404580153,0.6047904191616766,-0.5434474562325731,-0.19257667870366135,-0.21191205375508537,0.6,0.4,0.19999999999999996,0,0,0.31501177028080574
1.2702702702702702,2.810810810810811,0.4864864864864865,0.7027027027027027,-1.5405405405405408,-0.21621621621621623,-0.32432432432432423,0.6,0.4,0.19999999999999996,0,0,0.15645160168846214
1.306878306878307,1.6704980842911878,0.4444444444444444,0.5210727969348659,-0.3636197774128809,-0.07662835249042144,0.029739098704615996,0.4,0.2,0.2,1,0,0.38556938305382293
0.9152542372881356,1.4406779661016949,0.3050847457627119,0.6610169491525424,-0.5254237288135593,-0.3559322033898305,-0.5932203389830508,0.2,0.6,-0.39999999999999997,0,0,0.23242663066498245
0.9517241379310345,1.1485714285714286,0.3724137931034483,0.5028571428571429,-0.19684729064039408,-0.1304433497536946,-0.20472906403940883,0.2,0.6,-0.39999999999999997,1,0,0.3437764108002628
1.125,1.25,0.3942307692307692,0.46153846153846156,-0.125,-0.06730769230769235,-0.23076923076923062,0.0,0.6,-0.6,0,0,0.35337440417547267
1.8602150537634408,1.2033898305084745,0.5591397849462365,0.423728813559322,0.6568252232549663,0.1354109713869145,0.06305813741570976,0.2,1.0,-0.8,0,1,0.5808410235275632
1.4135021097046414,1.7899159663865547,0.5485232067510548,0.7058823529411765,-0.3764138566819133,-0.1573591461901217,-0.23580824734957284,0.6,0.8,-0.20000000000000007,0,0,0.3292370697320908
1.18,1.1875,0.35333333333333333,0.39285714285714285,-0.007500000000000062,-0.03952380952380952,-0.00821428571428573,0.4,0.6,-0.19999999999999996,0,0,0.43286927207084974
1.2083333333333333,1.7202380952380953,0.4166666666666667,0.5654761904761905,-0.5119047619047621,-0.14880952380952378,-0.2738095238095237,0.4,0.6,-0.19999999999999996,0,0,0.2961120023164995
1.2857142857142858,2.0952380952380953,0.23809523809523808,0.47619047619047616,-0.8095238095238095,-0.23809523809523808,-0.5714285714285714,0.2,0.4,-0.2,1,0,0.21875115159669778
0.972972972972973,1.2105263157894737,0.2702702702702703,0.42105263157894735,-0.23755334281650065,-0.15078236130867706,-0.46870554765291605,0.0,0.8,-0.8,0,0,0.2889303623704412
1.8307692307692307,1.304,0.5846153846153846,0.424,0.5267692307692307,0.16061538461538466,0.12307692307692308,0.6,0.8,-0.20000000000000007,1,1,0.5997904428157278
1.4360189573459716,1.2033898305084745,0.4928909952606635,0.288135593220339,0.23262912683749715,0.2047554020403245,0.3509518836854366,0.2,0.6,-0.39999999999999997,1,1,0.5415791385930427
1.6274509803921569,1.1176470588235294,0.5686274509803921,0.29411764705882354,0.5098039215686274,0.2745098039215686,0.6470588235294117,0.6,0.4,0.19999999999999996,1,1,0.6777592248399479
1.9514563106796117,2.0,0.6553398058252428,0.6796116504854369,-0.04854368932038833,-0.024271844660194164,-0.15533980582524265,0.6,0.8,-0.20000000000000007,0,0,0.43146515318314066
1.1377245508982037,1.0975609756097562,0.38922155688622756,0.375609756097561,0.040163575288447495,0.013611800788666584,-0.07106762085584939,0.2,0.4,-0.2,0,0,0.43697058507565506
0.9674418604651163,0.9302325581395349,0.3627906976744186,0.3627906976744186,0.037209302325581395,0.0,0.28372093023255807,0.2,0.2,0.0,0,0,0.481541861782271
1.435483870967742,0.9919354838709677,0.6370967741935484,0.3870967741935484,0.44354838709677424,0.25,0.3548387096774194,0.4,0.4,0.0,1,1,0.6120669351624202
1.3376623376623376,1.051948051948052,0.4805194805194805,0.37662337662337664,0.2857142857142856,0.10389610389610388,0.09090909090909083,0.6,0.4,0.19999999999999996,0,1,0.5489175637420937
1.0574712643678161,1.896551724137931,0.40229885057471265,0.6206896551724138,-0.8390804597701149,-0.21839080459770116,-0.13793103448275867,0.4,1.0,-0.6,0,0,0.22717433630413533
1.2962962962962963,1.771604938271605,0.41975308641975306,0.5123456790123457,-0.47530864197530875,-0.09259259259259267,0.2407407407407407,0.4,0.6,-0.19999999999999996,0,0,0.36245596850970874
1.3103448275862069,1.5639097744360901,0.4224137931034483,0.4849624060150376,-0.2535649468498833,-0.06254861291158931,-0.23191599688877362,0.6,0.6,0.0,1,0,0.37209321508764664
1.6911764705882353,1.0735294117647058,0.5294117647058824,0.36764705882352944,0.6176470588235294,0.16176470588235292,0.11764705882352944,0.2,0.4,-0.2,1,1,0.6104391098166052
1.5568181818181819,1.1590909090909092,0.6136363636363636,0.4602272727272727,0.3977272727272727,0.15340909090909094,0.21590909090909083,0.6,0.4,0.19999999999999996,1,1,0.5958263799062539
1.056,1.2413793103448276,0.448,0.47126436781609193,-0.18537931034482757,-0.023264367816091924,0.012321839080459585,0.4,0.8,-0.4,0,0,0.3827963424350607
0.9069767441860465,1.1358024691358024,0.37209302325581395,0.5308641975308642,-0.22882572494975595,-0.15877117427505028,-0.031294860752224984,0.4,0.8,-0.4,0,0,0.35333822126033193
0.945273631840796,0.8571428571428571,0.3681592039800995,0.23809523809523808,0.08813077469793895,0.1300639658848614,0.3830845771144278,0.4,0.2,0.2,0,1,0.5298491843595984
1.25,0.9134615384615384,0.4444444444444444,0.38461538461538464,0.33653846153846156,0.05982905982905978,-0.13354700854700852,0.4,0.2,0.2,1,1,0.5254293609720733
0.9047619047619048,1.2518518518518518,0.09523809523809523,0.4222222222222222,-0.347089947089947,-0.326984126984127,-0.6518518518518519,0.0,0.6,-0.6,0,0,0.2503230969068171
1.05,1.16,0.36,0.37,-0.10999999999999988,-0.010000000000000009,0.06000000000000005,0.4,0.4,0.0,0,0,0.4291124431464773
1.2,1.2162162162162162,0.3923076923076923,0.42702702702702705,-0.016216216216216273,-0.03471933471933475,-0.2725571725571727,0.0,0.8,-0.8,1,0,0.36489884695610814
1.18,2.0069444444444446,0.424,0.6979166666666666,-0.8269444444444447,-0.27391666666666664,-0.43547222222222215,0.8,0.8,0.0,0,0,0.23146181783634162
0.9150943396226415,1.1875,0.4056603773584906,0.4027777777777778,-0.27240566037735847,0.002882599580712797,0.21160901467505244,0.6,0.4,0.19999999999999996,0,0,0.42152932318878755
1.0579710144927537,1.1176470588235294,0.463768115942029,0.45588235294117646,-0.05967604433077578,0.00788576300085253,0.09015345268542219,0.4,0.4,0.0,1,0,0.44291273765895683
0.9955947136563876,1.13215859030837,0.3436123348017621,0.4933920704845815,-0.13656387665198233,-0.14977973568281938,-0.18502202643171817,0.8,0.8,0.0,0,0,0.38516929806562755
1.1886792452830188,1.1367924528301887,0.4858490566037736,0.4386792452830189,0.05188679245283012,0.047169811320754707,0.10377358490566047,0.8,0.4,0.4,1,1,0.5035518385697301
1.122093023255814,0.9904761904761905,0.4883720930232558,0.3380952380952381,0.13161683277962344,0.15027685492801768,0.15797342192691022,0.4,0.2,0.2,1,1,0.519096784942889
1.6536585365853658,1.502439024390244,0.6731707317073171,0.624390243902439,0.15121951219512186,0.04878048780487809,0.014634146341463428,1.0,0.8,0.19999999999999996,1,1,0.5170593624019474
1.282442748091603,1.075268817204301,0.5267175572519084,0.27956989247311825,0.20717393088730196,0.24714766477879013,0.6964622835098087,0.6,0.2,0.39999999999999997,0,1,0.6225628483052993
1.7622950819672132,1.4672131147540983,0.5163934426229508,0.4098360655737705,0.29508196721311486,0.10655737704918034,-0.16393442622950816,0.6,0.2,0.39999999999999997,0,1,0.5479637755977914
1.125,1.0625,0.3125,0.1875,0.0625,0.125,0.6875,0.6,0.0,0.6,1,1,0.590700227983742
1.7333333333333334,1.1847133757961783,0.5511111111111111,0.42038216560509556,0.5486199575371551,0.13072894550601555,0.1104317055909414,1.0,0.2,0.8,1,1,0.6561198849043727
1.1390728476821192,1.4640522875816993,0.44370860927152317,0.5294117647058824,-0.32497943989958,-0.08570315543435919,-0.22663723325974972,0.6,0.8,-0.20000000000000007,0,0,0.3398654433819137
1.4698795180722892,1.7023809523809523,0.42168674698795183,0.5476190476190477,-0.2325014343086631,-0.12593230063109584,0.01721170395869187,0.4,0.8,-0.4,1,0,0.37814572606185165
1.44,2.3435897435897437,0.24,0.7025641025641025,-0.9035897435897438,-0.4625641025641025,-0.9620512820512821,0.4,0.8,-0.4,0,0,0.1623158847436965
1.6984126984126984,1.1693121693121693,0.6613756613756614,0.47619047619047616,0.5291005291005291,0.18518518518518523,0.16402116402116396,0.6,0.6,0.0,0,1,0.6124218980459204
1.09375,1.09375,0.21875,0.375,0.0,-0.15625,-0.46875,0.4,0.4,0.0,1,0,0.3833403074880006
0.8666666666666667,0.9666666666666667,0.23333333333333334,0.3333333333333333,-0.09999999999999998,-0.09999999999999998,-0.2666666666666666,0.2,0.6,-0.39999999999999997,0,0,0.3588893565132986
1.116504854368932,1.2766990291262137,0.49514563106796117,0.45145631067961167,-0.1601941747572817,0.043689320388349495,0.12621359223300987,1.0,0.6,0.4,1,0,0.4600788992956795
1.0,1.076470588235294,0.37857142857142856,0.4823529411764706,-0.07647058823529407,-0.10378151260504204,-0.2890756302521009,0.4,0.0,0.4,1,0,0.4087692969254164
1.4448818897637796,1.2934782608695652,0.484251968503937,0.4076086956521739,0.15140362889421444,0.07664327285176309,0.061494351249572254,0.6,0.2,0.39999999999999997,0,1,0.5298483261797512
1.1470588235294117,1.7647058823529411,0.38235294117647056,0.5661764705882353,-0.6176470588235294,-0.18382352941176472,-0.3333333333333335,0.0,0.8,-0.8,1,0,0.23863842087083859
2.357142857142857,1.5,0.5,0.35714285714285715,0.8571428571428572,0.14285714285714285,-0.1428571428571428,1.0,0.6,0.4,1,1,0.6887809859590368
0.7894736842105263,2.752032520325203,0.2631578947368421,0.7926829268292683,-1.9625588361146769,-0.5295250320924263,-0.4696191698759091,0.4,0.8,-0.4,0,0,0.08050130963820952
2.0,3.0,0.0,0.0,-1.0,0.0,-0.16666666666666674,0.0,0.0,0.0,0,0,0.270347692638951
1.1900826446280992,1.3688524590163935,0.3884297520661157,0.5901639344262295,-0.1787698143882943,-0.2017341823601138,-0.12654111908955445,0.2,0.4,-0.2,0,0,0.366909509300657
2.103448275862069,1.4942528735632183,0.632183908045977,0.42528735632183906,0.6091954022988506,0.20689655172413796,0.2298850574712643,0.6,0.4,0.19999999999999996,1,1,0.66167699467812
1.169398907103825,2.2185792349726774,0.4426229508196721,0.8087431693989071,-1.0491803278688523,-0.366120218579235,-0.6120218579234973,0.8,0.8,0.0,0,0,0.18090572652103584
0.9259259259259259,1.3624161073825503,0.3333333333333333,0.47651006711409394,-0.4364901814566243,-0.14317673378076062,-0.29405915983097186,0.4,0.4,0.0,0,0,0.31130790188336777
2.063106796116505,1.2151162790697674,0.6893203883495146,0.42441860465116277,0.8479905170467377,0.2649017836983518,0.5619778731090539,0.8,0.2,0.6000000000000001,1,1,0.7578117919938943
1.802325581395349,1.244186046511628,0.6744186046511628,0.38372093023255816,0.558139534883721,0.2906976744186046,0.6744186046511629,0.6,0.4,0.19999999999999996,0,1,0.6940494600775985
1.1195652173913044,1.5054151624548737,0.4420289855072464,0.6389891696750902,-0.3858499450635693,-0.19696018416784383,-0.29699680845497833,0.8,0.4,0.4,0,0,0.3437963752471442
1.0,1.0769230769230769,0.0,0.23076923076923078,-0.07692307692307687,-0.23076923076923078,0.441025641025641,0.0,0.8,-0.8,1,0,0.41224058984322115
1.1931818181818181,1.0943396226415094,0.38636363636363635,0.3018867924528302,0.09884219554030871,0.08447684391080618,0.33104631217838776,0.4,0.4,0.0,0,1,0.5180201953816373
1.0588235294117647,1.0333333333333334,0.3382352941176471,0.43333333333333335,0.025490196078431282,-0.09509803921568627,-0.469607843137255,0.4,0.4,0.0,1,0,0.39075791343396504
1.2307692307692308,1.1557377049180328,0.47692307692307695,0.4959016393442623,0.07503152585119799,-0.01897856242118534,-0.278688524590164,0.2,0.8,-0.6000000000000001,0,0,0.3963087834712093
1.0833333333333333,1.072992700729927,0.125,0.39416058394160586,0.010340632603406341,-0.26916058394160586,-0.8360705596107056,0.2,0.4,-0.2,0,0,0.3253693067616626
1.1346938775510205,0.9389312977099237,0.4163265306122449,0.35877862595419846,0.1957625798410968,0.057547904658046434,-0.10954977410811662,0.2,0.6,-0.39999999999999997,1,0,0.45738811603289015
1.0155642023346303,1.25,0.39299610894941633,0.42934782608695654,-0.2344357976653697,-0.03635171713754021,-0.014105058365758705,0.2,0.4,-0.2,0,0,0.3779069026304806
1.2967032967032968,0.9230769230769231,0.3956043956043956,0.3626373626373626,0.37362637362637363,0.03296703296703296,-0.5054945054945055,0.4,0.4,0.0,0,0,0.47898327998247986
1.5357142857142858,2.4642857142857144,0.5714285714285714,0.7410714285714286,-0.9285714285714286,-0.1696428571428572,-0.2946428571428572,0.8,0.6,0.20000000000000007,0,0,0.25069365139730915
0.8354430379746836,0.7848101265822784,0.31645569620253167,0.2911392405063291,0.05063291139240511,0.025316455696202556,-0.26582278481012644,0.6,0.6,0.0,0,0,0.42509804129639317
1.2,2.1,0.3,0.2,-0.9000000000000001,0.09999999999999998,0.5999999999999999,0.6,0.4,0.19999999999999996,0,0,0.35816870255310185
0.7948717948717948,1.2849462365591398,0.21794871794871795,0.40860215053763443,-0.49007444168734493,-0.19065343258891648,-0.48511166253101745,0.0,0.2,-0.2,1,0,0.26547955877361623
1.8571428571428572,1.1428571428571428,0.14285714285714285,0.14285714285714285,0.7142857142857144,0.0,0.7142857142857142,0.0,0.0,0.0,1,1,0.6969494514646494
1.1158940397350994,1.228476821192053,0.45695364238410596,0.5298013245033113,-0.11258278145695355,-0.07284768211920534,-0.16887417218543055,0.6,0.8,-0.20000000000000007,1,0,0.3878664754478164
1.1197916666666667,1.353448275862069,0.4375,0.3879310344827586,-0.2336566091954022,0.04956896551724138,0.140625,0.4,0.4,0.0,0,0,0.4192013849328713
1.3333333333333333,2.6493506493506493,0.0,0.7402597402597403,-1.316017316017316,-0.7402597402597403,-0.9797979797979798,0.0,0.8,-0.8,0,0,0.09816736512946875
1.6387096774193548,0.9622641509433962,0.5096774193548387,0.3584905660377358,0.6764455264759586,0.15118685331710285,-0.013146682897139161,0.4,0.4,0.0,0,1,0.6187883709962815
1.2115384615384615,1.3170731707317074,0.4230769230769231,0.5024390243902439,-0.10553470919324592,-0.07936210131332083,-0.10028142589118216,0.2,0.4,-0.2,0,0,0.3962427997625726
1.1759259259259258,1.5,0.5462962962962963,0.5925925925925926,-0.3240740740740742,-0.04629629629629628,0.07407407407407407,0.2,0.8,-0.6000000000000001,0,0,0.3490264746887652
1.3954802259887005,1.6610169491525424,0.5028248587570622,0.5932203389830508,-0.2655367231638419,-0.09039548022598864,-0.10169491525423724,0.4,1.0,-0.6,0,0,0.3475760342492725
0.8686868686868687,1.1111111111111112,0.35353535353535354,0.1111111111111111,-0.24242424242424243,0.24242424242424243,0.1717171717171717,0.4,0.0,0.4,0,0,0.4566369021569764
1.1153846153846154,0.7307692307692307,0.3076923076923077,0.19230769230769232,0.3846153846153847,0.11538461538461539,0.15384615384615374,0.6,0.2,0.39999999999999997,1,1,0.5852857480625736
0.9716312056737588,1.619047619047619,0.375886524822695,0.5238095238095238,-0.6474164133738602,-0.1479229989868288,-0.3302938196555216,0.4,0.8,-0.4,0,0,0.2529040393277111
1.7647058823529411,0.8947368421052632,0.6529411764705882,0.2631578947368421,0.869969040247678,0.38978328173374616,0.7656346749226006,0.4,0.6,-0.19999999999999996,1,1,0.7427702916928469
0.4666666666666667,0.8666666666666667,0.2,0.26666666666666666,-0.4,-0.06666666666666665,-0.19999999999999996,0.2,0.6,-0.39999999999999997,0,0,0.3007209984581369
0.9585798816568047,1.3969849246231156,0.3905325443786982,0.5678391959798995,-0.4384050429663109,-0.1773066516012013,-0.22146234129226028,0.4,0.6,-0.19999999999999996,0,0,0.304927575726034
2.7053140096618358,1.0545454545454545,0.7922705314009661,0.23636363636363636,1.6507685551163813,0.5559068950373298,0.39771629336846726,1.0,0.2,0.8,1,1,0.8810635394419992
0.9468085106382979,1.1730769230769231,0.30851063829787234,0.4807692307692308,-0.22626841243862528,-0.17225859247135844,-0.43013502454991803,0.4,0.4,0.0,1,0,0.33524036862427803
1.7371794871794872,1.7839506172839505,0.5576923076923077,0.6111111111111112,-0.04677113010446332,-0.05341880341880345,-0.05318138651471971,0.4,1.0,-0.6,1,0,0.4100963520652177
1.5376344086021505,0.9932432432432432,0.5645161290322581,0.35135135135135137,0.5443911653589073,0.21316477768090675,0.33151700087183955,1.0,0.2,0.8,1,1,0.6788983878142768
1.0761421319796953,1.102189781021898,0.41116751269035534,0.3795620437956204,-0.02604764904220258,0.03160546889473492,0.04487013227611247,0.8,0.4,0.4,1,0,0.4763607131784089
1.9180327868852458,1.1864406779661016,0.6229508196721312,0.3389830508474576,0.7315921089191442,0.28396776882467356,0.7413170325090302,1.0,0.4,0.6,1,1,0.7548884063281471
2.022222222222222,1.1111111111111112,0.6444444444444445,0.35555555555555557,0.911111111111111,0.2888888888888889,0.6000000000000001,0.8,0.4,0.4,0,1,0.7635796763344395
1.66,1.6,0.46,0.52,0.05999999999999983,-0.06,-0.48,0.6,0.6,0.0,0,0,0.4197941371615017
1.8529411764705883,2.088235294117647,0.5,0.6470588235294118,-0.23529411764705888,-0.1470588235294118,-0.2058823529411764,0.6,1.0,-0.4,0,0,0.36457195612040766
1.32,1.1355932203389831,0.2,0.423728813559322,0.18440677966101693,-0.223728813559322,-0.10372881355932195,0.2,0.2,0.0,1,0,0.46147623564992624
2.40625,1.171875,0.671875,0.390625,1.234375,0.28125,0.59375,1.0,0.4,0.6,1,1,0.8245221217548063
1.5947136563876652,1.1762114537444934,0.6387665198237885,0.44493392070484583,0.41850220264317173,0.19383259911894268,0.45374449339207057,0.8,0.4,0.4,0,1,0.6431734614976906
1.085427135678392,1.7611940298507462,0.4120603015075377,0.6318407960199005,-0.6757668941723542,-0.2197804945123628,-0.2929073226830672,0.4,1.0,-0.6,0,0,0.23976581389361187
1.1137724550898203,1.2666666666666666,0.39520958083832336,0.2,-0.15289421157684635,0.19520958083832335,0.47145708582834334,0.2,0.2,0.0,1,0,0.4870425723024865
1.3888888888888888,1.0833333333333333,0.5,0.4444444444444444,0.3055555555555556,0.05555555555555558,0.13888888888888884,0.6,0.4,0.19999999999999996,1,1,0.5549679367698229
1.3054187192118227,1.5236363636363637,0.45320197044334976,0.5163636363636364,-0.21821764442454095,-0.0631616659202866,0.09458128078817718,0.4,0.6,-0.19999999999999996,1,0,0.4006575048628331
1.5104166666666667,1.8020833333333333,0.5416666666666666,0.6666666666666666,-0.2916666666666665,-0.125,-0.35416666666666674,0.8,0.8,0.0,0,0,0.35176295710507166
1.4345549738219896,2.7510917030567685,0.5078534031413613,0.8646288209606987,-1.316536729234779,-0.3567754178193374,-0.5246119024211803,0.8,0.6,0.20000000000000007,0,0,0.16593307920088665
1.0814814814814815,2.6592592592592594,0.4,0.8592592592592593,-1.577777777777778,-0.45925925925925926,-0.5851851851851853,0.4,1.0,-0.6,1,0,0.10424926796677747
1.087557603686636,1.0461538461538462,0.4838709677419355,0.46153846153846156,0.04140375753278969,0.022332506203473934,0.1584544487770293,0.4,0.6,-0.19999999999999996,1,0,0.46227662694932337
1.0772727272727274,1.6772727272727272,0.45,0.6454545454545455,-0.5999999999999999,-0.1954545454545455,-0.2954545454545454,0.6,1.0,-0.4,0,0,0.26305787918566975
1.1875,1.08,0.25,0.44,0.10749999999999993,-0.19,0.08749999999999991,0.4,0.8,-0.4,0,0,0.44329333379536956
1.196078431372549,1.8823529411764706,0.35294117647058826,0.49019607843137253,-0.6862745098039216,-0.13725490196078427,-0.3529411764705881,0.6,0.4,0.19999999999999996,1,0,0.2810268502158508
1.1111111111111112,0.8333333333333334,0.5,0.2777777777777778,0.2777777777777778,0.2222222222222222,0.888888888888889,0.8,0.4,0.4,0,1,0.651186046993555
0.8926174496644296,1.1196013289036544,0.4161073825503356,0.4584717607973422,-0.2269838792392248,-0.04236437824700662,0.064706013512007,0.2,0.8,-0.6000000000000001,1,0,0.36074954689050104
1.6242424242424243,1.2213740458015268,0.5272727272727272,0.4351145038167939,0.4028683784408975,0.09215822345593333,0.13300948415452218,0.6,0.6,0.0,1,1,0.5742188758605884
1.0810810810810811,0.9459459459459459,0.2972972972972973,0.32432432432432434,0.1351351351351352,-0.02702702702702703,0.027027027027026973,0.4,0.4,0.0,1,0,0.4775841402350117
1.560747663551402,1.1159420289855073,0.5607476635514018,0.37681159420289856,0.4448056345658946,0.18393606934850326,0.19138561560341327,0.2,0.4,-0.2,1,1,0.5803686262570239
1.868421052631579,1.382608695652174,0.6842105263157895,0.4782608695652174,0.48581235697940506,0.20594965675057209,0.374370709382151,1.0,0.4,0.6,1,1,0.6691823465031855
1.034965034965035,0.986013986013986,0.42657342657342656,0.3986013986013986,0.04895104895104896,0.02797202797202797,0.006993006993007089,0.4,0.4,0.0,0,0,0.4583613577331666
1.5825242718446602,1.5631067961165048,0.5436893203883495,0.4368932038834951,0.01941747572815533,0.10679611650485438,0.3689320388349513,0.6,0.6,0.0,1,1,0.5200078873560481
1.1535714285714285,1.4068627450980393,0.4142857142857143,0.47549019607843135,-0.25329131652661085,-0.061204481792717036,-0.043627450980392224,0.2,0.4,-0.2,0,0,0.37270514695180257
0.9625668449197861,1.1711229946524064,0.37433155080213903,0.4385026737967914,-0.20855614973262038,-0.06417112299465239,-0.3475935828877006,0.8,0.4,0.4,0,0,0.38205869359992295
1.391304347826087,1.1897810218978102,0.391304347826087,0.35036496350364965,0.2015233259282767,0.04093938432243732,-0.0679149476356713,0.4,0.4,0.0,1,0,0.49662490231685213
0.6,1.0,0.0,0.0,-0.4,0.0,-1.2000000000000002,0.0,0.0,0.0,0,0,0.24027181309762866
1.2344827586206897,2.117241379310345,0.4896551724137931,0.7586206896551724,-0.8827586206896552,-0.2689655172413793,-0.6344827586206897,0.6,0.4,0.19999999999999996,0,0,0.21501147999779596
1.4310344827586208,0.8571428571428571,0.5344827586206896,0.21428571428571427,0.5738916256157637,0.3201970443349753,0.5935960591133005,0.8,0.2,0.6000000000000001,1,1,0.7047234120148066
1.945945945945946,0.972972972972973,0.5405405405405406,0.35135135135135137,0.972972972972973,0.1891891891891892,0.1351351351351351,0.4,0.6,-0.19999999999999996,1,1,0.692661570231841
0.7692307692307693,1.015625,0.23076923076923078,0.265625,-0.24639423076923073,-0.03485576923076922,0.49639423076923084,0.6,0.4,0.19999999999999996,0,0,0.4537991471026858
1.1147540983606556,1.707070707070707,0.36065573770491804,0.5151515151515151,-0.5923166087100513,-0.1544957774465971,-0.13429375724457704,0.6,0.2,0.39999999999999997,0,0,0.3248366948103476
1.1372549019607843,1.2352941176470589,0.39215686274509803,0.4411764705882353,-0.0980392156862746,-0.04901960784313725,0.0490196078431373,0.4,0.0,0.4,0,0,0.452030559181282
1.0,0.8235294117647058,0.2647058823529412,0.29411764705882354,0.17647058823529416,-0.02941176470588236,-0.1470588235294117,0.4,0.4,0.0,0,0,0.46413888651330887
1.0388349514563107,1.0485436893203883,0.4854368932038835,0.4174757281553398,-0.009708737864077666,0.06796116504854371,0.3398058252427185,0.2,0.4,-0.2,1,0,0.4730589930620677
1.096,1.168,0.312,0.344,-0.07199999999999984,-0.03199999999999997,-0.11999999999999988,0.2,0.2,0.0,1,0,0.4153701538708472
1.392156862745098,1.0,0.4117647058823529,0.23076923076923078,0.392156862745098,0.18099547511312214,0.43288084464555054,0.4,0.4,0.0,1,1,0.6065518441400557
1.6781609195402298,2.045977011494253,0.5747126436781609,0.7816091954022989,-0.367816091954023,-0.206896551724138,-0.45977011494252873,0.6,0.8,-0.20000000000000007,0,0,0.3117068091876536
1.0,1.565891472868217,0.25,0.5930232558139535,-0.565891472868217,-0.34302325581395354,-0.7055403556771547,0.4,0.6,-0.19999999999999996,0,0,0.23086391543881757
1.0236220472440944,2.622047244094488,0.4094488188976378,0.7559055118110236,-1.5984251968503935,-0.3464566929133858,-0.49606299212598426,0.6,1.0,-0.4,0,0,0.11554436663754719
1.0961538461538463,0.9908256880733946,0.3942307692307692,0.3944954128440367,0.1053281580804517,-0.0002646436132675012,-0.2709068454481298,0.2,0.6,-0.39999999999999997,0,0,0.4137379832142372
1.6538461538461537,1.106060606060606,0.6538461538461539,0.3787878787878788,0.5477855477855478,0.27505827505827507,0.29895104895104896,0.6,0.6,0.0,1,1,0.6378908944434597
1.6195652173913044,1.4076086956521738,0.5108695652173914,0.42934782608695654,0.2119565217391306,0.08152173913043481,0.21739130434782594,0.2,0.2,0.0,1,1,0.5389657589227894
1.0,1.0263157894736843,0.42105263157894735,0.5263157894736842,-0.026315789473684292,-0.10526315789473684,-0.6052631578947368,0.4,0.6,-0.19999999999999996,0,0,0.35053590900380954
1.3725490196078431,1.196078431372549,0.3137254901960784,0.43137254901960786,0.17647058823529416,-0.11764705882352944,-0.3137254901960784,0.0,0.2,-0.2,0,0,0.43266596577049077
1.484732824427481,1.7938931297709924,0.48854961832061067,0.6259541984732825,-0.30916030534351147,-0.13740458015267182,-0.2595419847328244,0.4,0.0,0.4,0,0,0.3755546665388715
2.1666666666666665,0.8333333333333334,0.0,0.0,1.333333333333333,0.0,-0.16666666666666674,0.0,0.0,0.0,0,1,0.7332920377223271
1.0935251798561152,1.39568345323741,0.4748201438848921,0.5899280575539568,-0.30215827338129486,-0.11510791366906475,0.03597122302158273,0.4,0.8,-0.4,1,0,0.35418589224012026
1.212962962962963,1.7834645669291338,0.4444444444444444,0.7165354330708661,-0.5705016039661708,-0.27209098862642167,-0.4949693788276466,0.4,1.0,-0.6,1,0,0.2380792483683044
0.9098360655737705,1.0491803278688525,0.36885245901639346,0.3770491803278688,-0.139344262295082,-0.008196721311475363,0.16393442622950816,0.4,0.6,-0.19999999999999996,0,0,0.41831082273994985
1.08,1.0,0.3333333333333333,0.3783783783783784,0.08000000000000007,-0.045045045045045085,-0.37045045045045044,0.2,0.2,0.0,1,0,0.4166468933909415
1.1354166666666667,2.4292929292929295,0.4270833333333333,0.7878787878787878,-1.2938762626262628,-0.36079545454545453,-0.6360479797979798,0.4,0.8,-0.4,1,0,0.1370134692381586
1.8796992481203008,1.3233082706766917,0.6691729323308271,0.40601503759398494,0.5563909774436091,0.26315789473684215,0.6390977443609023,0.8,0.4,0.4,1,1,0.7019392016123476
1.8108108108108107,2.675675675675676,0.7702702702702703,0.7432432432432432,-0.8648648648648651,0.027027027027027084,0.14864864864864868,0.8,1.0,-0.19999999999999996,0,0,0.3035183714590412
1.125,1.3524229074889869,0.3125,0.5418502202643172,-0.22742290748898686,-0.22935022026431717,-0.2216409691629957,0.4,0.0,0.4,0,0,0.3787734583032599
1.2065217391304348,1.076086956521739,0.45652173913043476,0.43478260869565216,0.1304347826086958,0.021739130434782594,0.0,0.4,0.4,0.0,0,0,0.47949404957894837
1.1111111111111112,1.3671497584541064,0.37606837606837606,0.5990338164251208,-0.2560386473429952,-0.2229654403567447,-0.4329245633593459,0.8,0.6,0.20000000000000007,0,0,0.3426011614558787
1.4087591240875912,1.3,0.45255474452554745,0.3333333333333333,0.10875912408759114,0.11922141119221413,0.302676399026764,0.4,0.2,0.2,0,1,0.5383028788182962
0.7916666666666666,1.2083333333333333,0.3125,0.4583333333333333,-0.41666666666666663,-0.14583333333333331,-0.20833333333333326,0.4,0.8,-0.4,0,0,0.2993290235430568
0.9818181818181818,1.1145038167938932,0.38181818181818183,0.4961832061068702,-0.1326856349757114,-0.11436502428868839,-0.11963913948646776,0.4,0.4,0.0,1,0,0.3915213747375768
0.95,1.1375,0.4,0.375,-0.1875,0.025000000000000022,0.1625000000000001,0.2,0.0,0.2,0,0,0.4333547740346619
1.0,1.1333333333333333,0.3333333333333333,0.26666666666666666,-0.1333333333333333,0.06666666666666665,0.3333333333333335,0.6,0.2,0.39999999999999997,1,0,0.48712822993166804
1.8018433179723503,1.3287671232876712,0.5806451612903226,0.4315068493150685,0.4730761946846791,0.14913831197525412,-0.01660248721671609,0.6,0.4,0.19999999999999996,0,1,0.5941576119414854
1.2830188679245282,2.024,0.41509433962264153,0.608,-0.7409811320754718,-0.19290566037735846,0.0833207547169812,0.4,0.4,0.0,0,0,0.29785452915825655
1.5294117647058822,2.2941176470588234,0.47058823529411764,0.5882352941176471,-0.7647058823529411,-0.11764705882352944,0.0,0.8,1.0,-0.19999999999999996,1,0,0.29180918161678304
1.0873015873015872,1.0952380952380953,0.5079365079365079,0.4444444444444444,-0.00793650793650813,0.06349206349206349,0.16666666666666652,0.8,0.4,0.4,1,0,0.49569589806107434
1.0857142857142856,1.8796296296296295,0.37142857142857144,0.7037037037037037,-0.7939153439153439,-0.3322751322751323,-0.4362433862433862,0.4,0.8,-0.4,1,0,0.21162811998488365
0.7142857142857143,1.16751269035533,0.0,0.49238578680203043,-0.4532269760696156,-0.49238578680203043,-0.6236403190717912,0.0,0.2,-0.2,0,0,0.23757433737734557
1.1144578313253013,1.4036144578313252,0.4939759036144578,0.5783132530120482,-0.2891566265060239,-0.08433734939759036,-0.07228915662650603,0.2,0.4,-0.2,1,0,0.3575802092306923
1.1549295774647887,1.0985915492957747,0.39436619718309857,0.352112676056338,0.05633802816901401,0.04225352112676056,0.04225352112676051,0.2,0.6,-0.39999999999999997,1,0,0.4448595162461404
0.7142857142857143,1.492063492063492,0.35714285714285715,0.40476190476190477,-0.7777777777777778,-0.047619047619047616,0.5992063492063493,0.6,0.2,0.39999999999999997,0,0,0.36217022244704944
1.1764705882352942,1.1176470588235294,0.29411764705882354,0.4117647058823529,0.05882352941176472,-0.11764705882352938,0.17647058823529393,0.4,0.6,-0.19999999999999996,1,0,0.46084171581166883
1.0928571428571427,1.0928571428571427,0.45,0.38571428571428573,0.0,0.06428571428571428,0.1071428571428572,0.4,0.0,0.4,1,0,0.48815343442954373
1.7761194029850746,1.492537313432836,0.582089552238806,0.40298507462686567,0.28358208955223874,0.17910447761194032,-0.08955223880596996,0.4,0.6,-0.19999999999999996,0,1,0.5233037583360108
1.0,0.8,0.0,0.0,0.19999999999999996,0.0,-1.0,0.0,0.0,0.0,1,0,0.37882741121307545
1.813953488372093,1.7093023255813953,0.6162790697674418,0.5116279069767442,0.10465116279069764,0.10465116279069764,0.33720930232558133,0.8,0.2,0.6000000000000001,0,1,0.5775449070086768
1.8125,1.3125,0.5,0.375,0.5,0.125,0.75,1.0,0.6,0.4,1,1,0.6932988043995829
0.9657534246575342,2.1232876712328768,0.3287671232876712,0.815068493150685,-1.1575342465753424,-0.48630136986301375,-0.863013698630137,0.6,1.0,-0.4,1,0,0.1315705807941355
1.0894941634241244,1.33852140077821,0.45525291828793774,0.5836575875486382,-0.2490272373540856,-0.12840466926070043,-0.046692607003890885,0.2,0.8,-0.6000000000000001,1,0,0.34236907850009635
1.6756756756756757,1.3445945945945945,0.6891891891891891,0.4527027027027027,0.33108108108108114,0.23648648648648646,0.43243243243243246,0.4,0.4,0.0,0,1,0.6033848207923025
0.925,1.445945945945946,0.3,0.527027027027027,-0.520945945945946,-0.22702702702702698,-0.570945945945946,0.6,0.2,0.39999999999999997,1,0,0.28463715873851103
1.4789915966386555,1.3529411764705883,0.42016806722689076,0.42857142857142855,0.12605042016806722,-0.008403361344537785,0.37815126050420167,0.2,0.4,-0.2,0,1,0.5151707801386362
1.8907563025210083,2.2184873949579833,0.5630252100840336,0.7058823529411765,-0.32773109243697496,-0.1428571428571429,-0.08403361344537807,0.2,1.0,-0.8,0,0,0.33472925824430594
0.8,2.3,0.1,0.2,-1.4999999999999998,-0.1,0.30000000000000004,0.0,0.4,-0.4,1,0,0.18008166917247118
1.7008928571428572,1.2980769230769231,0.6517857142857143,0.49038461538461536,0.4028159340659341,0.16140109890109894,0.3928571428571429,0.6,0.4,0.19999999999999996,1,1,0.6209128032249582
1.2584269662921348,1.146067415730337,0.449438202247191,0.4550561797752809,0.1123595505617978,-0.005617977528089901,-0.050561797752809,0.4,0.2,0.2,0,0,0.48084244087263645
1.4491525423728813,1.7966101694915255,0.5423728813559322,0.5169491525423728,-0.34745762711864425,0.025423728813559365,0.3813559322033899,0.8,0.6,0.20000000000000007,1,0,0.44459825657241114
1.0660377358490567,1.2965116279069768,0.4528301886792453,0.4476744186046512,-0.23047389205792013,0.005155770074594113,0.18889863975427823,0.8,0.2,0.6000000000000001,0,0,0.45735649898191016
1.0666666666666667,1.1722222222222223,0.42857142857142855,0.5388888888888889,-0.10555555555555562,-0.11031746031746031,-0.3373015873015872,0.6,0.6,0.0,0,0,0.3775677211028967
1.1111111111111112,1.4074074074074074,0.2962962962962963,0.5925925925925926,-0.2962962962962963,-0.2962962962962963,-0.2592592592592593,0.2,0.6,-0.39999999999999997,0,0,0.31108814117973355
1.619047619047619,1.0919540229885059,0.5026455026455027,0.42528735632183906,0.5270935960591132,0.07735814632366361,-0.015508118956394812,0.2,1.0,-0.8,0,1,0.5318327040175443
1.1813953488372093,1.1673306772908367,0.4604651162790698,0.4302788844621514,0.014064671546372587,0.030186231816918374,0.10603168720466982,0.2,0.2,0.0,1,0,0.46488371138614887
1.168,1.435483870967742,0.432,0.41935483870967744,-0.26748387096774207,0.01264516129032256,0.3703225806451613,0.4,0.2,0.2,0,0,0.4475483779717784
1.0928571428571427,1.1214285714285714,0.44285714285714284,0.44285714285714284,-0.028571428571428692,0.0,0.09642857142857131,0.0,0.4,-0.4,1,0,0.42389997879043917
1.6122448979591837,1.2,0.5510204081632653,0.39090909090909093,0.41224489795918373,0.16011131725417432,0.7158317872603588,0.2,0.4,-0.2,0,1,0.630522382375241
1.6046511627906976,1.3103448275862069,0.6104651162790697,0.3793103448275862,0.2943063352044908,0.23115477145148355,0.5112269446672013,0.6,0.2,0.39999999999999997,0,1,0.627425308403823
1.2954545454545454,1.3295454545454546,0.4772727272727273,0.48863636363636365,-0.03409090909090917,-0.011363636363636354,-0.06818181818181812,0.6,0.6,0.0,0,0,0.43833914771820787
1.013793103448276,1.2318840579710144,0.3931034482758621,0.463768115942029,-0.21809095452273852,-0.07066466766616691,-0.23838080959520247,0.2,0.8,-0.6000000000000001,1,0,0.33276638251910473
1.08675799086758,1.4703196347031964,0.4885844748858447,0.5616438356164384,-0.3835616438356164,-0.07305936073059366,0.091324200913242,0.4,0.8,-0.4,0,0,0.3476449751241234
1.3170731707317074,1.0248447204968945,0.5772357723577236,0.40993788819875776,0.2922284502348129,0.16729788415896585,0.2082512750593346,0.4,0.4,0.0,1,1,0.5536028654223162
1.2115384615384615,1.1151515151515152,0.4423076923076923,0.4,0.09638694638694623,0.04230769230769227,-0.2720279720279719,1.0,0.2,0.8,1,0,0.4968732077083137
2.104761904761905,1.0422535211267605,0.7523809523809524,0.3380281690140845,1.0625083836351443,0.41435278336686787,0.9000670690811536,0.8,0.6,0.20000000000000007,1,1,0.8091619538731277
2.272425249169435,1.2059800664451827,0.7873754152823921,0.5149501661129569,1.0664451827242523,0.2724252491694352,0.43189368770764114,0.8,0.4,0.4,1,1,0.7761886489840425
0.875,1.25,0.125,0.125,-0.375,0.0,0.875,0.0,0.0,0.0,0,0,0.4614890884225594
1.5146443514644352,2.418410041841004,0.41841004184100417,0.7866108786610879,-0.903765690376569,-0.36820083682008375,-0.7866108786610879,0.2,0.4,-0.2,0,0,0.18424311428419127
1.5196078431372548,1.6176470588235294,0.4803921568627451,0.5196078431372549,-0.0980392156862746,-0.03921568627450983,0.21568627450980382,0.4,0.2,0.2,1,0,0.4716414345464732
1.5654450261780104,1.774869109947644,0.4083769633507853,0.6073298429319371,-0.2094240837696335,-0.19895287958115182,-0.6125654450261779,0.4,0.6,-0.19999999999999996,0,0,0.32437810736317463
1.1984732824427482,1.2795698924731183,0.3511450381679389,0.3870967741935484,-0.08109661003037005,-0.03595173602560947,-0.157350406303866,0.2,0.2,0.0,0,0,0.4116352857927892
0.8888888888888888,1.375,0.3333333333333333,0.47619047619047616,-0.48611111111111116,-0.14285714285714285,0.07936507936507953,0.8,0.8,0.0,0,0,0.34189329430772275
1.3214285714285714,1.5357142857142858,0.4642857142857143,0.39285714285714285,-0.2142857142857144,0.07142857142857145,-0.03571428571428559,0.6,0.2,0.39999999999999997,0,0,0.43707839824182776
1.0769230769230769,1.1578947368421053,0.37362637362637363,0.43859649122807015,-0.08097165991902844,-0.06497011760169652,0.08887603624445717,0.8,0.4,0.4,1,0,0.4607263830677063
2.72972972972973,1.277992277992278,0.7876447876447876,0.47104247104247104,1.4517374517374517,0.3166023166023166,0.386100386100386,0.8,0.2,0.6000000000000001,1,1,0.84276900969456
1.21875,1.319672131147541,0.5,0.5819672131147541,-0.100922131147541,-0.08196721311475408,0.02612704918032782,0.6,0.4,0.19999999999999996,1,0,0.4363592091701811
1.4901960784313726,0.46153846153846156,0.47058823529411764,0.3076923076923077,1.028657616892911,0.16289592760180993,-0.23680241327300156,0.4,0.6,-0.19999999999999996,1,1,0.6505446218800821
1.6451612903225807,1.3870967741935485,0.5376344086021505,0.40860215053763443,0.25806451612903225,0.12903225806451607,0.26881720430107525,0.6,0.8,-0.20000000000000007,0,1,0.5518481711020641
1.2407407407407407,1.25,0.25925925925925924,0.25,-0.0092592592592593,0.009259259259259245,0.02777777777777768,0.4,0.6,-0.19999999999999996,0,0,0.4455313261493612
2.3333333333333335,1.1666666666666667,0.16666666666666666,0.0,1.1666666666666667,0.16666666666666666,-1.0,0.0,0.0,0.0,0,1,0.6379949263777991
1.110236220472441,1.4488188976377954,0.3858267716535433,0.5511811023622047,-0.3385826771653544,-0.16535433070866146,-0.07086614173228356,0.6,0.6,0.0,1,0,0.3569000982947436
1.1935483870967742,2.3548387096774195,0.41935483870967744,0.6451612903225806,-1.1612903225806452,-0.2258064516129032,-0.12903225806451624,0.8,0.6,0.20000000000000007,1,0,0.2184417334508294
1.7644230769230769,1.7285714285714286,0.6730769230769231,0.6142857142857143,0.035851648351648224,0.058791208791208804,0.2004578754578754,1.0,0.2,0.8,1,1,0.5538804509266217
0.6666666666666666,1.5,0.0,0.16666666666666666,-0.8333333333333334,-0.16666666666666666,0.33333333333333326,0.0,0.0,0.0,0,0,0.29366323714751885
1.71875,1.171875,0.515625,0.390625,0.546875,0.125,0.203125,0.4,0.8,-0.4,1,1,0.5935761308193825
2.297872340425532,1.6808510638297873,0.723404255319149,0.5815602836879432,0.6170212765957448,0.14184397163120577,0.15602836879432624,0.6,0.6,0.0,1,1,0.6432002282818012
1.1007751937984496,1.2275449101796407,0.4806201550387597,0.3772455089820359,-0.12676971638119117,0.1033746460567238,0.15592071670612273,0.6,0.6,0.0,0,0,0.4489962533362712
1.0769230769230769,1.4480286738351253,0.15384615384615385,0.5770609318996416,-0.3711055969120485,-0.42321477805348773,-0.9443065894678799,0.2,0.6,-0.39999999999999997,0,0,0.2286193517280745
0.9330543933054394,1.3403361344537814,0.3807531380753138,0.5126050420168067,-0.40728174114834204,-0.13185190394149288,-0.01997116838367141,0.4,0.6,-0.19999999999999996,0,0,0.33412134499478674
0.9470899470899471,2.792079207920792,0.3544973544973545,0.8613861386138614,-1.844989260830845,-0.5068887841165068,-0.8004609984808003,0.6,0.8,-0.20000000000000007,0,0,0.08254631625972988
0.9154929577464789,0.7272727272727273,0.4507042253521127,0.21212121212121213,0.18822023047375158,0.23858301323090056,0.4152795561246265,0.4,0.2,0.2,0,1,0.5627907185434956
1.341121495327103,1.2277227722772277,0.5794392523364486,0.37623762376237624,0.1133987230498752,0.2032016285740723,0.46122883316369023,0.2,0.4,-0.2,1,1,0.5353866889324818
1.0714285714285714,0.8809523809523809,0.47619047619047616,0.2619047619047619,0.19047619047619047,0.21428571428571425,0.30952380952380953,0.6,0.4,0.19999999999999996,1,1,0.5556840491961498
1.2419354838709677,1.6209677419354838,0.4032258064516129,0.532258064516129,-0.379032258064516,-0.12903225806451613,-0.12903225806451601,0.4,0.4,0.0,1,0,0.3484599489638633
1.7966101694915255,1.521186440677966,0.597457627118644,0.4194915254237288,0.2754237288135595,0.17796610169491522,0.3813559322033897,0.8,0.2,0.6000000000000001,1,1,0.6241159501858627
1.2066666666666668,0.9523809523809523,0.46,0.3915343915343915,0.25428571428571445,0.06846560846560851,-0.09227513227513207,0.6,0.4,0.19999999999999996,0,1,0.5137114718814709
1.0,2.2857142857142856,0.0,0.14285714285714285,-1.2857142857142856,-0.14285714285714285,-0.47619047619047616,0.0,0.0,0.0,1,0,0.171486722628909
1.1099476439790577,1.6649214659685865,0.43455497382198954,0.581151832460733,-0.5549738219895288,-0.14659685863874344,-0.12565445026178024,0.2,0.8,-0.6000000000000001,1,0,0.2786037878398851
1.4594594594594594,1.6756756756756757,0.4864864864864865,0.525096525096525,-0.21621621621621623,-0.03861003861003853,-0.08108108108108114,0.6,0.2,0.39999999999999997,1,0,0.4248116563469607
1.121212121212121,1.1382978723404256,0.38636363636363635,0.39361702127659576,-0.01708575112830446,-0.007253384912959404,0.11379754996776259,0.2,0.2,0.0,0,0,0.4548602589139834
1.05,1.1695652173913043,0.35,0.48695652173913045,-0.11956521739130421,-0.13695652173913048,-0.09565217391304359,0.4,0.6,-0.19999999999999996,0,0,0.38626583967990985
1.294871794871795,2.051282051282051,0.47435897435897434,0.6923076923076923,-0.7564102564102562,-0.21794871794871795,-0.46153846153846145,0.4,1.0,-0.6,0,0,0.21845158980732743
1.1515151515151516,1.7878787878787878,0.30303030303030304,0.5151515151515151,-0.6363636363636362,-0.2121212121212121,-0.7575757575757576,0.4,0.8,-0.4,0,0,0.2202985002828765
1.0836120401337792,1.8866666666666667,0.38461538461538464,0.6566666666666666,-0.8030546265328875,-0.272051282051282,-0.39819397993311023,0.6,0.8,-0.20000000000000007,0,0,0.22667224706615108
1.6260162601626016,1.0705882352941176,0.5813008130081301,0.3176470588235294,0.555428024868484,0.2636537541846007,0.4348158775705404,1.0,0.4,0.6,1,1,0.6877645669992776
1.0204081632653061,2.0707070707070705,0.4387755102040816,0.7070707070707071,-1.0502989074417644,-0.26829519686662545,-0.46804782519068233,0.6,1.0,-0.4,0,0,0.17827220069981398
0.7142857142857143,1.2109375,0.21428571428571427,0.51171875,-0.4966517857142857,-0.2974330357142857,-0.2952008928571428,0.2,0.4,-0.2,0,0,0.27222972461704137
1.2994652406417113,0.9411764705882353,0.42245989304812837,0.29411764705882354,0.35828877005347604,0.12834224598930483,-0.160427807486631,0.2,0.4,-0.2,1,1,0.5106444670916637
1.383399209486166,1.0604651162790697,0.5573122529644269,0.4186046511627907,0.3229340932070963,0.13870760180163616,0.24702638110120412,1.0,0.4,0.6,1,1,0.6043129214760105
1.3548387096774193,1.2473118279569892,0.3763440860215054,0.3978494623655914,0.10752688172043001,-0.021505376344086002,-0.16129032258064524,0.6,0.6,0.0,1,0,0.4607103622814263
1.2275862068965517,1.956043956043956,0.41379310344827586,0.6428571428571429,-0.7284577491474042,-0.22906403940886705,-0.4777188328912467,0.6,0.8,-0.20000000000000007,0,0,0.23777225272004668
1.4,1.62,0.39,0.53,-0.2200000000000002,-0.14,-0.31999999999999984,0.6,0.6,0.0,0,0,0.36553412426744003
1.408,1.1839080459770115,0.544,0.40229885057471265,0.22409195402298843,0.1417011494252874,0.2578390804597701,1.0,0.6,0.4,1,1,0.5751997873424111
1.32,0.9803921568627451,0.5,0.47058823529411764,0.339607843137255,0.02941176470588236,-0.13764705882352946,0.2,1.0,-0.8,1,0,0.4628981962592035
1.148471615720524,1.2820512820512822,0.4104803493449782,0.3333333333333333,-0.13357966633075824,0.07714701601164486,0.011756802149815115,0.4,1.0,-0.6,0,0,0.39557871182557297
1.1553398058252426,1.1377245508982037,0.3786407766990291,0.49101796407185627,0.01761525492703897,-0.11237718737282715,-0.15432242311493516,0.2,0.6,-0.39999999999999997,0,0,0.3998538283426786
1.3541666666666667,1.2708333333333333,0.7291666666666666,0.4375,0.08333333333333348,0.29166666666666663,0.7083333333333334,1.0,0.4,0.6,1,1,0.6165036180320301
1.2849162011173185,2.172222222222222,0.4860335195530726,0.7555555555555555,-0.8873060211049035,-0.2695220360024829,-0.6243327126008691,0.4,1.0,-0.6,1,0,0.1848679793255816
1.6099290780141844,1.375886524822695,0.5602836879432624,0.5531914893617021,0.23404255319148937,0.007092198581560294,0.1914893617021276,0.2,1.0,-0.8,1,0,0.48458124456504625
1.2666666666666666,1.4428571428571428,0.49047619047619045,0.49523809523809526,-0.17619047619047623,-0.0047619047619048005,0.10476190476190461,0.6,0.4,0.19999999999999996,1,0,0.4391033977634906
1.2127659574468086,0.948051948051948,0.46808510638297873,0.37662337662337664,0.26471400939486056,0.0914617297596021,-0.07239568941696595,0.2,0.2,0.0,0,1,0.5048594014671941
0.625,0.625,0.125,0.125,0.0,0.0,0.75,0.0,0.0,0.0,1,1,0.5179848522991511
1.4603174603174602,1.366120218579235,0.5238095238095238,0.47540983606557374,0.0941972417382253,0.04839968774395009,0.22274264897215712,0.4,0.2,0.2,1,1,0.5191866284822045
0.8,1.6666666666666667,0.2,0.5333333333333333,-0.8666666666666667,-0.3333333333333333,-0.8666666666666666,0.2,0.6,-0.39999999999999997,0,0,0.1669779563333942
1.0833333333333333,1.127659574468085,0.375,0.3829787234042553,-0.04432624113475181,-0.007978723404255317,-0.16090425531914887,0.6,0.0,0.6,0,0,0.45587541424487804
2.7790697674418605,1.063953488372093,0.8662790697674418,0.4069767441860465,1.7151162790697676,0.45930232558139533,0.5174418604651163,0.8,0.4,0.4,1,1,0.8780459184986416
0.9166666666666666,1.2,0.16666666666666666,0.44,-0.2833333333333333,-0.2733333333333333,-0.21999999999999997,0.4,0.8,-0.4,1,0,0.317563406469371
1.3581081081081081,2.3716216216216215,0.3783783783783784,0.7364864864864865,-1.0135135135135134,-0.3581081081081081,-0.695945945945946,0.6,1.0,-0.4,0,0,0.17003050460853994
0.75,1.0,0.125,0.1111111111111111,-0.25,0.013888888888888895,0.06944444444444442,0.0,0.0,0.0,1,0,0.39461289283488515
2.089108910891089,2.1414141414141414,0.7128712871287128,0.7777777777777778,-0.05230523052305225,-0.06490649064906495,-0.09370937093709375,1.0,0.8,0.19999999999999996,1,0,0.4642922556971514
1.392156862745098,1.1862745098039216,0.38235294117647056,0.3627450980392157,0.2058823529411764,0.019607843137254888,-0.009803921568627416,0.2,0.2,0.0,0,1,0.500252358946818
1.1822916666666667,0.9635416666666666,0.453125,0.390625,0.2187500000000001,0.0625,-0.015625,1.0,0.4,0.6,0,1,0.5410487431664619
1.1176470588235294,1.2921348314606742,0.35294117647058826,0.42696629213483145,-0.17448777263714477,-0.07402511566424319,-0.04097818902842043,0.8,0.4,0.4,1,0,0.4274204491372563
1.0,1.2424242424242424,0.47761194029850745,0.4696969696969697,-0.24242424242424243,0.00791497060153773,0.12189054726368176,0.6,0.2,0.39999999999999997,1,0,0.4311858559249325
1.506122448979592,1.526530612244898,0.4122448979591837,0.47346938775510206,-0.020408163265306145,-0.06122448979591838,-0.03673469387755102,0.2,0.2,0.0,0,0,0.444449222094674
1.7488584474885844,0.9523809523809523,0.6118721461187214,0.37142857142857144,0.7964774951076321,0.24044357469014999,0.190737116764514,0.6,0.6,0.0,1,1,0.6749361675874829
1.089385474860335,1.088235294117647,0.4245810055865922,0.38235294117647056,0.0011501807426881339,0.04222806441012161,0.11452513966480438,0.8,0.2,0.6000000000000001,0,1,0.503133060374487
1.7894736842105263,1.1789473684210525,0.6631578947368421,0.3684210526315789,0.6105263157894738,0.29473684210526313,0.6947368421052631,0.6,0.4,0.19999999999999996,1,1,0.7055129022660358
1.375,1.27007299270073,0.2916666666666667,0.48175182481751827,0.10492700729927007,-0.19008515815085159,-0.5736009732360099,0.4,0.4,0.0,0,0,0.3977285382990905
1.716763005780347,1.191860465116279,0.6011560693641619,0.4127906976744186,0.5249025406640679,0.18836537168974327,-0.015055787068154247,0.4,0.4,0.0,0,1,0.5922444737622944
1.0,1.0208333333333333,0.16666666666666666,0.4583333333333333,-0.02083333333333326,-0.29166666666666663,-0.9375,0.0,0.6,-0.6,0,0,0.28319576718768086
1.806201550387597,2.143410852713178,0.6007751937984496,0.748062015503876,-0.3372093023255811,-0.1472868217054264,-0.21317829457364357,0.8,1.0,-0.19999999999999996,1,0,0.35307431262504935
1.0238095238095237,0.9166666666666666,0.4642857142857143,0.2619047619047619,0.1071428571428571,0.20238095238095238,0.2857142857142856,0.4,0.0,0.4,1,1,0.5426046265408624
1.9090909090909092,1.2237762237762237,0.6293706293706294,0.4825174825174825,0.6853146853146854,0.14685314685314688,-0.006993006993006867,0.8,0.2,0.6000000000000001,0,1,0.6632764965153316
1.1605504587155964,0.9678899082568807,0.44495412844036697,0.39908256880733944,0.19266055045871566,0.045871559633027525,-0.1834862385321101,0.6,0.6,0.0,0,0,0.4748373914035358
2.2540983606557377,0.8275862068965517,0.7377049180327869,0.3218390804597701,1.426512153759186,0.4158658375730168,0.8258903335217638,1.0,0.2,0.8,1,1,0.8689736386644819
0.5555555555555556,1.0106382978723405,0.16666666666666666,0.40425531914893614,-0.4550827423167849,-0.23758865248226949,-0.7659574468085106,0.0,0.6,-0.6,0,0,0.2211526834295214
1.7516556291390728,1.923841059602649,0.5827814569536424,0.6721854304635762,-0.17218543046357615,-0.08940397350993379,-0.16887417218543044,0.6,0.2,0.39999999999999997,0,0,0.4270478340120644
1.4705882352941178,0.9375,0.23529411764705882,0.3125,0.5330882352941178,-0.07720588235294118,-0.40441176470588225,0.0,0.4,-0.4,0,0,0.4950250161312177
1.04,1.5247524752475248,0.4,0.5841584158415841,-0.48475247524752474,-0.1841584158415841,0.02970297029702973,0.6,0.6,0.0,0,0,0.33498395862631947
1.3605150214592274,1.1932773109243697,0.5793991416309013,0.3865546218487395,0.1672377105348577,0.19284451978216183,0.4196270782991307,0.6,0.0,0.6,1,1,0.591815015651251
1.355140186915888,1.2753623188405796,0.4672897196261682,0.34782608695652173,0.07977786807530829,0.11946363266964649,0.21332791548151175,0.6,0.4,0.19999999999999996,1,1,0.5218169794952924
1.4545454545454546,1.248780487804878,0.43636363636363634,0.45365853658536587,0.20576496674057654,-0.017294900221729526,-0.38093126385809306,0.4,0.2,0.2,1,0,0.468909150636976
1.7,1.451219512195122,0.3,0.35365853658536583,0.24878048780487805,-0.053658536585365846,0.14634146341463405,0.6,0.2,0.39999999999999997,0,1,0.5594432441178432
1.03125,0.9596774193548387,0.359375,0.3790322580645161,0.07157258064516125,-0.019657258064516125,-0.2318548387096775,0.4,0.4,0.0,0,0,0.4326234924335282
1.05,1.4583333333333333,0.45,0.4166666666666667,-0.4083333333333332,0.033333333333333326,0.2416666666666667,0.2,0.6,-0.39999999999999997,1,0,0.3663465619203036
1.0277777777777777,0.8913043478260869,0.3888888888888889,0.35507246376811596,0.13647342995169076,0.03381642512077293,0.3240740740740742,0.4,0.2,0.2,0,1,0.5259703769795513
1.1898734177215189,1.141263940520446,0.4050632911392405,0.41263940520446096,0.04860947720107278,-0.007576114065220463,0.08564302856336181,0.6,0.2,0.39999999999999997,0,0,0.4949681113966032
1.3426573426573427,1.1379310344827587,0.506993006993007,0.41379310344827586,0.20472630817458404,0.09319990354473112,-0.07077405353267419,0.4,0.8,-0.4,1,0,0.47459991940818025
1.7991266375545851,1.222707423580786,0.6331877729257642,0.39737991266375544,0.5764192139737991,0.23580786026200878,0.45851528384279483,0.6,0.4,0.19999999999999996,1,1,0.6718561657653438
1.3166666666666667,1.6666666666666667,0.4583333333333333,0.5666666666666667,-0.3500000000000001,-0.10833333333333334,-0.19166666666666665,0.4,0.6,-0.19999999999999996,0,0,0.34012856999442304
1.4238683127572016,1.7276422764227641,0.5473251028806584,0.6341463414634146,-0.30377396366556253,-0.08682123858275625,0.10012044564890088,0.6,0.6,0.0,0,0,0.39678187301928436
0.8888888888888888,1.3269230769230769,0.2222222222222222,0.36538461538461536,-0.43803418803418803,-0.14316239316239315,-0.40384615384615374,0.4,0.0,0.4,0,0,0.3215138163578177
1.1122448979591837,1.4591836734693877,0.3877551020408163,0.6938775510204082,-0.346938775510204,-0.30612244897959184,-0.5816326530612245,0.4,0.8,-0.4,0,0,0.27110181606838474
1.1648936170212767,1.5159574468085106,0.4734042553191489,0.6276595744680851,-0.35106382978723394,-0.15425531914893614,-0.20744680851063824,0.6,1.0,-0.4,1,0,0.3205039316355627
1.154867256637168,0.6363636363636364,0.4424778761061947,0.18181818181818182,0.5185036202735317,0.2606596942880129,-0.3294448913917942,0.4,0.4,0.0,1,1,0.5470485539657873
1.1071428571428572,1.0520833333333333,0.35714285714285715,0.34375,0.05505952380952395,0.01339285714285715,0.1116071428571428,0.4,0.4,0.0,0,0,0.47403457385846826
1.0,1.43,0.2916666666666667,0.46,-0.42999999999999994,-0.16833333333333333,-0.16333333333333333,0.2,0.4,-0.2,0,0,0.3142624916822321
0.5714285714285714,2.2542372881355934,0.19047619047619047,0.6440677966101694,-1.682808716707022,-0.453591606133979,-0.6739305891848264,0.4,0.8,-0.4,0,0,0.09240795233524876
1.4703703703703703,2.2666666666666666,0.5518518518518518,0.7888888888888889,-0.7962962962962963,-0.23703703703703705,-0.6518518518518518,0.4,1.0,-0.6,0,0,0.2001481169015408
1.0813953488372092,2.4651162790697674,0.38372093023255816,0.7209302325581395,-1.3837209302325582,-0.33720930232558133,-0.627906976744186,0.6,1.0,-0.4,0,0,0.13019790291199934
1.2578616352201257,2.1202531645569622,0.4968553459119497,0.7468354430379747,-0.8623915293368365,-0.24998009712602498,-0.5926279754796592,0.8,0.6,0.20000000000000007,0,0,0.22439081134838046
0.5862068965517241,0.9655172413793104,0.3448275862068966,0.2413793103448276,-0.3793103448275863,0.10344827586206898,0.689655172413793,0.6,0.4,0.19999999999999996,0,0,0.4530084686798106
1.2292358803986712,1.0533333333333332,0.46179401993355484,0.41333333333333333,0.17590254706533792,0.048460686600221514,0.13336286452565527,0.2,0.2,0.0,1,1,0.5058110031041302
1.86,1.0612244897959184,0.64,0.2857142857142857,0.7987755102040817,0.3542857142857143,1.0791836734693878,0.2,0.4,-0.2,0,1,0.7567971696292346
1.1323529411764706,0.8405797101449275,0.45588235294117646,0.3333333333333333,0.29177323103154307,0.12254901960784315,0.39109121909633426,0.6,0.4,0.19999999999999996,1,1,0.5792230314886119
1.1391941391941391,1.1191489361702127,0.4139194139194139,0.48936170212765956,0.020045203023926428,-0.07544228820824567,-0.2768919024238172,0.4,0.4,0.0,1,0,0.4139002703495958
1.5818181818181818,1.3,0.5818181818181818,0.5136363636363637,0.28181818181818175,0.06818181818181812,0.11363636363636354,0.6,0.6,0.0,1,1,0.5416735872650283
1.2903225806451613,0.967741935483871,0.5161290322580645,0.41935483870967744,0.32258064516129026,0.09677419354838707,0.19354838709677435,0.2,0.4,-0.2,0,1,0.5378741928599972
1.7222222222222223,1.3333333333333333,0.3333333333333333,0.3333333333333333,0.38888888888888906,0.0,-0.11111111111111116,0.2,0.2,0.0,0,1,0.5380216667048678
1.6564102564102565,1.1505376344086022,0.5230769230769231,0.43010752688172044,0.5058726220016543,0.09296939619520267,-0.06583953680727861,0.6,0.4,0.19999999999999996,0,1,0.5861525163327022
1.2272727272727273,1.2173913043478262,0.3181818181818182,0.43478260869565216,0.009881422924901129,-0.11660079051383399,-0.14229249011857714,0.2,0.4,-0.2,0,0,0.41423305738388444
1.3653846153846154,1.4620253164556962,0.4935897435897436,0.5063291139240507,-0.0966407010710808,-0.012739370334307054,0.05168776371308015,0.4,0.2,0.2,0,0,0.4503852382339482
1.4464285714285714,1.5892857142857142,0.4642857142857143,0.49107142857142855,-0.1428571428571428,-0.026785714285714246,0.1517857142857142,0.6,0.2,0.39999999999999997,0,0,0.4676705017759901
0.9545454545454546,1.4285714285714286,0.4090909090909091,0.21428571428571427,-0.474025974025974,0.19480519480519484,0.9285714285714286,0.6,0.2,0.39999999999999997,0,0,0.4927116114381066
1.0,2.25,0.25,0.4166666666666667,-1.25,-0.16666666666666669,-0.33333333333333326,0.6,1.0,-0.4,0,0,0.1706119956415239
1.6281407035175879,1.2303030303030302,0.5829145728643216,0.41818181818181815,0.39783767321455765,0.16473275468250342,0.3414953555657074,1.0,0.6,0.4,1,1,0.628484748171666
1.3333333333333333,1.0,0.4393939393939394,0.21428571428571427,0.33333333333333326,0.22510822510822512,0.6114718614718613,0.2,0.2,0.0,0,1,0.613986125861757
1.1428571428571428,1.3953488372093024,0.25,0.38372093023255816,-0.25249169435215957,-0.13372093023255816,0.11752491694352152,0.2,0.6,-0.39999999999999997,1,0,0.3750105585940083
1.2336769759450172,1.2372093023255815,0.5257731958762887,0.5488372093023256,-0.0035323263805642213,-0.023064013426036922,-0.08934707903780059,0.8,0.8,0.0,0,0,0.439965261853469
1.0,2.2125,0.4,0.75,-1.2125,-0.35,-0.6425000000000001,0.6,1.0,-0.4,0,0,0.14448666340978436
1.346938775510204,1.183673469387755,0.5612244897959183,0.46938775510204084,0.16326530612244894,0.09183673469387749,-0.1428571428571428,0.6,0.4,0.19999999999999996,1,0,0.49376727969669837
1.1743589743589744,1.5665399239543727,0.4358974358974359,0.5703422053231939,-0.3921809495953983,-0.134444769425758,-0.25886711514087946,0.4,0.6,-0.19999999999999996,1,0,0.3190996665475534
2.156862745098039,1.2156862745098038,0.6862745098039216,0.4117647058823529,0.9411764705882353,0.27450980392156865,0.43137254901960775,1.0,0.8,0.19999999999999996,1,1,0.748564981954825
1.7454545454545454,1.309090909090909,0.5454545454545454,0.41818181818181815,0.4363636363636363,0.12727272727272726,0.08181818181818179,1.0,0.6,0.4,0,1,0.6092251492747475
1.8115942028985508,1.4251207729468598,0.5314009661835749,0.4927536231884058,0.386473429951691,0.03864734299516909,-0.2657004830917875,1.0,0.6,0.4,1,1,0.5540636727139863
1.2897196261682242,1.1894273127753303,0.48598130841121495,0.44933920704845814,0.1002923133928939,0.03664210136275681,-0.010580921404751198,0.2,0.6,-0.39999999999999997,0,0,0.4502860390711357
1.1292134831460674,1.3617886178861789,0.3707865168539326,0.42276422764227645,-0.2325751347401115,-0.051977710788343845,0.12460034712706691,0.4,0.4,0.0,0,0,0.40925002909192676
1.2105263157894737,1.105263157894737,0.3157894736842105,0.3333333333333333,0.10526315789473673,-0.017543859649122806,-0.05263157894736836,0.4,0.4,0.0,0,0,0.4672822023284532
2.28125,1.125,0.6875,0.5,1.15625,0.1875,0.03125,1.0,1.0,0.0,1,1,0.7359955867937052
1.367003367003367,1.3005464480874316,0.5084175084175084,0.4207650273224044,0.06645691891593541,0.08765248109510404,0.5421979356405584,0.6,0.4,0.19999999999999996,1,1,0.5526453993377533
1.6526315789473685,0.95,0.6035087719298246,0.25,0.7026315789473685,0.35350877192982455,0.6342105263157896,0.6,0.6,0.0,0,1,0.7082827304364095
1.1311475409836065,1.2962962962962963,0.29508196721311475,0.25925925925925924,-0.1651487553126898,0.035822707953855504,-0.2932604735883424,0.4,0.0,0.4,0,0,0.41007853787577947
0.8260869565217391,1.7142857142857142,0.32608695652173914,0.538961038961039,-0.888198757763975,-0.21287408243929984,-0.35996612083568613,0.4,0.4,0.0,0,0,0.22278692277653245
1.1191709844559585,1.0769230769230769,0.46632124352331605,0.3076923076923077,0.04224790753288166,0.15862893583100834,-0.059386209645276855,0.6,0.4,0.19999999999999996,0,0,0.4785209233788697
1.0495867768595042,1.021978021978022,0.38016528925619836,0.38461538461538464,0.02760875488148229,-0.004450095359186279,-0.03941513032422117,0.6,0.6,0.0,0,0,0.4487610801438213
1.688976377952756,1.1620553359683794,0.65748031496063,0.4268774703557312,0.5269210419843766,0.23060284460489877,0.4268619090597865,0.4,0.2,0.2,1,1,0.6530880569982443
0.8333333333333334,1.0,0.1111111111111111,0.23529411764705882,-0.16666666666666663,-0.12418300653594772,-0.35620915032679745,0.4,0.0,0.4,1,0,0.38101675741691793
1.8734939759036144,1.4457831325301205,0.6686746987951807,0.572289156626506,0.42771084337349397,0.09638554216867468,0.13253012048192758,1.0,0.4,0.6,0,1,0.6228931798441105
0.8604651162790697,1.2,0.27906976744186046,0.0,-0.3395348837209302,0.27906976744186046,-0.28837209302325584,0.0,0.0,0.0,1,0,0.36437357824992095
1.0338983050847457,1.1206896551724137,0.3050847457627119,0.5344827586206896,-0.08679135008766803,-0.22939801285797773,-0.7124488603156048,0.2,0.4,-0.2,1,0,0.31840302069263143
0.9461077844311377,0.8823529411764706,0.39520958083832336,0.29411764705882354,0.06375484325466718,0.10109193377949982,0.07854878478337457,0.4,0.6,-0.19999999999999996,0,0,0.46289678005795865
1.85,0.8888888888888888,0.6214285714285714,0.2222222222222222,0.9611111111111112,0.39920634920634923,0.6317460317460317,0.4,0.4,0.0,0,1,0.7580999640290651
1.0897435897435896,1.0897435897435896,0.2948717948717949,0.3717948717948718,0.0,-0.07692307692307693,-0.41025641025641035,0.6,0.4,0.19999999999999996,0,0,0.4089900516730737
1.375,1.25,0.6,0.475,0.125,0.125,0.35,0.8,0.2,0.6000000000000001,1,1,0.570568567028194
1.9482758620689655,1.0689655172413792,0.6724137931034483,0.3448275862068966,0.8793103448275863,0.3275862068965517,0.7758620689655171,0.8,0.2,0.6000000000000001,1,1,0.78177899018745
1.2571428571428571,1.5,0.4714285714285714,0.4041666666666667,-0.24285714285714288,0.06726190476190474,0.16607142857142865,0.4,0.6,-0.19999999999999996,0,0,0.4143860291918015
1.5209580838323353,1.3396226415094339,0.5868263473053892,0.39622641509433965,0.18133544232290144,0.19059993221104954,0.4058298497344932,0.4,0.4,0.0,1,1,0.5618256054751923
0.8,0.8,0.0,0.0,0.0,0.0,0.8,0.0,0.0,0.0,0,1,0.5324273217226153
1.4324324324324325,1.178082191780822,0.32432432432432434,0.3287671232876712,0.2543502406516105,-0.004442798963346872,0.36467974824139193,0.2,0.2,0.0,1,1,0.5532760423225278
1.5057471264367817,0.9824561403508771,0.7011494252873564,0.38596491228070173,0.5232909860859045,0.3151845130066546,0.49425287356321834,1.0,0.2,0.8,0,1,0.6965365555324828
1.4439024390243902,1.0419161676646707,0.5170731707317073,0.41317365269461076,0.40198627135971954,0.10389951803709657,0.12160070103695042,1.0,0.4,0.6,1,1,0.6060909660102454
1.0437956204379562,1.5507246376811594,0.4233576642335766,0.5289855072463768,-0.5069290172432033,-0.1056278430128002,-0.16248809901618522,0.8,0.2,0.6000000000000001,0,0,0.35156187243234194
2.2222222222222223,1.0864197530864197,0.7530864197530864,0.4567901234567901,1.1358024691358026,0.29629629629629634,0.5555555555555555,1.0,0.4,0.6,1,1,0.805290876297341
1.0112359550561798,2.707865168539326,0.3707865168539326,0.8314606741573034,-1.6966292134831462,-0.4606741573033708,-0.4494382022471911,0.4,1.0,-0.6,0,0,0.0999577494239122
1.680672268907563,1.5378151260504203,0.6638655462184874,0.5462184873949579,0.1428571428571428,0.11764705882352944,0.5042016806722688,0.2,0.8,-0.6000000000000001,1,1,0.5243047992647042
1.0841584158415842,1.8037037037037038,0.297029702970297,0.6333333333333333,-0.7195452878621196,-0.3363036303630363,-0.7863953061972864,0.2,0.8,-0.6000000000000001,0,0,0.18807732092380333
1.2419354838709677,1.096774193548387,0.489247311827957,0.44623655913978494,0.14516129032258074,0.04301075268817206,0.16129032258064524,0.2,0.6,-0.39999999999999997,0,0,0.4781971668868082
1.341317365269461,1.1278195488721805,0.38323353293413176,0.2706766917293233,0.2134978163972805,0.11255684120480847,0.2666696681824321,0.0,0.0,0.0,0,1,0.5391136298740948
1.619607843137255,1.4308300395256917,0.5882352941176471,0.5533596837944664,0.18877780361156327,0.03487561032318065,0.03239556692242096,0.0,0.8,-0.8,1,0,0.4575258145357354
1.5342465753424657,1.9311926605504588,0.589041095890411,0.6559633027522935,-0.3969460852079931,-0.06692220686188255,-0.09096812031335078,0.6,0.4,0.19999999999999996,0,0,0.3733092529472254
1.1282051282051282,1.4294871794871795,0.4551282051282051,0.5833333333333334,-0.3012820512820513,-0.12820512820512825,-0.16666666666666674,0.4,0.8,-0.4,0,0,0.33373333344723843
2.2291666666666665,1.2142857142857142,0.6458333333333334,0.2857142857142857,1.0148809523809523,0.36011904761904767,0.7678571428571428,0.6,0.4,0.19999999999999996,0,1,0.7925066844829578
1.448780487804878,1.721951219512195,0.5121951219512195,0.5463414634146342,-0.2731707317073171,-0.034146341463414664,-0.029268292682926855,0.8,0.4,0.4,1,0,0.4202587364449747
1.3380281690140845,1.2535211267605635,0.5211267605633803,0.5633802816901409,0.08450704225352101,-0.04225352112676062,-0.09859154929577463,0.8,0.6,0.20000000000000007,0,0,0.4709156548822424
1.0935251798561152,1.4172661870503598,0.41007194244604317,0.4892086330935252,-0.3237410071942446,-0.07913669064748202,0.17266187050359716,0.8,0.6,0.20000000000000007,1,0,0.4063628213253559
1.4285714285714286,1.6428571428571428,0.35714285714285715,0.35714285714285715,-0.2142857142857142,0.0,-0.2857142857142858,0.6,0.6,0.0,0,0,0.3853788510926525
1.5,1.5,0.5,0.4375,0.0,0.0625,1.0,0.6,0.6,0.0,0,1,0.5807535350146894
1.4307692307692308,1.453125,0.5230769230769231,0.515625,-0.022355769230769207,0.007451923076923106,0.0639423076923078,0.6,0.8,-0.20000000000000007,1,0,0.4496590206371739
0.9551282051282052,1.1630901287553648,0.3525641025641026,0.5064377682403434,-0.2079619236271596,-0.15387366567624078,-0.12074942225156815,0.6,1.0,-0.4,1,0,0.3522251681370239
1.296875,1.0120481927710843,0.421875,0.3373493975903614,0.28482680722891573,0.08452560240963858,0.16980421686746983,0.2,0.4,-0.2,1,1,0.5281686793017832
1.8414634146341464,1.8170731707317074,0.7682926829268293,0.6829268292682927,0.024390243902439046,0.08536585365853655,0.04878048780487798,0.8,0.8,0.0,0,0,0.48857276329072935
1.4038461538461537,0.8125,0.46794871794871795,0.3333333333333333,0.5913461538461537,0.13461538461538464,0.22275641025641013,0.8,0.4,0.4,0,1,0.6442745164907979
1.1333333333333333,1.2933333333333332,0.38666666666666666,0.48,-0.15999999999999992,-0.09333333333333332,-0.18666666666666654,0.2,0.2,0.0,0,0,0.3838553121592995
1.5192307692307692,1.5961538461538463,0.4519230769230769,0.5480769230769231,-0.0769230769230771,-0.0961538461538462,-0.28846153846153855,1.0,0.6,0.4,0,0,0.4314229710399568
1.0,1.1171875,0.2857142857142857,0.5,-0.1171875,-0.2142857142857143,-0.3426339285714286,0.4,0.8,-0.4,1,0,0.34203775971323064
1.451219512195122,1.22,0.5792682926829268,0.42,0.23121951219512193,0.1592682926829268,0.5397560975609756,0.6,1.0,-0.4,0,1,0.5606130058911996
0.8125,1.8571428571428572,0.3125,0.7551020408163265,-1.0446428571428572,-0.4426020408163265,-0.8093112244897959,0.6,0.8,-0.20000000000000007,0,0,0.1516491790860368
1.8541666666666667,1.0851063829787233,0.7291666666666666,0.2978723404255319,0.7690602836879434,0.43129432624113473,1.0155141843971633,0.6,0.4,0.19999999999999996,1,1,0.771037162627351
1.0,1.6285714285714286,0.38461538461538464,0.5892857142857143,-0.6285714285714286,-0.20467032967032966,-0.1796703296703297,0.6,0.4,0.19999999999999996,0,0,0.295470886751905
1.0892857142857142,1.6696428571428572,0.42857142857142855,0.6517857142857143,-0.580357142857143,-0.22321428571428575,0.0625,0.8,0.6,0.20000000000000007,1,0,0.32995616662234356
1.2572815533980584,1.2281553398058251,0.441747572815534,0.47572815533980584,0.02912621359223322,-0.03398058252427183,-0.17961165048543704,0.6,0.2,0.39999999999999997,1,0,0.4595049293710964
1.1428571428571428,0.8571428571428571,0.0,0.0,0.2857142857142857,0.0,0.0,0.0,0.0,0.0,1,1,0.5137410683496364
0.6,1.0,0.0,0.0,-0.4,0.0,-0.8,0.0,0.0,0.0,0,0,0.27518277390164286
1.0,2.1372549019607843,0.0,0.7450980392156863,-1.1372549019607843,-0.7450980392156863,-1.1137254901960787,0.0,1.0,-1.0,0,0,0.0977095593575208
1.5483870967741935,1.064516129032258,0.41935483870967744,0.2903225806451613,0.4838709677419355,0.12903225806451613,0.22580645161290325,0.4,0.2,0.2,0,1,0.6137781926924176
0.900990099009901,2.186379928315412,0.24752475247524752,0.7526881720430108,-1.2853898293055113,-0.5051634195677632,-0.8752262323006494,0.4,0.8,-0.4,0,0,0.11722003534406501
1.4801980198019802,1.34375,0.46534653465346537,0.28125,0.13644801980198018,0.18409653465346537,0.5724009900990099,0.0,0.4,-0.4,0,1,0.5444757190244236
1.091503267973856,2.7254901960784315,0.41830065359477125,0.8627450980392157,-1.6339869281045754,-0.4444444444444445,-0.6013071895424836,0.6,1.0,-0.4,0,0,0.10480118194537041
1.1343283582089552,1.462686567164179,0.3880597014925373,0.4626865671641791,-0.32835820895522394,-0.07462686567164178,-0.08955223880597019,0.4,0.6,-0.19999999999999996,0,0,0.3535612647123022
1.475206611570248,1.7325102880658436,0.5247933884297521,0.6337448559670782,-0.2573036764955956,-0.1089514675373261,-0.054654286977519284,0.4,0.6,-0.19999999999999996,0,0,0.37632526009911615
2.1627906976744184,1.6511627906976745,0.627906976744186,0.46511627906976744,0.511627906976744,0.16279069767441862,0.6046511627906976,1.0,0.2,0.8,1,1,0.7123936458717446
1.65359477124183,1.3594771241830066,0.5490196078431373,0.47058823529411764,0.2941176470588234,0.07843137254901966,0.05882352941176472,0.8,0.0,0.8,1,1,0.5905266349816906
1.35,1.345679012345679,0.575,0.5617283950617284,0.004320987654321096,0.013271604938271508,0.09728395061728401,0.8,0.6,0.20000000000000007,1,0,0.4812004820503004
1.2352941176470589,2.372549019607843,0.41830065359477125,0.7320261437908496,-1.1372549019607843,-0.31372549019607837,-0.5751633986928104,0.4,0.6,-0.19999999999999996,0,0,0.16821079632384042
0.9047619047619048,1.2469135802469136,0.19047619047619047,0.4567901234567901,-0.3421516754850088,-0.26631393298059963,-0.5149911816578483,0.4,0.4,0.0,0,0,0.29815484870499065
1.0454545454545454,0.7272727272727273,0.3181818181818182,0.22727272727272727,0.3181818181818181,0.09090909090909091,-0.3181818181818181,0.2,0.4,-0.2,0,0,0.4736467722636654
1.0843373493975903,1.4939759036144578,0.42771084337349397,0.5120481927710844,-0.40963855421686746,-0.08433734939759041,-0.07228915662650603,0.4,0.2,0.2,0,0,0.3578988234900196
0.9714285714285714,0.7142857142857143,0.34285714285714286,0.34285714285714286,0.2571428571428571,0.0,-0.4571428571428571,0.4,0.4,0.0,1,0,0.4463517806331199
1.1705426356589148,1.5748502994011977,0.3953488372093023,0.5449101796407185,-0.4043076637422829,-0.14956134243141622,-0.5528477927865201,0.4,0.8,-0.4,0,0,0.278289989737385
1.0666666666666667,0.9,0.5666666666666667,0.3333333333333333,0.16666666666666663,0.23333333333333334,0.8000000000000002,0.6,0.4,0.19999999999999996,1,1,0.6051413887004905
1.2285714285714286,1.3333333333333333,0.2857142857142857,0.42028985507246375,-0.10476190476190461,-0.13457556935817805,-0.17888198757763996,0.4,0.8,-0.4,1,0,0.3765366910491396
1.5147058823529411,1.1666666666666667,0.4338235294117647,0.2549019607843137,0.3480392156862744,0.178921568627451,0.4509803921568629,0.2,0.4,-0.2,0,1,0.5897658518238572
1.1144578313253013,1.9760479041916168,0.39759036144578314,0.6646706586826348,-0.8615900728663155,-0.2670802972368516,-0.4813505519082316,0.2,0.0,0.2,0,0,0.2260065491651389
2.0,1.1366459627329193,0.3333333333333333,0.453416149068323,0.8633540372670807,-0.12008281573498969,-0.49206349206349187,0.0,0.4,-0.4,1,1,0.5667431312468889
1.25,0.8709677419354839,0.42857142857142855,0.2903225806451613,0.3790322580645161,0.13824884792626724,0.05506912442396317,0.6,0.2,0.39999999999999997,1,1,0.5775127727145134
2.064516129032258,1.7419354838709677,0.6129032258064516,0.3870967741935484,0.32258064516129026,0.22580645161290325,0.032258064516129004,0.8,0.2,0.6000000000000001,1,1,0.6090627993599855
1.0,1.1703703703703703,0.1,0.37037037037037035,-0.17037037037037028,-0.27037037037037037,-0.8333333333333333,0.0,0.0,0.0,0,0,0.29899640705039443
2.546875,1.2333333333333334,0.703125,0.26666666666666666,1.3135416666666666,0.43645833333333334,0.5625,1.0,0.2,0.8,1,1,0.8491565990233374
0.8928571428571429,1.3214285714285714,0.25,0.4642857142857143,-0.4285714285714285,-0.2142857142857143,-0.2857142857142858,0.2,0.4,-0.2,1,0,0.2962506844539031
0.875,0.9886363636363636,0.16666666666666666,0.4090909090909091,-0.11363636363636365,-0.24242424242424246,-0.3977272727272727,0.2,0.6,-0.39999999999999997,0,0,0.3311159731152991
1.1946902654867257,1.6725663716814159,0.3805309734513274,0.5929203539823009,-0.4778761061946901,-0.2123893805309735,-0.4070796460176991,0.2,0.8,-0.6000000000000001,0,0,0.26405402084927504
1.0887096774193548,1.22,0.43548387096774194,0.535,-0.1312903225806452,-0.0995161290322581,-0.34483870967741925,0.4,0.4,0.0,0,0,0.37141949388034257
1.2352941176470589,1.7352941176470589,0.38235294117647056,0.6058823529411764,-0.5,-0.22352941176470587,-0.4058823529411766,0.6,0.8,-0.20000000000000007,1,0,0.28248892488120864
1.4333333333333333,1.275229357798165,0.36666666666666664,0.47706422018348627,0.1581039755351683,-0.11039755351681962,-0.3480122324159023,0.0,0.6,-0.6,1,0,0.4038025748637888
1.579646017699115,1.261061946902655,0.588495575221239,0.4424778761061947,0.31858407079646,0.14601769911504425,0.23893805309734506,0.8,0.6,0.20000000000000007,0,1,0.5845808653390967
2.1724137931034484,1.411764705882353,0.7586206896551724,0.47058823529411764,0.7606490872210954,0.28803245436105473,0.7114266396213658,1.0,0.4,0.6,1,1,0.7616192691470951
2.017699115044248,1.4324324324324325,0.7964601769911505,0.32432432432432434,0.5852666826118154,0.4721358526668261,1.2300884955752212,0.8,0.4,0.4,1,1,0.7764491956082359
0.5714285714285714,1.206896551724138,0.21428571428571427,0.43103448275862066,-0.6354679802955665,-0.2167487684729064,-0.3226600985221675,0.4,0.2,0.2,0,0,0.26925625838473555
1.3984962406015038,1.0451127819548873,0.5488721804511278,0.49624060150375937,0.35338345864661647,0.052631578947368474,-0.19548872180451138,0.6,0.6,0.0,1,1,0.5143563147661361
0.8433734939759037,1.1741293532338308,0.25301204819277107,0.4626865671641791,-0.33075585925792717,-0.20967451897140804,-0.18551819217167176,0.0,0.4,-0.4,0,0,0.31071954041728866
1.0416666666666667,1.8170731707317074,0.3333333333333333,0.6097560975609756,-0.7754065040650406,-0.2764227642276423,-0.6351626016260161,0.4,1.0,-0.6,0,0,0.1950508007548575
1.7280701754385965,1.1140350877192982,0.5964912280701754,0.39473684210526316,0.6140350877192984,0.20175438596491224,0.5263157894736843,0.6,0.6,0.0,0,1,0.6707412355253769
1.028169014084507,1.0986547085201794,0.352112676056338,0.4977578475336323,-0.07048569443567243,-0.14564517147729428,-0.3436493399861049,0.4,0.6,-0.19999999999999996,0,0,0.36785369262342915
1.6025641025641026,1.0,0.6794871794871795,0.41025641025641024,0.6025641025641026,0.2692307692307693,0.3931623931623931,0.8,0.6,0.20000000000000007,0,1,0.6679862094995361
0.6521739130434783,1.098360655737705,0.34782608695652173,0.3770491803278688,-0.44618674269422676,-0.029223093371347098,0.17676407697790442,0.4,0.6,-0.19999999999999996,0,0,0.3481449400803629
1.0802469135802468,1.1197916666666667,0.4074074074074074,0.4635416666666667,-0.039544753086419915,-0.0561342592592593,-0.06114969135802473,0.8,0.6,0.20000000000000007,0,0,0.4410873864473554
1.0416666666666667,1.5838509316770186,0.375,0.6149068322981367,-0.5421842650103519,-0.2399068322981367,-0.554089026915114,0.6,0.4,0.19999999999999996,0,0,0.2739980536382349
1.0507246376811594,1.4344262295081966,0.35507246376811596,0.47950819672131145,-0.3837015918270372,-0.12443573295319549,-0.4146471846044193,0.4,0.8,-0.4,0,0,0.29413636261557563
1.7279411764705883,2.7463235294117645,0.6323529411764706,0.7904411764705882,-1.0183823529411762,-0.15808823529411764,-0.12867647058823528,0.6,0.8,-0.20000000000000007,0,0,0.23664188258943528
1.0,1.4745762711864407,0.1956521739130435,0.597457627118644,-0.47457627118644075,-0.40180545320560057,-0.938098747236551,0.4,0.6,-0.19999999999999996,0,0,0.22242294573805846
1.3374233128834356,1.2093023255813953,0.48466257668711654,0.4263565891472868,0.12812098730204036,0.05830598753982974,0.10125077281590333,0.2,0.4,-0.2,0,0,0.4845142742050975
1.1647058823529413,1.0235294117647058,0.4588235294117647,0.4117647058823529,0.14117647058823546,0.047058823529411764,0.0117647058823529,0.6,0.8,-0.20000000000000007,0,0,0.47438203270879775
1.1851851851851851,1.7173913043478262,0.3148148148148148,0.6086956521739131,-0.532206119162641,-0.29388083735909826,-0.6751207729468599,0.0,0.6,-0.6,1,0,0.22608286682008086
1.2933333333333332,0.76,0.4533333333333333,0.3333333333333333,0.5333333333333332,0.12,-0.05333333333333323,0.4,0.4,0.0,1,1,0.5715747648347217
0.9615384615384616,2.651685393258427,0.19230769230769232,0.7696629213483146,-1.690146931719965,-0.5773552290406223,-0.3958513396715644,0.2,0.8,-0.6000000000000001,0,0,0.0983961294216153
1.3157894736842106,0.875,0.3157894736842105,0.25,0.4407894736842106,0.06578947368421051,-0.42105263157894735,0.6,0.0,0.6,1,1,0.5458241155185481
1.3928571428571428,1.0714285714285714,0.2857142857142857,0.32142857142857145,0.3214285714285714,-0.035714285714285754,-0.5357142857142858,0.4,0.2,0.2,1,0,0.4749206960536721
1.440217391304348,0.9285714285714286,0.46195652173913043,0.2857142857142857,0.5116459627329193,0.17624223602484473,-0.20341614906832284,0.8,0.4,0.4,1,1,0.5876566842274841
1.7518518518518518,1.325925925925926,0.674074074074074,0.5888888888888889,0.4259259259259258,0.08518518518518514,0.12222222222222223,1.0,0.8,0.19999999999999996,0,1,0.5936776157024977
0.8484848484848485,1.0,0.3333333333333333,0.4142857142857143,-0.1515151515151515,-0.080952380952381,-0.2597402597402596,0.6,0.6,0.0,0,0,0.3742887722928904
0.6363636363636364,1.5454545454545454,0.22727272727272727,0.36363636363636365,-0.9090909090909091,-0.13636363636363638,-0.18181818181818188,0.2,0.4,-0.2,0,0,0.22658067738137563
1.2278481012658229,1.766497461928934,0.4620253164556962,0.6954314720812182,-0.5386493606631111,-0.23340615562552203,-0.39385079997429795,0.8,0.6,0.20000000000000007,1,0,0.2954491351812853
1.109452736318408,1.3556485355648535,0.48258706467661694,0.5062761506276151,-0.24619579924644563,-0.023689085950998168,0.15472844980120315,0.2,0.2,0.0,1,0,0.40771613511092364
1.4525862068965518,1.7330827067669172,0.3922413793103448,0.5225563909774437,-0.2804964998703654,-0.13031501166709886,-0.12503240860772613,0.6,0.4,0.19999999999999996,0,0,0.3880750822500285
1.76171875,1.122340425531915,0.5234375,0.30319148936170215,0.6393783244680851,0.22024601063829785,0.3270445478723403,0.4,0.8,-0.4,1,1,0.6360505725708111
1.25,0.9583333333333334,0.4583333333333333,0.2916666666666667,0.29166666666666663,0.16666666666666663,0.625,0.8,0.2,0.6000000000000001,0,1,0.6371238793236595
2.7754010695187166,1.162162162162162,0.8716577540106952,0.36036036036036034,1.6132389073565545,0.5112973936503349,0.7454352748470394,1.0,0.6,0.4,1,1,0.8828712980117681
1.3714285714285714,2.142857142857143,0.48,0.7371428571428571,-0.7714285714285714,-0.2571428571428571,-0.25142857142857156,0.4,0.6,-0.19999999999999996,1,0,0.24918895852713746
1.2696629213483146,0.8651685393258427,0.550561797752809,0.33707865168539325,0.4044943820224719,0.21348314606741575,0.1685393258426966,0.6,0.4,0.19999999999999996,1,1,0.589532362211983
1.0727272727272728,1.4751131221719458,0.4636363636363636,0.5656108597285068,-0.40238584944467304,-0.10197449609214315,0.13027560674619498,0.8,0.8,0.0,0,0,0.3707145357042177
1.074468085106383,0.9393939393939394,0.2872340425531915,0.38636363636363635,0.13507414571244358,-0.09912959381044484,-0.6326563507414571,0.4,0.6,-0.19999999999999996,0,0,0.3851156210553417
1.708955223880597,1.7014925373134329,0.5298507462686567,0.4925373134328358,0.00746268656716409,0.03731343283582089,0.0,0.4,0.2,0.2,1,0,0.48278531147314796
0.9105691056910569,1.681564245810056,0.2926829268292683,0.5698324022346368,-0.7709951401189991,-0.27714947540536855,-0.5544806286051689,0.4,0.4,0.0,0,0,0.22260953654353394
1.4166666666666667,1.5388349514563107,0.5119047619047619,0.5242718446601942,-0.12216828478964392,-0.012367082755432302,0.016181229773462924,0.4,0.6,-0.19999999999999996,0,0,0.41930696447323784
1.1764705882352942,1.6176470588235294,0.4411764705882353,0.4411764705882353,-0.4411764705882353,0.0,0.11764705882352944,0.6,0.6,0.0,0,0,0.37342632146551047
0.5555555555555556,1.0256410256410255,0.2222222222222222,0.4358974358974359,-0.47008547008546997,-0.2136752136752137,-0.9487179487179487,0.0,0.4,-0.4,0,0,0.2136756752058025
1.1,1.6956521739130435,0.46,0.6565217391304348,-0.5956521739130434,-0.19652173913043475,-0.4378260869565218,0.2,0.8,-0.6000000000000001,0,0,0.24002830489254817
1.1904761904761905,1.0,0.2857142857142857,0.2727272727272727,0.19047619047619047,0.012987012987012991,-0.35064935064935066,0.6,0.2,0.39999999999999997,0,0,0.47992954543034433
1.9813084112149533,1.3011363636363635,0.6869158878504673,0.4375,0.6801720475785897,0.2494158878504673,0.6048215802888701,0.8,0.4,0.4,1,1,0.7217281266613589
1.3484848484848484,1.1666666666666667,0.4393939393939394,0.16666666666666666,0.18181818181818166,0.2727272727272727,0.18181818181818188,0.4,0.0,0.4,1,1,0.5653970972701202
1.1063829787234043,1.074468085106383,0.4574468085106383,0.5,0.03191489361702127,-0.04255319148936171,-0.32978723404255317,0.2,0.6,-0.39999999999999997,1,0,0.3872191886283054
1.25,0.8125,0.3125,0.25,0.4375,0.0625,-0.1875,0.4,0.4,0.0,0,1,0.5319529439627623
0.9846153846153847,1.6736842105263159,0.3769230769230769,0.6578947368421053,-0.6890688259109312,-0.2809716599190284,-0.5404858299595142,0.8,0.6,0.20000000000000007,1,0,0.24786989610030322
1.8043478260869565,0.75,0.6956521739130435,0.3125,1.0543478260869565,0.38315217391304346,0.8233695652173914,0.6,0.6,0.0,1,1,0.7854284025716045
1.1126760563380282,1.0140845070422535,0.38028169014084506,0.4225352112676056,0.09859154929577474,-0.04225352112676056,-0.23943661971830976,0.2,0.4,-0.2,0,0,0.42399530021135823
1.6326530612244898,1.273469387755102,0.5959183673469388,0.47346938775510206,0.35918367346938784,0.12244897959183676,0.29387755102040813,0.6,0.0,0.6,1,1,0.6188808945213284
1.5,0.8333333333333334,0.0,0.0,0.6666666666666666,0.0,-0.33333333333333326,0.0,0.0,0.0,0,1,0.5685833828626483
1.0389610389610389,1.6380597014925373,0.4025974025974026,0.5970149253731343,-0.5990986625314985,-0.19441752277573165,-0.363442527621632,0.4,0.6,-0.19999999999999996,0,0,0.2646351445879649
1.1657754010695187,1.7210526315789474,0.46524064171123,0.6263157894736842,-0.5552772305094287,-0.16107514776245418,-0.15744441317196745,0.8,0.4,0.4,0,0,0.3301889429260858
1.7065217391304348,1.013793103448276,0.5978260869565217,0.3586206896551724,0.6927286356821589,0.23920539730134932,-0.02683658170914538,0.4,0.4,0.0,1,1,0.6294895868029717
1.5507246376811594,1.1485507246376812,0.5942028985507246,0.41304347826086957,0.40217391304347827,0.18115942028985504,0.26086956521739135,0.8,0.0,0.8,1,1,0.6396921856600954
1.1132075471698113,1.1822429906542056,0.4386792452830189,0.4392523364485981,-0.06903544348439428,-0.0005730911655792426,0.010712396402750679,0.4,0.6,-0.19999999999999996,0,0,0.4220452870827286
0.9375,2.4,0.375,0.7962962962962963,-1.4625,-0.4212962962962963,-0.382175925925926,0.4,0.8,-0.4,0,0,0.12835900125696553
2.5454545454545454,0.45454545454545453,0.36363636363636365,0.09090909090909091,2.090909090909091,0.2727272727272727,0.0,0.8,0.2,0.6000000000000001,1,1,0.8846826474460411
1.7777777777777777,1.4444444444444444,0.4722222222222222,0.4166666666666667,0.33333333333333326,0.055555555555555525,-0.41666666666666674,0.4,0.4,0.0,0,0,0.4980627533358609
1.5294117647058822,0.9558823529411765,0.5808823529411765,0.3235294117647059,0.5735294117647057,0.2573529411764706,0.5441176470588236,0.6,0.2,0.39999999999999997,1,1,0.6848151931845604
1.1686746987951808,1.0120481927710843,0.3493975903614458,0.3614457831325301,0.15662650602409656,-0.01204819277108432,-0.19277108433734935,0.2,0.4,-0.2,1,0,0.44695463735498075
2.206896551724138,0.8333333333333334,0.6551724137931034,0.26666666666666666,1.3735632183908044,0.38850574712643676,0.3666666666666667,0.8,0.2,0.6000000000000001,1,1,0.8279749194354881
1.7964601769911503,1.176991150442478,0.6106194690265486,0.4424778761061947,0.6194690265486724,0.1681415929203539,0.07079646017699126,0.4,0.4,0.0,1,1,0.6212376960148674
1.25,1.2777777777777777,0.4166666666666667,0.4166666666666667,-0.02777777777777768,0.0,-0.09027777777777768,0.2,0.6,-0.39999999999999997,0,0,0.4111237789574957
0.8888888888888888,1.8888888888888888,0.3333333333333333,0.2222222222222222,-1.0,0.1111111111111111,0.4444444444444444,0.0,0.0,0.0,0,0,0.29904234601468316
1.2738095238095237,1.6547619047619047,0.47619047619047616,0.4642857142857143,-0.38095238095238093,0.011904761904761862,0.5238095238095237,0.4,1.0,-0.6,1,0,0.3977542478675196
1.1428571428571428,1.7142857142857142,0.2857142857142857,0.2857142857142857,-0.5714285714285714,0.0,-0.5714285714285714,0.0,0.0,0.0,1,0,0.27728021261025015
1.8,1.5132743362831858,0.0,0.4778761061946903,0.2867256637168143,-0.4778761061946903,0.0070796460176991705,0.0,0.0,0.0,0,0,0.4887998137468622
1.5576923076923077,1.2616279069767442,0.5,0.47093023255813954,0.2960644007155635,0.02906976744186046,0.19677996422182464,0.8,0.8,0.0,1,1,0.5529467754136974
1.204724409448819,1.0833333333333333,0.3937007874015748,0.08333333333333333,0.12139107611548572,0.3103674540682415,0.8090551181102361,0.6,0.2,0.39999999999999997,0,1,0.6237205189544683
1.7472118959107807,1.155844155844156,0.5947955390334573,0.4069264069264069,0.5913677400666248,0.18786913210705036,0.39628896506219924,0.6,0.2,0.39999999999999997,0,1,0.6735788655170913
1.5083798882681565,1.095505617977528,0.5363128491620112,0.42134831460674155,0.4128742702906285,0.11496453455526962,0.14186177892159946,0.2,0.6,-0.39999999999999997,0,1,0.548315843663325
1.1546391752577319,1.2708333333333333,0.44329896907216493,0.53125,-0.1161941580756014,-0.08795103092783507,-0.12263745704467355,0.6,0.6,0.0,1,0,0.40355942845406334
1.8421052631578947,1.1894736842105262,0.5578947368421052,0.4,0.6526315789473685,0.1578947368421052,0.12631578947368416,0.4,0.2,0.2,0,1,0.6461528505364489
1.0454545454545454,1.3218390804597702,0.3333333333333333,0.4942528735632184,-0.27638453500522475,-0.16091954022988508,-0.23667711598746077,0.2,0.2,0.0,1,0,0.3474406838577337
1.0485436893203883,0.912621359223301,0.42718446601941745,0.39805825242718446,0.13592233009708732,0.029126213592232997,-0.13592233009708754,0.4,0.4,0.0,1,0,0.46106301037876696
1.5,1.5416666666666667,0.5,0.5833333333333334,-0.04166666666666674,-0.08333333333333337,-0.10416666666666652,0.8,0.4,0.4,0,0,0.457271421876125
0.75,1.875,0.125,0.25,-1.125,-0.125,-0.125,0.0,0.0,0.0,0,0,0.21139680823841728
1.0952380952380953,0.97,0.3888888888888889,0.24,0.12523809523809537,0.1488888888888889,0.26142857142857134,0.4,0.0,0.4,0,1,0.5422938416095018
1.4293478260869565,1.4234234234234233,0.483695652173913,0.5315315315315315,0.005924402663533224,-0.047835879357618516,-0.16994712103407772,0.4,0.4,0.0,0,0,0.43412079627476097
1.0,1.0869565217391304,0.34782608695652173,0.2608695652173913,-0.08695652173913038,0.08695652173913043,0.34782608695652173,0.8,0.2,0.6000000000000001,1,1,0.5141562365665187
1.117283950617284,1.1515151515151516,0.5,0.5227272727272727,-0.034231200897867575,-0.022727272727272707,-0.11812570145903467,0.4,0.8,-0.4,0,0,0.40021070487397686
1.1047297297297298,1.0333333333333334,0.4527027027027027,0.36666666666666664,0.07139639639639639,0.08603603603603605,0.09009009009009006,0.6,0.6,0.0,1,0,0.482323412253727
1.8767123287671232,1.4545454545454546,0.6164383561643836,0.36363636363636365,0.42216687422166865,0.25280199252801994,0.5305105853051058,0.4,0.2,0.2,1,1,0.6524613059849627
1.2318840579710144,1.6095238095238096,0.3333333333333333,0.5047619047619047,-0.37763975155279517,-0.17142857142857143,-0.08571428571428585,0.4,0.2,0.2,0,0,0.36112320848386287
1.7483870967741935,1.2077922077922079,0.6774193548387096,0.4155844155844156,0.5405948889819856,0.261834939254294,0.4797235023041475,0.4,0.4,0.0,1,1,0.6548914847554541
1.8132295719844358,1.7665369649805447,0.6381322957198443,0.5252918287937743,0.04669260700389111,0.11284046692606997,0.47859922178988334,0.4,0.4,0.0,0,1,0.5429328148742014
1.1422018348623852,1.0825688073394495,0.40825688073394495,0.4908256880733945,0.059633027522935755,-0.08256880733944955,-0.20642201834862406,0.0,0.6,-0.6,1,0,0.39140580558339777
1.565217391304348,1.858695652173913,0.5815217391304348,0.6684782608695652,-0.2934782608695652,-0.08695652173913038,-0.15760869565217384,0.4,0.8,-0.4,1,0,0.3513005385339624
0.9354838709677419,2.101449275362319,0.3118279569892473,0.7874396135265701,-1.1659654043945769,-0.4756116565373228,-0.8159576125915537,0.6,0.6,0.0,0,0,0.14469366215710217
0.8863636363636364,1.0227272727272727,0.3409090909090909,0.3181818181818182,-0.13636363636363635,0.022727272727272707,0.11363636363636354,0.6,0.2,0.39999999999999997,0,0,0.45290252332444
1.9424460431654675,1.0873015873015872,0.6870503597122302,0.373015873015873,0.8551444558638803,0.31403448669635714,0.7378668493776408,0.2,0.2,0.0,1,1,0.7437185561843787
2.1826923076923075,0.8557692307692307,0.7307692307692307,0.34615384615384615,1.3269230769230766,0.3846153846153846,0.6826923076923076,1.0,0.2,0.8,1,1,0.8480982671715118
1.29,1.375,0.38,0.4715909090909091,-0.08499999999999996,-0.09159090909090911,-0.0752272727272727,0.0,0.6,-0.6,1,0,0.38109463811347144
1.6990291262135921,1.3592233009708738,0.6796116504854369,0.5048543689320388,0.3398058252427183,0.1747572815533981,0.17475728155339798,0.8,0.4,0.4,1,1,0.5982605344575618
1.3577981651376148,1.9541284403669725,0.48623853211009177,0.6513761467889908,-0.5963302752293578,-0.16513761467889904,-0.08256880733944949,0.4,0.8,-0.4,0,0,0.29129624959245
1.1926605504587156,1.2253521126760563,0.45871559633027525,0.36619718309859156,-0.03269156221734071,0.0925184132316837,-0.072231554464401,1.0,0.8,0.19999999999999996,0,0,0.4611116213658226
2.1,1.809090909090909,0.7454545454545455,0.5818181818181818,0.290909090909091,0.1636363636363637,0.21363636363636362,0.8,0.4,0.4,1,1,0.603573892349437
1.28125,1.3958333333333333,0.4895833333333333,0.3854166666666667,-0.11458333333333326,0.10416666666666663,0.4791666666666665,0.4,0.4,0.0,0,0,0.49254690089870606
1.4666666666666666,1.761111111111111,0.49444444444444446,0.5611111111111111,-0.2944444444444445,-0.06666666666666665,-0.16666666666666652,0.6,0.8,-0.20000000000000007,1,0,0.36324900605757876
2.6923076923076925,1.0588235294117647,0.7884615384615384,0.4117647058823529,1.6334841628959278,0.3766968325791855,0.5067873303167422,1.0,0.0,1.0,1,1,0.8818401451421317
1.0070422535211268,1.1569767441860466,0.38028169014084506,0.4883720930232558,-0.14993449066491982,-0.10809040288241073,-0.15230920406157877,0.4,0.2,0.2,0,0,0.3972179458307877
1.7116279069767442,1.196078431372549,0.6139534883720931,0.39215686274509803,0.5155494756041952,0.22179662562699504,0.32175102599179217,0.6,0.4,0.19999999999999996,1,1,0.6424715638777244
1.537037037037037,0.9425287356321839,0.5185185185185185,0.39080459770114945,0.5945083014048531,0.12771392081736904,0.09578544061302674,0.8,0.4,0.4,0,1,0.6341710550081969
1.6582278481012658,1.0833333333333333,0.5886075949367089,0.3333333333333333,0.5748945147679325,0.2552742616033756,-0.6075949367088607,0.6,0.6,0.0,0,1,0.5431940803408012
1.2179487179487178,2.2094594594594597,0.34615384615384615,0.7364864864864865,-0.9915107415107418,-0.39033264033264037,-0.45928620928620933,0.8,0.8,0.0,1,0,0.19997741709752268
1.5384615384615385,1.2156862745098038,0.15384615384615385,0.43137254901960786,0.3227752639517347,-0.277526395173454,-0.6410256410256407,0.4,1.0,-0.6,0,0,0.4004434098026699
0.8636363636363636,1.4931506849315068,0.2878787878787879,0.5342465753424658,-0.6295143212951432,-0.24636778746367788,0.007264425072644132,0.2,0.6,-0.39999999999999997,0,0,0.27495537501809947
0.8,1.1132075471698113,0.23333333333333334,0.42452830188679247,-0.31320754716981125,-0.19119496855345913,0.18616352201257858,0.4,0.4,0.0,1,0,0.3778274498885029
1.1590909090909092,0.5,0.4318181818181818,0.0,0.6590909090909092,0.4318181818181818,0.39393939393939403,0.6,0.0,0.6,1,1,0.7025723974848972
1.1363636363636365,0.9534883720930233,0.36363636363636365,0.38953488372093026,0.18287526427061318,-0.025898520084566612,0.20771670190274838,0.8,0.4,0.4,1,1,0.5364420193435839
1.125,0.875,0.4375,0.1875,0.25,0.25,0.75,0.8,0.4,0.4,0,1,0.6354948245241914
1.029940119760479,1.2325581395348837,0.4311377245508982,0.40310077519379844,-0.20261801977440475,0.028036949357099772,0.2058673350972473,0.6,0.4,0.19999999999999996,0,0,0.4413519615402231
0.9819819819819819,1.3423423423423424,0.4099099099099099,0.46846846846846846,-0.36036036036036045,-0.05855855855855857,0.11711711711711725,0.8,0.2,0.6000000000000001,1,0,0.41380627529210395
0.9894736842105263,1.6,0.3157894736842105,0.584,-0.6105263157894738,-0.26821052631578945,-0.536,0.4,0.6,-0.19999999999999996,0,0,0.24226387016258322
1.1176470588235294,1.0955882352941178,0.45588235294117646,0.40441176470588236,0.022058823529411686,0.0514705882352941,0.13235294117647056,0.4,0.4,0.0,1,0,0.4715765506265487
1.0747330960854093,1.1333333333333333,0.38434163701067614,0.4,-0.05860023724792396,-0.015658362989323882,-0.3852906287069988,0.4,0.6,-0.19999999999999996,0,0,0.379105453279577
1.3271375464684014,1.1417910447761195,0.483271375464684,0.5,0.18534650169228195,-0.016728624535315983,-0.2856766354103091,0.2,0.6,-0.39999999999999997,0,0,0.4330640718116657
1.2865168539325842,1.2027027027027026,0.4887640449438202,0.39864864864864863,0.08381415122988156,0.09011539629517157,0.2607045247494686,0.6,0.4,0.19999999999999996,1,1,0.5222229472796708
1.069767441860465,1.0518134715025906,0.3953488372093023,0.40414507772020725,0.017953970357874383,-0.00879624051090494,0.14314977708157617,0.8,0.6,0.20000000000000007,1,0,0.4810919762323154
1.1714285714285715,1.5142857142857142,0.3142857142857143,0.4857142857142857,-0.34285714285714275,-0.17142857142857143,-0.657142857142857,0.0,0.4,-0.4,1,0,0.27565319081838635
1.4201680672268908,2.100840336134454,0.47478991596638653,0.7394957983193278,-0.680672268907563,-0.26470588235294124,-0.3697478991596639,0.8,0.6,0.20000000000000007,0,0,0.27574903006359064
1.0921501706484642,1.1911262798634812,0.43686006825938567,0.4812286689419795,-0.09897610921501698,-0.04436860068259385,-0.03412969283276457,0.0,0.4,-0.4,0,0,0.3907991678295555
1.9090909090909092,2.1272727272727274,0.5454545454545454,0.6,-0.21818181818181825,-0.054545454545454564,0.36363636363636354,1.0,0.4,0.6,1,1,0.5031690502673374
0.8108108108108109,1.2533333333333334,0.21621621621621623,0.5466666666666666,-0.44252252252252255,-0.3304504504504504,-0.689009009009009,0.2,0.2,0.0,1,0,0.25535249857198417
1.0593220338983051,1.3581081081081081,0.4915254237288136,0.6148648648648649,-0.29878607420980297,-0.12333944113605133,-0.24874026568941832,0.4,0.4,0.0,0,0,0.344554037507546
1.045045045045045,1.5272727272727273,0.4864864864864865,0.6090909090909091,-0.4822276822276823,-0.12260442260442261,-0.3895986895986897,0.4,0.6,-0.19999999999999996,1,0,0.2866727106039584
1.0454545454545454,1.040485829959514,0.22727272727272727,0.3967611336032389,0.004968715495031306,-0.16948840633051163,-0.7688627162311372,0.2,0.6,-0.39999999999999997,1,0,0.3266422379806337
1.6197916666666667,1.191358024691358,0.5833333333333334,0.3888888888888889,0.42843364197530875,0.19444444444444448,0.39081790123456805,0.0,0.2,-0.2,0,1,0.5997075064703703
1.457142857142857,1.2857142857142858,0.5714285714285714,0.4,0.17142857142857126,0.17142857142857137,0.34285714285714275,0.8,0.4,0.4,1,1,0.575924307011294
1.3,1.1428571428571428,0.45294117647058824,0.39285714285714285,0.15714285714285725,0.06008403361344539,0.0821428571428573,0.6,0.0,0.6,0,1,0.5390828154317989
2.0112994350282487,1.0282485875706215,0.6666666666666666,0.3333333333333333,0.9830508474576272,0.3333333333333333,0.7457627118644068,0.6,0.4,0.19999999999999996,1,1,0.7789893047275
0.631578947368421,1.0290697674418605,0.21052631578947367,0.42441860465116277,-0.3974908200734395,-0.2138922888616891,-0.6682986536107711,0.2,0.2,0.0,0,0,0.26905855978979093
1.806083650190114,1.6692015209125475,0.6045627376425855,0.5171102661596958,0.1368821292775666,0.0874524714828897,0.0722433460076044,0.8,0.2,0.6000000000000001,0,1,0.5527749922320554
1.688073394495413,1.0140845070422535,0.5963302752293578,0.4084507042253521,0.6739888874531594,0.18787957100400565,0.38325365034242154,0.8,0.6,0.20000000000000007,1,1,0.6771920142992254
1.2780748663101604,1.6684491978609626,0.45454545454545453,0.5775401069518716,-0.39037433155080214,-0.1229946524064171,-0.18716577540106938,0.2,0.8,-0.6000000000000001,0,0,0.3082576633038741
1.032258064516129,2.225806451612903,0.25806451612903225,0.6774193548387096,-1.193548387096774,-0.4193548387096774,-1.5161290322580645,0.4,1.0,-0.6,0,0,0.0972309475077786
1.935483870967742,1.2258064516129032,0.6774193548387096,0.3870967741935484,0.7096774193548387,0.29032258064516125,0.6129032258064516,1.0,0.8,0.19999999999999996,1,1,0.7218450652304444
1.1818181818181819,1.170731707317073,0.38961038961038963,0.3170731707317073,0.011086474501108778,0.07253721887868231,0.3775736458663288,0.2,0.0,0.2,1,1,0.5128524659628417
1.180952380952381,1.161904761904762,0.4380952380952381,0.3904761904761905,0.01904761904761898,0.047619047619047616,0.02857142857142847,0.6,0.4,0.19999999999999996,0,0,0.47503886354333974
1.1147540983606556,1.1311475409836065,0.3114754098360656,0.47540983606557374,-0.016393442622950838,-0.16393442622950816,-0.6557377049180328,0.4,0.6,-0.19999999999999996,0,0,0.34751086547600685
1.164179104477612,1.373134328358209,0.417910447761194,0.44776119402985076,-0.20895522388059695,-0.029850746268656747,0.07462686567164178,0.6,0.4,0.19999999999999996,1,0,0.4243784695110081
1.9873417721518987,2.0548523206751055,0.6919831223628692,0.7679324894514767,-0.06751054852320681,-0.07594936708860756,-0.07172995780590707,0.6,0.8,-0.20000000000000007,1,0,0.43215795760613857
1.2118644067796611,1.4035087719298245,0.4152542372881356,0.543859649122807,-0.19164436515016336,-0.12860541183467145,-0.2965358311031816,0.4,0.2,0.2,0,0,0.37728273740964063
0.9787234042553191,1.1054852320675106,0.40425531914893614,0.38396624472573837,-0.12676182781219147,0.020289074423197773,0.08555525630667038,0.6,0.4,0.19999999999999996,0,0,0.4416959685505328
1.2584269662921348,1.9213483146067416,0.449438202247191,0.6292134831460674,-0.6629213483146068,-0.1797752808988764,-0.1797752808988764,0.4,1.0,-0.6,0,0,0.2584606370329619
1.7429906542056075,1.7735849056603774,0.677570093457944,0.6792452830188679,-0.030594251454769905,-0.0016751895609239398,-0.005113736554399617,0.6,1.0,-0.4,0,0,0.4351213278692982
1.0638297872340425,1.177304964539007,0.3971631205673759,0.3617021276595745,-0.11347517730496448,0.035460992907801414,0.15602836879432624,0.4,0.0,0.4,0,0,0.4668532771315432
0.7368421052631579,1.5789473684210527,0.15789473684210525,0.5789473684210527,-0.8421052631578948,-0.4210526315789474,-0.3157894736842104,0.0,1.0,-1.0,0,0,0.17867405124982985
1.2313432835820894,1.6541353383458646,0.417910447761194,0.631578947368421,-0.4227920547637751,-0.213668499607227,-0.027494108405341722,0.4,0.8,-0.4,1,0,0.32117753712266156
1.0072463768115942,1.3076923076923077,0.37681159420289856,0.48717948717948717,-0.3004459308807135,-0.11036789297658861,-0.05629877369007796,0.4,0.8,-0.4,1,0,0.3445285352599285
0.7951807228915663,1.8160919540229885,0.2289156626506024,0.6053639846743295,-1.0209112311314223,-0.37644832202372713,-0.6409084614319345,0.4,0.8,-0.4,0,0,0.16138679538172784
1.9850746268656716,0.7307692307692307,0.6119402985074627,0.19230769230769232,1.254305396096441,0.4196326061997704,0.7003444316877152,0.6,0.2,0.39999999999999997,0,1,0.8253253383884429
1.216931216931217,1.9730941704035874,0.42328042328042326,0.6591928251121076,-0.7561629534723704,-0.23591240183168438,-0.5318765273922226,0.2,0.2,0.0,0,0,0.23382252147824814
1.303030303030303,1.0,0.42424242424242425,0.38095238095238093,0.303030303030303,0.04329004329004332,-0.03896103896103886,0.4,0.4,0.0,1,1,0.5179237643774428
1.3,1.25,0.6,0.3,0.050000000000000044,0.3,1.0,0.8,0.2,0.6000000000000001,1,1,0.6407438682894697
1.309090909090909,1.4652777777777777,0.509090909090909,0.4027777777777778,-0.1561868686868686,0.10631313131313125,0.13270202020202015,0.8,0.4,0.4,1,0,0.47249228279851446
1.6474820143884892,1.2733812949640289,0.5827338129496403,0.45323741007194246,0.3741007194244603,0.12949640287769787,0.16546762589928043,0.6,0.4,0.19999999999999996,0,1,0.5867415433675012
1.3263157894736841,1.1578947368421053,0.4631578947368421,0.3157894736842105,0.1684210526315788,0.1473684210526316,-0.06315789473684208,0.8,0.6,0.20000000000000007,1,1,0.5129764502190838
1.2765957446808511,1.199004975124378,0.4340425531914894,0.4228855721393035,0.07759076955647304,0.011156981052185877,-0.02078966867788723,0.4,0.6,-0.19999999999999996,0,0,0.4560516436566597
1.303030303030303,1.6363636363636365,0.5909090909090909,0.6515151515151515,-0.3333333333333335,-0.06060606060606055,-0.1969696969696969,0.6,0.4,0.19999999999999996,0,0,0.36764001322178425
0.8409090909090909,1.0681818181818181,0.25,0.4772727272727273,-0.22727272727272718,-0.2272727272727273,-0.2954545454545454,0.2,0.4,-0.2,1,0,0.3293007160756255
1.7383512544802868,1.2424242424242424,0.5913978494623656,0.41818181818181815,0.4959270120560444,0.17321603128054747,0.2690778755294885,0.6,0.2,0.39999999999999997,1,1,0.6406834295811884
1.0277777777777777,1.2962962962962963,0.4222222222222222,0.4444444444444444,-0.2685185185185186,-0.0222222222222222,-0.01851851851851838,0.4,0.8,-0.4,0,0,0.3626928652379837
1.8333333333333333,1.1333333333333333,0.75,0.3,0.7,0.45,0.8666666666666666,0.8,0.4,0.4,1,1,0.7587070060213732
1.28125,1.5625,0.375,0.40625,-0.28125,-0.03125,-0.21875,0.4,0.6,-0.19999999999999996,0,0,0.35823733072989644
1.088235294117647,1.0,0.20588235294117646,0.25,0.08823529411764697,-0.04411764705882354,-0.2173202614379086,0.0,0.0,0.0,0,0,0.436559662698882
1.7040816326530612,1.1435897435897435,0.6530612244897959,0.4512820512820513,0.5604918890633177,0.20177917320774458,0.32299843014128726,0.8,0.2,0.6000000000000001,1,1,0.6713973976146825
1.3320895522388059,1.1529850746268657,0.503731343283582,0.4141791044776119,0.17910447761194015,0.08955223880597013,0.08582089552238803,0.4,0.0,0.4,1,1,0.5334881608631586
1.2307692307692308,1.106837606837607,0.4700854700854701,0.47435897435897434,0.12393162393162394,-0.004273504273504258,-0.09829059829059816,0.6,0.4,0.19999999999999996,0,0,0.47855352850723887
1.2651162790697674,1.7534883720930232,0.4046511627906977,0.5767441860465117,-0.4883720930232558,-0.172093023255814,-0.4372093023255814,0.2,0.2,0.0,0,0,0.2928046202542111
1.25,2.3636363636363638,0.4583333333333333,0.731404958677686,-1.1136363636363638,-0.27307162534435264,-0.5674931129476586,0.2,1.0,-0.8,0,0,0.1533007916475422
1.1657142857142857,0.9565217391304348,0.4857142857142857,0.3565217391304348,0.2091925465838509,0.12919254658385093,0.20223602484472036,1.0,0.4,0.6,0,1,0.5691038772368582
1.125,0.7142857142857143,0.375,0.0,0.4107142857142857,0.375,-0.625,0.0,0.0,0.0,0,0,0.49872118216037176
1.062937062937063,1.9965986394557824,0.34965034965034963,0.6938775510204082,-0.9336615765187195,-0.3442272013700585,-0.6681175966890254,0.0,0.4,-0.4,0,0,0.173406604585637
2.25,1.7857142857142858,0.6428571428571429,0.5357142857142857,0.4642857142857142,0.1071428571428572,0.3928571428571428,0.8,0.8,0.0,1,1,0.6368218773426036
1.1757322175732217,0.9291666666666667,0.4309623430962343,0.37916666666666665,0.24656555090655496,0.05179567642956767,-0.15582287308228726,0.2,0.4,-0.2,0,0,0.4751357708374612
1.3568075117370892,1.1690140845070423,0.4788732394366197,0.4413145539906103,0.187793427230047,0.03755868544600938,0.07042253521126751,0.6,0.6,0.0,1,1,0.5080644383110418
1.2686567164179106,1.5629629629629629,0.5298507462686567,0.5407407407407407,-0.29430624654505233,-0.010889994472084052,0.16229961304588159,0.8,0.6,0.20000000000000007,1,0,0.4215291571604817
0.8333333333333334,1.0,0.0,0.0,-0.16666666666666663,0.0,0.11904761904761907,0.0,0.0,0.0,0,0,0.4211682337588355
0.8488372093023255,1.4075630252100841,0.2441860465116279,0.5462184873949579,-0.5587258159077586,-0.30203244088333003,-0.405608755129959,0.0,0.4,-0.4,0,0,0.24468794166191826
1.011111111111111,1.368421052631579,0.3333333333333333,0.42105263157894735,-0.3573099415204679,-0.08771929824561403,-0.19707602339181274,0.6,0.8,-0.20000000000000007,0,0,0.3346606941005271
1.4615384615384615,2.076923076923077,0.38461538461538464,0.3076923076923077,-0.6153846153846156,0.07692307692307693,0.9999999999999998,0.6,0.4,0.19999999999999996,0,0,0.4652912170905252
1.3909774436090225,1.112781954887218,0.556390977443609,0.45864661654135336,0.27819548872180455,0.09774436090225563,0.12030075187969924,0.8,0.4,0.4,1,1,0.563872886240791
1.3363636363636364,1.5636363636363637,0.4636363636363636,0.5636363636363636,-0.2272727272727273,-0.09999999999999998,0.0,0.2,0.4,-0.2,0,0,0.38387321566886967
1.029126213592233,1.0,0.42718446601941745,0.3333333333333333,0.029126213592232997,0.09385113268608414,-0.3106796116504855,0.6,0.2,0.39999999999999997,0,0,0.4500422059262189
1.0982142857142858,0.8857142857142857,0.3794642857142857,0.2571428571428571,0.21250000000000013,0.12232142857142858,0.4151785714285714,0.4,0.4,0.0,1,1,0.5522695359139722
1.2736842105263158,1.3915343915343916,0.4789473684210526,0.5026455026455027,-0.11785018100807587,-0.02369813422445005,-0.0193539404065719,0.4,0.8,-0.4,1,0,0.39958214846531354
1.4761904761904763,0.9047619047619048,0.38095238095238093,0.23809523809523808,0.5714285714285715,0.14285714285714285,0.04761904761904767,0.4,0.4,0.0,0,1,0.6005620555188534
0.9672131147540983,1.1043956043956045,0.36065573770491804,0.41208791208791207,-0.13718248964150614,-0.05143217438299402,-0.15447667087011352,0.4,0.8,-0.4,0,0,0.3706339725955097
0.9454545454545454,1.0694444444444444,0.36363636363636365,0.2777777777777778,-0.12398989898989898,0.08585858585858586,0.6184343434343433,0.4,0.4,0.0,1,0,0.4955161327127721
1.0555555555555556,1.9680851063829787,0.19444444444444445,0.6436170212765957,-0.9125295508274232,-0.4491725768321513,-0.5425531914893618,0.2,0.8,-0.6000000000000001,1,0,0.1741447650923593
1.28,0.84,0.36,0.36,0.44000000000000006,0.0,-0.3999999999999999,0.6,0.8,-0.20000000000000007,0,0,0.49207295105300736
0.9157894736842105,1.4482758620689655,0.29473684210526313,0.5024630541871922,-0.532486388384755,-0.20772621208192904,-0.2934923515685768,0.4,0.6,-0.19999999999999996,1,0,0.2794841274062129
1.7432432432432432,1.2297297297297298,0.5540540540540541,0.49324324324324326,0.5135135135135134,0.0608108108108108,-0.027027027027026973,0.8,0.8,0.0,1,1,0.5815934795921842
2.0689655172413794,1.103448275862069,0.5862068965517241,0.3103448275862069,0.9655172413793105,0.2758620689655172,0.4482758620689653,0.8,0.6,0.20000000000000007,1,1,0.7518024480113346
1.4895833333333333,1.6614583333333333,0.3958333333333333,0.5260416666666666,-0.171875,-0.13020833333333331,-0.08333333333333326,0.8,0.6,0.20000000000000007,1,0,0.41790960877639305
1.5966101694915253,1.2167832167832169,0.576271186440678,0.3986013986013986,0.37982695270830846,0.1776697878392794,0.20220457508593115,0.4,0.6,-0.19999999999999996,0,1,0.570297923070491
2.0955882352941178,1.8529411764705883,0.7720588235294118,0.625,0.24264705882352944,0.1470588235294118,0.47058823529411753,0.6,0.0,0.6,1,1,0.6286477344489937
1.0,1.25,0.2,0.25,-0.25,-0.04999999999999999,-0.050000000000000044,0.2,0.2,0.0,1,0,0.38408736772905083
1.3486842105263157,1.4464285714285714,0.4473684210526316,0.5133928571428571,-0.09774436090225569,-0.06602443609022551,0.04558270676691745,0.8,0.6,0.20000000000000007,1,0,0.44835355956024137
0.9893617021276596,1.574468085106383,0.40425531914893614,0.5904255319148937,-0.5851063829787234,-0.18617021276595752,-0.14893617021276606,0.6,0.8,-0.20000000000000007,0,0,0.2874137543362807
1.2285714285714286,0.8,0.4857142857142857,0.34285714285714286,0.4285714285714286,0.14285714285714285,-0.05714285714285705,0.2,0.6,-0.39999999999999997,1,1,0.5232085874332726
2.7808988764044944,1.0214285714285714,0.8651685393258427,0.42142857142857143,1.759470304975923,0.44373996789727127,0.6405296950240771,0.8,0.0,0.8,1,1,0.8962549033358616
1.3697916666666667,1.088235294117647,0.609375,0.3431372549019608,0.2815563725490198,0.2662377450980392,0.4558823529411765,0.4,0.2,0.2,1,1,0.6014826312817578
1.2173913043478262,1.328,0.2608695652173913,0.504,-0.1106086956521739,-0.2431304347826087,-0.0678260869565217,0.4,0.4,0.0,0,0,0.3993795606474869
1.1847133757961783,1.1123595505617978,0.4140127388535032,0.42696629213483145,0.0723538252343805,-0.012953553281328245,-0.13168253059471846,0.4,0.8,-0.4,0,0,0.4256657251454797
1.10989010989011,0.8490566037735849,0.38461538461538464,0.3018867924528302,0.260833506116525,0.08272859216255446,-0.062409288824383236,0.6,0.6,0.0,1,1,0.5063960118869678
1.4054054054054055,1.087837837837838,0.5135135135135135,0.41216216216216217,0.31756756756756754,0.10135135135135132,-0.06756756756756777,0.4,0.2,0.2,0,1,0.5371079246176407
1.1071428571428572,1.4337349397590362,0.4166666666666667,0.4819277108433735,-0.326592082616179,-0.0652610441767068,0.08864027538726327,0.4,0.4,0.0,1,0,0.3832600208455152
1.4417670682730923,0.6363636363636364,0.4939759036144578,0.2727272727272727,0.805403431909456,0.2212486308871851,-0.5753924790069368,1.0,0.6,0.4,0,1,0.6124405584377762
1.0548780487804879,1.3151515151515152,0.42073170731707316,0.49696969696969695,-0.26027346637102733,-0.0762379896526238,-0.20243902439024386,0.4,0.8,-0.4,0,0,0.34098343445406015
1.2115384615384615,2.1153846153846154,0.4423076923076923,0.6730769230769231,-0.903846153846154,-0.23076923076923084,-0.3846153846153847,0.4,0.8,-0.4,0,0,0.2088723325395682
0.9393939393939394,1.9393939393939394,0.3333333333333333,0.5757575757575758,-1.0,-0.2424242424242425,-0.6363636363636365,0.6,0.8,-0.20000000000000007,0,0,0.18140486386735072
1.3687943262411348,1.5319148936170213,0.5035460992907801,0.5177304964539007,-0.16312056737588643,-0.014184397163120588,0.14184397163120566,0.4,0.8,-0.4,0,0,0.41170877461620103
0.7631578947368421,0.5,0.3157894736842105,0.125,0.26315789473684215,0.1907894736842105,0.756578947368421,0.6,0.0,0.6,0,1,0.6329399486804064
1.2712765957446808,1.6989966555183946,0.4308510638297872,0.6086956521739131,-0.42772005977371386,-0.17784458834412586,-0.2993666832704762,0.6,0.6,0.0,0,0,0.31966384284718574
0.9622641509433962,1.3650793650793651,0.3836477987421384,0.6137566137566137,-0.4028152141359689,-0.23010881501447533,-0.5123290406309273,0.6,0.8,-0.20000000000000007,1,0,0.28105419603683823
1.3401015228426396,1.7922077922077921,0.49746192893401014,0.5930735930735931,-0.4521062693651525,-0.09561166413958294,-0.1338035906563826,0.4,1.0,-0.6,0,0,0.30742314932386544
1.4,0.8780487804878049,0.5,0.36585365853658536,0.521951219512195,0.13414634146341464,0.14390243902439015,0.6,0.4,0.19999999999999996,1,1,0.6083818282937113
1.1107266435986158,1.1038062283737025,0.44982698961937717,0.4429065743944637,0.006920415224913379,0.00692041522491349,-0.08650519031141868,0.8,0.2,0.6000000000000001,1,0,0.4780101980030621
0.9146341463414634,1.3316326530612246,0.35365853658536583,0.47959183673469385,-0.41699850671976113,-0.12593330014932802,0.11286709805873585,0.4,0.6,-0.19999999999999996,1,0,0.34637173164444135
1.2777777777777777,1.0,0.4126984126984127,0.4,0.2777777777777777,0.012698412698412653,0.038730158730158726,0.6,0.4,0.19999999999999996,0,1,0.5313981479158753
1.9,2.2,0.45,0.65,-0.30000000000000027,-0.2,-0.29999999999999993,0.2,0.8,-0.6000000000000001,1,0,0.325787619517402
1.1261261261261262,0.7631578947368421,0.34234234234234234,0.13157894736842105,0.362968231389284,0.2107633949739213,0.4495021337126599,0.6,0.0,0.6,0,1,0.63320621747881
1.6181818181818182,1.6181818181818182,0.509090909090909,0.5636363636363636,0.0,-0.054545454545454564,0.036363636363636376,1.0,0.6,0.4,0,0,0.49091324284808846
1.5636363636363637,1.8,0.5454545454545454,0.6363636363636364,-0.23636363636363633,-0.09090909090909094,-0.3090909090909092,0.8,0.4,0.4,0,0,0.3945335344645869
0.9824561403508771,1.2679425837320575,0.38596491228070173,0.4449760765550239,-0.28548644338118034,-0.05901116427432218,0.046251993620414655,0.4,0.8,-0.4,1,0,0.3619657916214575
1.9018867924528302,1.1894273127753303,0.6528301886792452,0.4052863436123348,0.7124594796774999,0.24754384506691046,0.4871415509932675,0.4,0.8,-0.4,1,1,0.6711127321508429
0.896551724137931,1.879120879120879,0.27586206896551724,0.6043956043956044,-0.9825691549829481,-0.3285335354300871,-0.7032967032967032,0.6,0.8,-0.20000000000000007,0,0,0.17378827190211862
0.9026548672566371,1.0666666666666667,0.2831858407079646,0.4266666666666667,-0.16401179941002952,-0.1434808259587021,-0.01156342182890846,0.4,0.6,-0.19999999999999996,0,0,0.3822618984284981
1.0952380952380953,1.3333333333333333,0.23809523809523808,0.38095238095238093,-0.23809523809523792,-0.14285714285714285,-0.523809523809524,0.4,0.4,0.0,0,0,0.332116043146732
1.1454545454545455,1.2,0.3090909090909091,0.36363636363636365,-0.05454545454545445,-0.054545454545454564,0.09090909090909105,0.4,0.0,0.4,1,0,0.467428008808332
1.62,1.9,0.56,0.5,-0.2799999999999998,0.06000000000000005,-0.020000000000000018,0.6,0.4,0.19999999999999996,1,0,0.4207002222195093
1.10989010989011,1.4395604395604396,0.3626373626373626,0.46153846153846156,-0.3296703296703296,-0.09890109890109894,-0.15384615384615374,0.2,0.6,-0.39999999999999997,0,0,0.3317747451209323
0.8076923076923077,1.3209876543209877,0.2692307692307692,0.5061728395061729,-0.51329534662868,-0.23694207027540365,-0.512820512820513,0.2,0.6,-0.39999999999999997,1,0,0.24770503092905344
1.9894179894179893,1.05,0.7142857142857143,0.35,0.9394179894179893,0.3642857142857143,0.365873015873016,1.0,0.6,0.4,1,1,0.7535690363806982
1.9210526315789473,1.0,0.6403508771929824,0.325,0.9210526315789473,0.31535087719298244,0.41820175438596485,0.4,0.2,0.2,1,1,0.7372859589981512
1.2166666666666666,1.797872340425532,0.43333333333333335,0.48936170212765956,-0.5812056737588653,-0.05602836879432621,-0.006028368794326111,1.0,0.2,0.8,0,0,0.37634969962728937
0.9142857142857143,1.2054794520547945,0.4,0.5068493150684932,-0.2911937377690802,-0.10684931506849316,-0.0714285714285714,0.2,0.4,-0.2,0,0,0.35059080520220876
1.3544303797468353,1.455813953488372,0.4050632911392405,0.48372093023255813,-0.10138357374153673,-0.07865763909331763,-0.035266411539593756,0.4,0.6,-0.19999999999999996,1,0,0.4113824518370829
1.4,1.08,0.28,0.36,0.31999999999999984,-0.07999999999999996,0.1200000000000001,0.2,0.4,-0.2,1,1,0.5197348170816638
2.581967213114754,1.4754098360655739,0.7459016393442623,0.5491803278688525,1.1065573770491801,0.19672131147540983,0.3524590163934427,0.8,0.6,0.20000000000000007,1,1,0.7702920519773002
1.22,1.0340909090909092,0.34,0.5,0.1859090909090908,-0.15999999999999998,-0.4431818181818181,0.6,0.2,0.39999999999999997,0,0,0.45070782857217123
0.9459459459459459,2.185567010309278,0.40540540540540543,0.711340206185567,-1.239621064363332,-0.3059348007801616,-0.08888269713011976,0.4,1.0,-0.6,0,0,0.16886420996300003
1.7520325203252032,1.7926829268292683,0.524390243902439,0.6422764227642277,-0.04065040650406515,-0.11788617886178865,-0.45934959349593485,0.0,0.8,-0.8,0,0,0.34788764082611023
1.0984455958549222,1.0126582278481013,0.44041450777202074,0.4177215189873418,0.08578736800682085,0.022692988784678958,0.0647996327146323,0.4,0.4,0.0,0,0,0.474091451041387
1.3150684931506849,1.5616438356164384,0.4429223744292237,0.4885844748858447,-0.24657534246575352,-0.045662100456621,-0.022831050228310446,0.6,0.4,0.19999999999999996,0,0,0.4088347030654539
1.1705882352941177,1.3392857142857142,0.4588235294117647,0.39285714285714285,-0.16869747899159648,0.06596638655462184,0.30609243697478994,0.4,0.4,0.0,1,0,0.454298709412317
1.0263157894736843,2.1842105263157894,0.2631578947368421,0.5526315789473685,-1.157894736842105,-0.2894736842105264,-0.26315789473684204,0.6,0.4,0.19999999999999996,0,0,0.20145589662072796
1.072289156626506,2.7520661157024793,0.3132530120481928,0.7933884297520661,-1.6797769590759732,-0.48013541770387336,-0.6604102359852635,0.2,1.0,-0.8,0,0,0.08871985112832498
0.875,1.9791666666666667,0.3541666666666667,0.5,-1.1041666666666667,-0.14583333333333331,-0.0625,0.6,0.6,0.0,0,0,0.22145826790048426
1.9896907216494846,1.788659793814433,0.7164948453608248,0.6134020618556701,0.2010309278350515,0.1030927835051546,0.24742268041237114,0.8,0.6,0.20000000000000007,0,1,0.5682105654939524
1.125,1.275,0.475,0.4,-0.1499999999999999,0.07499999999999996,0.27500000000000013,0.4,0.6,-0.19999999999999996,0,0,0.4420411274587778
1.4166666666666667,1.1875,0.4583333333333333,0.4583333333333333,0.22916666666666674,0.0,0.47916666666666674,0.4,0.2,0.2,1,1,0.5715379214319066
1.472972972972973,1.1013513513513513,0.6385135135135135,0.4391891891891892,0.3716216216216217,0.1993243243243243,0.19932432432432434,0.8,0.4,0.4,1,1,0.6031015265999108
1.3771043771043772,1.471186440677966,0.4983164983164983,0.559322033898305,-0.09408206357358884,-0.061005535581806714,-0.17749243850938767,0.4,0.4,0.0,1,0,0.40918202092178046
1.0361990950226245,1.4090909090909092,0.40271493212669685,0.55,-0.37289181406828464,-0.1472850678733032,-0.2889962978198273,0.2,0.6,-0.39999999999999997,0,0,0.30319684196287766
2.2783505154639174,1.175257731958763,0.7525773195876289,0.4536082474226804,1.1030927835051545,0.29896907216494845,0.577319587628866,0.8,0.4,0.4,1,1,0.7950742100280156
0.7727272727272727,1.2333333333333334,0.2727272727272727,0.35,-0.4606060606060607,-0.07727272727272727,0.19090909090909092,0.4,0.6,-0.19999999999999996,1,0,0.3476389094598926
1.1888111888111887,1.3211009174311927,0.3916083916083916,0.5504587155963303,-0.132289728620004,-0.1588503239879387,-0.27760313081414,0.6,0.6,0.0,1,0,0.37872161069684657
0.7666666666666667,1.2738095238095237,0.21666666666666667,0.4226190476190476,-0.507142857142857,-0.20595238095238094,-0.5595238095238095,0.0,0.2,-0.2,1,0,0.2542142954310011
0.9714285714285714,1.9166666666666667,0.2857142857142857,0.6944444444444444,-0.9452380952380953,-0.4087301587301587,-0.9087301587301586,0.0,1.0,-1.0,0,0,0.13508100784856564
1.1333333333333333,2.2,0.37037037037037035,0.725925925925926,-1.0666666666666669,-0.3555555555555556,-0.6740740740740742,0.0,0.6,-0.6,0,0,0.15173446598472257
1.3581081081081081,1.6554054054054055,0.4527027027027027,0.5743243243243243,-0.29729729729729737,-0.12162162162162166,-0.28378378378378377,0.4,0.6,-0.19999999999999996,1,0,0.3409137246729665
0.9322033898305084,1.127659574468085,0.3771186440677966,0.3404255319148936,-0.19545618463757664,0.036693112152902996,0.5968265416516407,0.0,0.4,-0.4,0,0,0.4447892324022285
1.4146341463414633,1.1219512195121952,0.5121951219512195,0.34146341463414637,0.2926829268292681,0.17073170731707316,0.46341463414634143,1.0,0.4,0.6,1,1,0.6266662223633624
1.5720338983050848,1.4110169491525424,0.4576271186440678,0.4915254237288136,0.1610169491525424,-0.03389830508474578,-0.31779661016949134,0.8,1.0,-0.19999999999999996,0,0,0.4490553314008564
1.0576923076923077,1.676056338028169,0.3557692307692308,0.5422535211267606,-0.6183640303358613,-0.18648429035752984,-0.17172264355362943,0.4,0.6,-0.19999999999999996,1,0,0.28070769582341654
0.8285714285714286,1.2054794520547945,0.3142857142857143,0.3150684931506849,-0.37690802348336583,-0.0007827788649706346,-0.04422700587084161,0.8,0.2,0.6000000000000001,0,0,0.39516401142954255
1.803191489361702,1.622340425531915,0.601063829787234,0.5053191489361702,0.1808510638297871,0.0957446808510638,0.2606382978723405,0.4,0.2,0.2,1,1,0.556860067835906
0.8421052631578947,0.7894736842105263,0.2631578947368421,0.3157894736842105,0.05263157894736836,-0.05263157894736842,-0.21052631578947367,0.2,0.6,-0.39999999999999997,0,0,0.39854583947427635
0.7777777777777778,1.1320754716981132,0.26666666666666666,0.44654088050314467,-0.3542976939203354,-0.179874213836478,-0.28218029350104823,0.4,0.2,0.2,0,0,0.3314359141553942
1.0884955752212389,1.0,0.4247787610619469,0.4,0.08849557522123885,0.024778761061946875,-0.0030678466076696775,0.6,0.6,0.0,1,0,0.4690992509404334
1.5,1.126984126984127,0.6402877697841727,0.42063492063492064,0.373015873015873,0.21965284914925204,0.5244375927829166,0.6,0.4,0.19999999999999996,0,1,0.6283111252304554
0.9752066115702479,2.2975206611570247,0.359504132231405,0.7933884297520661,-1.322314049586777,-0.43388429752066116,-0.6322314049586777,0.4,1.0,-0.6,0,0,0.1238455341803613
1.0108695652173914,1.5333333333333334,0.41304347826086957,0.3333333333333333,-0.5224637681159421,0.07971014492753625,0.5855072463768116,0.8,0.6,0.20000000000000007,0,0,0.424115779259451
1.2972972972972974,2.116022099447514,0.3963963963963964,0.7403314917127072,-0.8187248021502165,-0.3439350953163108,-0.3725051017868697,0.2,1.0,-0.8,0,0,0.19994134215472062
1.2121212121212122,1.4015151515151516,0.5075757575757576,0.5606060606060606,-0.18939393939393945,-0.05303030303030298,0.030303030303030276,0.4,0.8,-0.4,1,0,0.38501452082527005
1.8049792531120332,1.3076923076923077,0.5975103734439834,0.4556213017751479,0.4972869454197255,0.14188907166883546,-0.032482997372879296,0.8,0.4,0.4,1,1,0.6095884301644128
1.3234200743494424,1.553903345724907,0.41263940520446096,0.5613382899628253,-0.23048327137546454,-0.14869888475836435,-0.46840148698884754,0.6,0.2,0.39999999999999997,0,0,0.36588289321361167
2.5,0.9827586206896551,0.7301587301587301,0.27586206896551724,1.5172413793103448,0.4542966611932129,0.9986316365626712,0.8,0.8,0.0,1,1,0.8701141579316612
0.9102564102564102,1.0434782608695652,0.32051282051282054,0.4057971014492754,-0.13322185061315495,-0.08528428093645485,-0.11928651059085849,0.4,0.4,0.0,1,0,0.39314741501747746
0.9716981132075472,1.028301886792453,0.41509433962264153,0.4716981132075472,-0.05660377358490576,-0.05660377358490565,-0.09433962264150941,0.6,0.8,-0.20000000000000007,1,0,0.40500113426321144
1.0625,1.302325581395349,0.3333333333333333,0.47674418604651164,-0.23982558139534893,-0.14341085271317833,-0.056201550387597,0.8,0.6,0.20000000000000007,0,0,0.3925837788514468
1.5,0.7916666666666666,0.5,0.2916666666666667,0.7083333333333334,0.20833333333333331,-0.25,0.8,0.4,0.4,1,1,0.6267417346094993
1.0615384615384615,1.1333333333333333,0.40512820512820513,0.4266666666666667,-0.07179487179487176,-0.021538461538461562,-0.15931623931623928,0.6,0.4,0.19999999999999996,1,0,0.4243125306255644
1.7692307692307692,0.9743589743589743,0.5128205128205128,0.28205128205128205,0.7948717948717948,0.23076923076923073,0.20512820512820507,0.4,0.0,0.4,0,1,0.6962725418759232
1.25,1.4591836734693877,0.35,0.5510204081632653,-0.2091836734693877,-0.20102040816326527,-0.3840136054421768,0.6,0.6,0.0,0,0,0.351136101212369
1.1612903225806452,1.1290322580645162,0.5161290322580645,0.2903225806451613,0.032258064516129004,0.2258064516129032,0.12903225806451624,0.6,0.4,0.19999999999999996,1,1,0.5051968697402
1.4864864864864864,1.4878048780487805,0.42084942084942084,0.43902439024390244,-0.0013183915622940745,-0.0181749693944816,-0.2435571459961703,0.8,0.4,0.4,1,0,0.4577951694945252
0.9523809523809523,1.7619047619047619,0.3333333333333333,0.5238095238095238,-0.8095238095238095,-0.19047619047619052,-0.14285714285714302,0.6,0.8,-0.20000000000000007,1,0,0.25037056034342686
1.5654205607476634,1.574766355140187,0.4392523364485981,0.49065420560747663,-0.009345794392523477,-0.05140186915887851,-0.16822429906542058,0.2,0.4,-0.2,1,0,0.4228797626389055
1.0,1.0923076923076922,0.4077669902912621,0.3076923076923077,-0.0923076923076922,0.10007468259895441,0.5006721433905899,0.2,0.0,0.2,0,1,0.5010469228288915
1.0,0.9148936170212766,0.2222222222222222,0.3617021276595745,0.08510638297872342,-0.13947990543735228,-0.8132387706855793,0.0,0.4,-0.4,0,0,0.3368967057653063
1.2055335968379446,1.33201581027668,0.47035573122529645,0.5810276679841897,-0.12648221343873534,-0.11067193675889325,-0.10671936758893286,0.0,0.6,-0.6,0,0,0.36312969325219835
1.1397849462365592,0.9230769230769231,0.40860215053763443,0.3076923076923077,0.2167080231596361,0.10090984284532672,-0.3926109732561347,0.0,0.4,-0.4,0,0,0.43263279876893007
1.2549019607843137,1.0588235294117647,0.4117647058823529,0.39215686274509803,0.196078431372549,0.019607843137254888,-0.07843137254901955,0.4,0.4,0.0,0,0,0.4868849449672922
1.9885931558935361,1.009009009009009,0.6958174904942965,0.24324324324324326,0.9795841468845272,0.4525742472510533,0.6808824033158634,0.6,0.4,0.19999999999999996,1,1,0.7808115292648936
1.3695652173913044,2.097826086956522,0.40217391304347827,0.6956521739130435,-0.7282608695652175,-0.2934782608695652,-0.6956521739130435,0.8,0.6,0.20000000000000007,1,0,0.23728856325016
1.5310077519379846,1.0660377358490567,0.6472868217054264,0.42452830188679247,0.46497001608892785,0.22275851981863393,0.4050021939447125,0.6,0.4,0.19999999999999996,1,1,0.6349482108246502
1.1416309012875536,0.978448275862069,0.41201716738197425,0.33620689655172414,0.16318262542548467,0.0758102708302501,-0.019572295397365602,0.6,0.0,0.6,1,1,0.5257510867510881
1.2148148148148148,1.4615384615384615,0.4074074074074074,0.15384615384615385,-0.24672364672364666,0.25356125356125353,0.170940170940171,0.4,0.2,0.2,0,0,0.45593765388530655
0.625,1.625,0.25,0.375,-1.0,-0.125,0.125,0.0,0.0,0.0,0,0,0.2452135201869132
1.0638297872340425,1.297872340425532,0.40425531914893614,0.46808510638297873,-0.23404255319148937,-0.06382978723404259,-0.1063829787234043,0.4,0.6,-0.19999999999999996,1,0,0.3686887234271882
1.2231404958677685,1.1566265060240963,0.4793388429752066,0.3855421686746988,0.06651398984367218,0.09379667430050781,-0.05386836602608769,0.8,0.2,0.6000000000000001,1,1,0.5065699208554069
1.0414201183431953,1.3272727272727274,0.4319526627218935,0.4,-0.2858526089295321,0.031952662721893454,0.23055406132329215,1.0,0.4,0.6,1,0,0.4546761584743146
1.0,1.103896103896104,0.17647058823529413,0.4025974025974026,-0.10389610389610393,-0.2261268143621085,-0.6424751718869366,0.4,0.6,-0.19999999999999996,0,0,0.3255721577096182
2.263157894736842,1.3355263157894737,0.7368421052631579,0.42105263157894735,0.9276315789473684,0.3157894736842105,0.6249999999999999,0.8,0.8,0.0,0,1,0.75773940560566
1.510948905109489,1.2919708029197081,0.5401459854014599,0.48905109489051096,0.21897810218978098,0.0510948905109489,-0.24087591240875916,0.8,0.6,0.20000000000000007,1,0,0.4983753456247746
1.366412213740458,1.2,0.48091603053435117,0.4727272727272727,0.166412213740458,0.00818875780707845,-0.1518390006939625,0.6,0.4,0.19999999999999996,1,0,0.48723178876684653
1.27,1.4477611940298507,0.47,0.5024875621890548,-0.1777611940298507,-0.0324875621890548,0.0877860696517414,0.2,0.4,-0.2,1,0,0.4077747130744083
1.7511961722488039,1.356164383561644,0.583732057416268,0.410958904109589,0.39503178868715993,0.17277315330667897,0.3250311332503113,0.2,0.8,-0.6000000000000001,1,1,0.5667969829362013
1.2127659574468086,0.9787234042553191,0.4595744680851064,0.3617021276595745,0.23404255319148948,0.09787234042553189,0.37872340425531914,0.8,0.2,0.6000000000000001,0,1,0.5909755379088398
2.0055555555555555,1.1549295774647887,0.6666666666666666,0.3873239436619718,0.8506259780907668,0.2793427230046948,0.6467136150234741,0.6,0.4,0.19999999999999996,1,1,0.7463424322043949
1.2,1.3636363636363635,0.4,0.7272727272727273,-0.16363636363636358,-0.32727272727272727,-0.38909090909090915,0.6,0.8,-0.20000000000000007,0,0,0.33451303281719613
0.5555555555555556,1.3404255319148937,0.1111111111111111,0.40425531914893614,-0.7848699763593381,-0.29314420803782504,-0.3569739952718676,0.0,0.2,-0.2,0,0,0.21826732642440233
1.504950495049505,1.1782178217821782,0.6435643564356436,0.44554455445544555,0.3267326732673268,0.19801980198019803,0.4257425742574258,0.8,0.4,0.4,1,1,0.6194518904573209
1.5140845070422535,1.1160714285714286,0.6338028169014085,0.45535714285714285,0.3980130784708249,0.17844567404426565,0.5303068410462776,0.8,0.6,0.20000000000000007,1,1,0.6323698161162143
1.1304347826086956,1.3478260869565217,0.5434782608695652,0.5217391304347826,-0.21739130434782616,0.021739130434782594,0.28260869565217406,0.4,0.4,0.0,1,0,0.4338147107311263
2.748936170212766,1.1428571428571428,0.8680851063829788,0.14285714285714285,1.6060790273556234,0.7252279635258359,0.225531914893617,1.0,0.0,1.0,1,1,0.881023684358976
1.9441624365482233,1.180722891566265,0.6548223350253807,0.40963855421686746,0.7634395449819582,0.24518378080851322,0.5110390801785822,1.0,0.4,0.6,1,1,0.737258969527624
1.3978494623655915,1.3017241379310345,0.5,0.4051724137931034,0.09612532443455701,0.09482758620689657,0.09770114942528751,0.8,0.6,0.20000000000000007,0,1,0.5123385336619025
1.2923976608187135,1.4736842105263157,0.4502923976608187,0.5087719298245614,-0.18128654970760216,-0.05847953216374274,-0.12280701754385981,0.2,0.4,-0.2,0,0,0.3826776134046284
1.064039408866995,1.5949820788530467,0.42857142857142855,0.5519713261648745,-0.5309426699860516,-0.123399897593446,-0.10062326747532535,0.6,0.6,0.0,0,0,0.3189396519202386
0.8,1.4,0.0,0.0,-0.5999999999999999,0.0,0.5999999999999999,0.0,0.0,0.0,0,0,0.3844155535084876
1.2903225806451613,1.0467289719626167,0.3225806451612903,0.411214953271028,0.24359360868254454,-0.08863430810973771,-0.19987940910461255,0.0,1.0,-1.0,1,0,0.4131108276013506
1.0824742268041236,1.0298507462686568,0.28865979381443296,0.41044776119402987,0.05262348053546684,-0.1217879673795969,-0.30766271734112927,0.4,0.6,-0.19999999999999996,0,0,0.40185855558713346
1.7818181818181817,1.2849462365591398,0.5909090909090909,0.41935483870967744,0.496871945259042,0.1715542521994135,0.3757086999022481,0.6,0.6,0.0,0,1,0.6315555988898691
2.0320855614973263,1.0588235294117647,0.6844919786096256,0.4117647058823529,0.9732620320855616,0.2727272727272727,0.46524064171123003,0.4,1.0,-0.6,0,1,0.7116216003377382
0.8888888888888888,1.1594202898550725,0.1111111111111111,0.42028985507246375,-0.27053140096618367,-0.30917874396135264,-0.43478260869565233,0.0,0.6,-0.6,0,0,0.28312407550205515
1.0510204081632653,1.6323529411764706,0.35714285714285715,0.5735294117647058,-0.5813325330132053,-0.2163865546218487,-0.7192376950780313,0.6,0.2,0.39999999999999997,0,0,0.26435543573289705
1.54,1.28,0.56,0.3,0.26,0.26000000000000006,0.6400000000000001,0.6,0.4,0.19999999999999996,0,1,0.6249832074718646
1.1920529801324504,1.027027027027027,0.5033112582781457,0.32432432432432434,0.16502595310542345,0.17898693395382137,0.5477000178986933,0.4,0.2,0.2,1,1,0.5751936986743981
1.4054054054054055,1.5135135135135136,0.5878378378378378,0.6351351351351351,-0.10810810810810811,-0.04729729729729726,-0.3918918918918919,0.6,0.6,0.0,0,0,0.38524549545229714
1.3715415019762847,1.4615384615384615,0.5296442687747036,0.4461538461538462,-0.08999695956217679,0.08349042262085743,0.5562176953481301,1.0,0.6,0.4,1,1,0.5361891964854933
1.1358024691358024,1.3333333333333333,0.38271604938271603,0.41975308641975306,-0.19753086419753085,-0.037037037037037035,-0.024691358024691246,0.6,0.4,0.19999999999999996,0,0,0.41473806425696585
1.3061224489795917,1.2091836734693877,0.5051020408163265,0.4387755102040816,0.09693877551020402,0.06632653061224486,0.17857142857142838,0.4,0.4,0.0,1,0,0.4997801391570075
0.9705882352941176,1.2352941176470589,0.3235294117647059,0.47058823529411764,-0.26470588235294124,-0.14705882352941174,0.0,0.8,0.6,0.20000000000000007,0,0,0.390448451919958
1.3209876543209877,1.3375796178343948,0.3950617283950617,0.5605095541401274,-0.016591963513407082,-0.16544782574506567,-0.31107965715184394,0.4,0.4,0.0,0,0,0.4002469896473664
1.0909090909090908,1.5909090909090908,0.36363636363636365,0.4090909090909091,-0.5,-0.04545454545454547,0.18181818181818166,0.4,0.6,-0.19999999999999996,0,0,0.35041048800910274
0.8135593220338984,1.168421052631579,0.3559322033898305,0.4,-0.35486173059768067,-0.04406779661016952,-0.2663693131132916,0.2,0.6,-0.39999999999999997,0,0,0.311878767308288
1.1395348837209303,1.1395348837209303,0.5581395348837209,0.32558139534883723,0.0,0.2325581395348837,0.7441860465116279,0.6,0.2,0.39999999999999997,1,1,0.5787705991380746
1.1956521739130435,1.9565217391304348,0.391304347826087,0.5434782608695652,-0.7608695652173914,-0.15217391304347822,0.0,0.4,0.4,0.0,1,0,0.28782170361156684
1.2171052631578947,1.0595238095238095,0.40789473684210525,0.40476190476190477,0.15758145363408516,0.003132832080200487,-0.0830200501253131,0.2,0.8,-0.6000000000000001,0,0,0.43821697106715096
1.028688524590164,1.9959016393442623,0.4180327868852459,0.7008196721311475,-0.9672131147540983,-0.28278688524590156,-0.4426229508196722,0.4,0.8,-0.4,0,0,0.18895135612753255
0.782608695652174,1.2272727272727273,0.21739130434782608,0.2727272727272727,-0.44466403162055335,-0.055335968379446626,0.2055335968379446,0.0,0.6,-0.6,0,0,0.33086324838204056
1.9375,1.3333333333333333,0.4375,0.4,0.6041666666666667,0.03749999999999998,-0.31666666666666665,0.6,1.0,-0.4,1,1,0.5496450605331007
1.08,1.52,0.36,0.44,-0.43999999999999995,-0.08000000000000002,0.020000000000000018,0.8,0.4,0.4,1,0,0.3779508236432632
1.2608695652173914,2.4869565217391303,0.4,0.7217391304347827,-1.226086956521739,-0.32173913043478264,-0.5304347826086956,0.4,0.2,0.2,0,0,0.17406042363053767
1.1818181818181819,0.9090909090909091,0.45454545454545453,0.18181818181818182,0.2727272727272728,0.2727272727272727,0.6363636363636364,0.8,0.4,0.4,1,1,0.6315933631004012
1.285171102661597,1.4219269102990033,0.4600760456273764,0.521594684385382,-0.13675580763740625,-0.06151863875800562,0.07972158710508692,0.6,0.2,0.39999999999999997,0,0,0.4517383001646888
1.608695652173913,1.0217391304347827,0.5,0.5217391304347826,0.5869565217391304,-0.021739130434782594,-0.326086956521739,0.8,0.6,0.20000000000000007,0,1,0.5632164060681355
1.8611111111111112,1.2222222222222223,0.4166666666666667,0.3333333333333333,0.6388888888888888,0.08333333333333337,0.33333333333333326,0.4,0.6,-0.19999999999999996,1,1,0.6398680892589287
1.3370165745856353,1.2154696132596685,0.5082872928176796,0.425414364640884,0.12154696132596676,0.08287292817679559,0.23756906077348083,0.6,0.6,0.0,0,1,0.5164096345200702
1.1256830601092895,1.064516129032258,0.4918032786885246,0.25806451612903225,0.06116693107703153,0.23373876255949233,0.4205887537458135,0.6,0.6,0.0,0,1,0.5328652842846441
1.173913043478261,1.8127490039840637,0.33043478260869563,0.6414342629482072,-0.6388359605058027,-0.3109994803395115,-0.7732548068595184,0.8,0.6,0.20000000000000007,0,0,0.2394738528035456
1.7076923076923076,1.0461538461538462,0.5948717948717949,0.4,0.6615384615384614,0.19487179487179485,0.04102564102564088,1.0,0.0,1.0,1,1,0.6848987047804588
2.0816326530612246,0.7272727272727273,0.6122448979591837,0.18181818181818182,1.3543599257884973,0.43042671614100186,0.2133580705009276,0.4,0.2,0.2,0,1,0.7986997948686119
1.3472803347280335,1.096234309623431,0.502092050209205,0.4225941422594142,0.2510460251046025,0.07949790794979078,-0.06694560669456062,0.6,0.2,0.39999999999999997,1,1,0.532820651420027
1.7325581395348837,2.1511627906976742,0.5465116279069767,0.7383720930232558,-0.41860465116279055,-0.19186046511627908,-0.16279069767441867,0.6,0.8,-0.20000000000000007,1,0,0.3354892720014326
1.1538461538461537,1.3235294117647058,0.25,0.4852941176470588,-0.1696832579185521,-0.23529411764705882,-0.41779788838612375,0.2,0.4,-0.2,0,0,0.3367357395952992
1.4521739130434783,0.8,0.6434782608695652,0.3090909090909091,0.6521739130434783,0.3343873517786561,0.7810276679841898,0.2,0.4,-0.2,1,1,0.6919152075276808
1.3471074380165289,1.1844660194174756,0.5206611570247934,0.46601941747572817,0.16264141859905323,0.05464173954906526,0.08681697825563672,0.8,0.6,0.20000000000000007,1,1,0.5188793407446074
1.7169811320754718,1.3333333333333333,0.5283018867924528,0.3333333333333333,0.3836477987421385,0.1949685534591195,0.19999999999999996,0.8,0.0,0.8,1,1,0.6376073903596734
1.1555555555555554,1.0666666666666667,0.28888888888888886,0.35555555555555557,0.0888888888888888,-0.06666666666666671,0.2666666666666666,0.2,0.2,0.0,1,0,0.49187238615674034
1.1794871794871795,1.2727272727272727,0.3333333333333333,0.4155844155844156,-0.09324009324009319,-0.0822510822510823,-0.21245421245421237,0.6,0.2,0.39999999999999997,0,0,0.42490635757682516
1.0647058823529412,2.664705882352941,0.40588235294117647,0.7647058823529411,-1.5999999999999999,-0.35882352941176465,-0.2823529411764707,0.4,0.6,-0.19999999999999996,0,0,0.1302507364113037
1.2598039215686274,1.15625,0.44607843137254904,0.4609375,0.10355392156862742,-0.014859068627450955,-0.03783700980392157,0.2,0.4,-0.2,1,0,0.4541554390407855
1.238532110091743,1.6788990825688073,0.3853211009174312,0.45871559633027525,-0.44036697247706424,-0.07339449541284404,0.09174311926605494,0.6,0.6,0.0,0,0,0.36694761606425474
1.0,1.09375,0.34375,0.3125,-0.09375,0.03125,0.1875,0.6,0.4,0.19999999999999996,1,0,0.46329433607015463
1.4837209302325582,1.3373493975903614,0.39069767441860465,0.39357429718875503,0.14637153264219682,-0.0028766227701503833,-0.0648547679088447,0.2,0.4,-0.2,0,0,0.4702931800826011
1.3134328358208955,0.7586206896551724,0.4925373134328358,0.2413793103448276,0.5548121461657232,0.2511580030880082,0.5609881626351003,0.6,0.4,0.19999999999999996,1,1,0.6671639926523147
2.15,1.25,0.75,0.3,0.8999999999999999,0.45,1.3499999999999999,1.0,0.2,0.8,1,1,0.8432612480770202
0.7333333333333333,1.088235294117647,0.23333333333333334,0.5294117647058824,-0.3549019607843137,-0.296078431372549,-0.857843137254902,0.4,0.2,0.2,0,0,0.26578076062132444
0.5833333333333334,1.40625,0.16666666666666666,0.38125,-0.8229166666666666,-0.21458333333333332,-0.060416666666666785,0.4,0.2,0.2,0,0,0.2628593595662149
1.9090909090909092,2.5454545454545454,0.45454545454545453,0.2727272727272727,-0.6363636363636362,0.18181818181818182,0.4545454545454545,0.8,0.6,0.20000000000000007,0,0,0.4259143613352195
1.105263157894737,1.9780701754385965,0.18421052631578946,0.6885964912280702,-0.8728070175438596,-0.5043859649122807,-1.2763157894736843,0.4,0.6,-0.19999999999999996,0,0,0.14547913910861898
0.7586206896551724,1.3448275862068966,0.2413793103448276,0.5862068965517241,-0.5862068965517242,-0.34482758620689646,-0.7241379310344828,0.2,0.8,-0.6000000000000001,0,0,0.20339802265323306
1.8282828282828283,1.1111111111111112,0.6868686868686869,0.45454545454545453,0.7171717171717171,0.23232323232323232,0.34680134680134667,0.4,0.8,-0.4,1,1,0.653328892233736
2.0,0.7857142857142857,0.42857142857142855,0.21428571428571427,1.2142857142857144,0.21428571428571427,0.1428571428571428,0.6,0.2,0.39999999999999997,1,1,0.7681299716377408
1.3396226415094339,1.5054945054945055,0.39622641509433965,0.5164835164835165,-0.1658718639850716,-0.12025710138917689,-0.1734397677793904,0.6,0.6,0.0,0,0,0.39188169620904745
1.1686746987951808,1.570281124497992,0.42570281124497994,0.5381526104417671,-0.40160642570281113,-0.11244979919678716,-0.11646586345381515,0.2,0.6,-0.39999999999999997,1,0,0.3215069070437657
1.256198347107438,1.3388429752066116,0.4628099173553719,0.48760330578512395,-0.0826446280991735,-0.02479338842975204,0.008264462809917328,0.8,0.6,0.20000000000000007,1,0,0.44796316927364954
0.9186046511627907,2.1511627906976742,0.26744186046511625,0.7790697674418605,-1.2325581395348837,-0.5116279069767442,-0.6511627906976745,0.2,0.8,-0.6000000000000001,0,0,0.1268869341133688
1.6476190476190475,1.8285714285714285,0.5333333333333333,0.6571428571428571,-0.18095238095238098,-0.12380952380952381,-0.36190476190476184,0.6,0.6,0.0,0,0,0.37558329911916855
1.507462686567164,1.4253731343283582,0.5223880597014925,0.5298507462686567,0.08208955223880587,-0.007462686567164201,0.08955223880597019,0.2,0.2,0.0,0,0,0.4836138644286143
0.9577464788732394,1.0625,0.23943661971830985,0.21875,-0.10475352112676062,0.020686619718309845,-0.27948943661971826,0.2,0.6,-0.39999999999999997,0,0,0.3708833544589034
1.3908045977011494,1.160919540229885,0.5804597701149425,0.45977011494252873,0.2298850574712643,0.12068965517241381,0.24712643678160917,0.6,0.4,0.19999999999999996,1,1,0.5562792644078876
1.0384615384615385,1.2678571428571428,0.34615384615384615,0.39285714285714285,-0.22939560439560425,-0.046703296703296704,-0.04807692307692313,0.6,0.2,0.39999999999999997,0,0,0.41352330542576604
0.8181818181818182,1.4042553191489362,0.2727272727272727,0.4397163120567376,-0.586073500967118,-0.1669890393294649,-0.3359123146357188,0.4,0.0,0.4,1,0,0.29621010639247825
1.4388489208633093,1.143884892086331,0.5755395683453237,0.41007194244604317,0.29496402877697836,0.16546762589928055,0.3237410071942446,0.4,0.0,0.4,1,1,0.5941413963989562
1.1538461538461537,1.25,0.44871794871794873,0.46153846153846156,-0.09615384615384626,-0.01282051282051283,0.03205128205128194,0.4,0.2,0.2,1,0,0.4418970825340644
1.0718232044198894,1.5303867403314917,0.4419889502762431,0.6132596685082873,-0.45856353591160226,-0.1712707182320442,-0.2320441988950277,0.6,0.6,0.0,0,0,0.31499060413629815
1.1265822784810127,1.1097560975609757,0.44936708860759494,0.35365853658536583,0.01682618092003696,0.09570855202222911,0.2210558814448904,0.4,0.2,0.2,0,0,0.49734287087253437
1.1933333333333334,2.0045871559633026,0.42,0.6697247706422018,-0.8112538226299693,-0.24972477064220183,-0.5253822629969418,0.2,0.6,-0.39999999999999997,1,0,0.2085455170574693
1.0303030303030303,1.1515151515151516,0.3333333333333333,0.3333333333333333,-0.12121212121212133,0.0,0.1515151515151516,0.4,0.2,0.2,0,0,0.44957366011355626
1.2551724137931035,1.4324324324324325,0.4206896551724138,0.5752895752895753,-0.17726001863932894,-0.15459992011716145,-0.2174144587937692,0.6,0.6,0.0,0,0,0.3782186753528294
0.6,0.95,0.15,0.35,-0.35,-0.19999999999999998,-0.30000000000000004,0.2,0.6,-0.39999999999999997,1,0,0.2934215704061848
0.9541284403669725,1.1837837837837837,0.3669724770642202,0.5351351351351351,-0.22965534341681115,-0.1681626580709149,-0.418249442102653,0.2,0.4,-0.2,0,0,0.3231453828433003
1.0666666666666667,1.7047619047619047,0.37142857142857144,0.5238095238095238,-0.638095238095238,-0.1523809523809524,0.2952380952380953,0.6,0.6,0.0,0,0,0.3372766144080422
1.2586206896551724,1.3571428571428572,0.43103448275862066,0.5857142857142857,-0.09852216748768483,-0.15467980295566508,-0.6236453201970444,0.2,0.8,-0.6000000000000001,1,0,0.31570693755990087
1.6666666666666667,1.6666666666666667,0.16666666666666666,0.16666666666666666,0.0,0.0,-0.6666666666666666,0.0,0.0,0.0,1,0,0.39340504820686406
1.174496644295302,0.9664429530201343,0.44966442953020136,0.3825503355704698,0.2080536912751677,0.06711409395973156,-0.05369127516778516,0.6,0.6,0.0,0,0,0.49546758173221006
2.527027027027027,1.1842105263157894,0.75,0.2631578947368421,1.3428165007112378,0.4868421052631579,1.1478188715030821,0.6,0.4,0.19999999999999996,1,1,0.8672395534077283
1.3666666666666667,1.6111111111111112,0.43333333333333335,0.6666666666666666,-0.24444444444444446,-0.23333333333333328,-0.3555555555555555,0.6,0.6,0.0,0,0,0.34637999911111755
1.1724137931034482,2.4128440366972477,0.45689655172413796,0.7935779816513762,-1.2404302435937995,-0.3366814299272382,-0.566830117051566,0.8,1.0,-0.19999999999999996,0,0,0.1560561178863074
0.9607843137254902,1.1653543307086613,0.37254901960784315,0.4645669291338583,-0.20457001698317112,-0.09201790952601513,0.205187586845762,0.6,0.6,0.0,1,0,0.4161241656332603
1.0208333333333333,1.4166666666666667,0.3333333333333333,0.5416666666666666,-0.3958333333333335,-0.20833333333333331,-0.6249999999999999,0.4,0.6,-0.19999999999999996,0,0,0.27462767873528826
1.5206611570247934,0.9555555555555556,0.6322314049586777,0.4111111111111111,0.5651056014692378,0.2211202938475666,0.18604224058769514,0.6,0.4,0.19999999999999996,1,1,0.6312690940553304
1.9375,2.1875,0.578125,0.640625,-0.25,-0.0625,0.09375,0.4,1.0,-0.6,0,0,0.3902074376991665
1.4321608040201006,1.5477386934673367,0.592964824120603,0.5879396984924623,-0.11557788944723613,0.005025125628140725,0.015075376884422065,0.8,0.6,0.20000000000000007,0,0,0.4481885661870729
1.2155172413793103,1.1120689655172413,0.47413793103448276,0.5086206896551724,0.10344827586206895,-0.03448275862068961,-0.3017241379310345,0.4,0.2,0.2,1,0,0.44549840863193696
1.401098901098901,1.3406593406593406,0.4945054945054945,0.4945054945054945,0.06043956043956045,0.0,0.01098901098901095,0.2,0.6,-0.39999999999999997,1,0,0.4443171869286019
1.375,0.75,0.25,0.1875,0.625,0.0625,0.4375,0.4,0.4,0.0,1,1,0.6446104344847996
1.308641975308642,1.5308641975308641,0.5185185185185185,0.5308641975308642,-0.2222222222222221,-0.012345679012345734,0.18518518518518512,0.4,0.4,0.0,0,0,0.4251095452468594
1.0105263157894737,0.9052631578947369,0.43157894736842106,0.2736842105263158,0.10526315789473684,0.15789473684210525,0.042105263157894646,0.4,0.4,0.0,1,0,0.4865738589410723
0.875,1.482608695652174,0.4,0.6217391304347826,-0.607608695652174,-0.22173913043478255,-0.0913043478260871,0.6,0.8,-0.20000000000000007,0,0,0.28273104888051864
1.25,1.2727272727272727,0.42424242424242425,0.5227272727272727,-0.022727272727272707,-0.09848484848484845,-0.24242424242424243,0.4,0.4,0.0,0,0,0.41017098148955544
2.045918367346939,1.6377551020408163,0.6836734693877551,0.576530612244898,0.4081632653061227,0.1071428571428571,0.22448979591836737,0.6,0.6,0.0,0,1,0.5980079902502596
1.0625,1.6395348837209303,0.4375,0.5930232558139535,-0.5770348837209303,-0.15552325581395354,-0.15697674418604657,0.4,0.6,-0.19999999999999996,1,0,0.290549186998024
1.6857142857142857,1.1481481481481481,0.5285714285714286,0.4444444444444444,0.5375661375661376,0.08412698412698416,-0.07433862433862437,0.6,0.6,0.0,1,1,0.5802805780971656
1.7880794701986755,2.1456953642384105,0.609271523178808,0.7814569536423841,-0.3576158940397349,-0.17218543046357615,-0.4370860927152317,0.6,0.8,-0.20000000000000007,0,0,0.3215886875672419
1.622340425531915,1.648936170212766,0.5691489361702128,0.5212765957446809,-0.02659574468085113,0.0478723404255319,0.2606382978723405,0.8,0.6,0.20000000000000007,1,1,0.5064692037740395
1.1904761904761905,1.325925925925926,0.38095238095238093,0.4444444444444444,-0.1354497354497355,-0.06349206349206349,-0.10899470899470898,0.6,0.6,0.0,1,0,0.40601905070722744
1.0945945945945945,1.0743243243243243,0.49324324324324326,0.49324324324324326,0.020270270270270174,0.0,0.15540540540540548,1.0,0.0,1.0,0,1,0.5317801285440815
1.11875,0.9,0.50625,0.35384615384615387,0.2187499999999999,0.1524038461538461,0.1596153846153845,0.8,0.2,0.6000000000000001,0,1,0.5646768547437104
1.779874213836478,1.6477987421383649,0.5849056603773585,0.5283018867924528,0.13207547169811318,0.05660377358490565,0.16981132075471694,0.8,0.2,0.6000000000000001,1,1,0.5591573712503761
1.6211180124223603,1.7018633540372672,0.5590062111801242,0.5714285714285714,-0.08074534161490687,-0.012422360248447228,0.1987577639751552,0.4,1.0,-0.6,1,0,0.4312193701966118
1.1781609195402298,1.1145833333333333,0.43103448275862066,0.4513888888888889,0.06357758620689657,-0.020354406130268232,-0.13733237547892707,0.4,1.0,-0.6,1,0,0.4104337825177129
0.875,0.75,0.20833333333333334,0.375,0.125,-0.16666666666666666,-0.2916666666666665,0.2,0.2,0.0,1,0,0.4181855409574175
1.680232558139535,1.069767441860465,0.6686046511627907,0.436046511627907,0.61046511627907,0.2325581395348837,0.2558139534883721,1.0,0.8,0.19999999999999996,0,1,0.6564917176891379
2.0840336134453783,0.6,0.6890756302521008,0.0,1.4840336134453782,0.6890756302521008,0.2016806722689075,0.6,0.0,0.6,1,1,0.8435601100084604
2.021897810218978,1.25,0.6970802919708029,0.125,0.7718978102189782,0.5720802919708029,0.5036496350364964,0.6,0.0,0.6,1,1,0.7615160866226005
1.2083333333333333,1.8548387096774193,0.4166666666666667,0.6666666666666666,-0.646505376344086,-0.24999999999999994,-0.3086917562724014,0.2,0.8,-0.6000000000000001,0,0,0.2423582657266593
1.4591194968553458,1.0222222222222221,0.5094339622641509,0.3111111111111111,0.43689727463312367,0.19832285115303983,0.0012578616352201255,0.4,0.4,0.0,0,1,0.5699968242966628
1.0961538461538463,1.7884615384615385,0.4423076923076923,0.5576923076923077,-0.6923076923076923,-0.11538461538461542,0.0,0.6,0.6,0.0,0,0,0.30088715988854126
2.1149425287356323,1.4655172413793103,0.7471264367816092,0.5632183908045977,0.649425287356322,0.1839080459770115,0.5862068965517241,0.8,0.4,0.4,1,1,0.7120126264032676
1.12,1.3768115942028984,0.47,0.5797101449275363,-0.25681159420289834,-0.10971014492753628,0.03057971014492744,0.6,0.4,0.19999999999999996,0,0,0.3991792313758822
1.1428571428571428,1.264516129032258,0.36134453781512604,0.4258064516129032,-0.12165898617511517,-0.06446191379777716,-0.45654648956356736,0.8,0.8,0.0,0,0,0.37168323302806394
1.1304347826086956,1.0,0.45652173913043476,0.0,0.13043478260869557,0.45652173913043476,0.576086956521739,0.6,0.0,0.6,1,1,0.621983003884922
0.9333333333333333,1.2833333333333334,0.26666666666666666,0.4166666666666667,-0.3500000000000001,-0.15000000000000002,-0.09999999999999987,0.0,0.4,-0.4,0,0,0.3234039264737616
1.4285714285714286,1.7142857142857142,0.47619047619047616,0.5476190476190477,-0.2857142857142856,-0.07142857142857151,0.357142857142857,0.6,0.6,0.0,0,0,0.43213234664571953
1.1532846715328466,1.095617529880478,0.39416058394160586,0.46215139442231074,0.057667141652368636,-0.06799081048070488,-0.3523133742402653,0.6,0.2,0.39999999999999997,1,0,0.4399368861185307
1.4683544303797469,1.372093023255814,0.35443037974683544,0.3023255813953488,0.09626140712393294,0.052104798351486625,0.05004415660877237,0.2,0.2,0.0,0,0,0.49040523543476466
1.0555555555555556,1.9821428571428572,0.5,0.6607142857142857,-0.9265873015873016,-0.1607142857142857,-0.3035714285714286,1.0,0.6,0.4,0,0,0.24980570190868828
0.95,1.468013468013468,0.3933333333333333,0.5555555555555556,-0.518013468013468,-0.16222222222222227,-0.06518518518518523,0.8,0.2,0.6000000000000001,0,0,0.35185568078844565
1.2317073170731707,1.4171779141104295,0.3780487804878049,0.5766871165644172,-0.18547059703725877,-0.1986383360766123,-0.20555888074218176,0.6,0.4,0.19999999999999996,1,0,0.38481055996299346
1.3205128205128205,1.2564102564102564,0.3974358974358974,0.4358974358974359,0.0641025641025641,-0.03846153846153849,-0.02564102564102555,0.4,0.6,-0.19999999999999996,1,0,0.44992063654531994
1.3560975609756099,2.229268292682927,0.47804878048780486,0.8146341463414634,-0.8731707317073172,-0.3365853658536585,-0.7317073170731708,0.6,1.0,-0.4,0,0,0.18504586238337742
1.036764705882353,0.9,0.4338235294117647,0.31666666666666665,0.136764705882353,0.11715686274509807,0.062254901960784315,0.4,0.6,-0.19999999999999996,0,0,0.48046751462970205
1.4210526315789473,1.6875,0.3684210526315789,0.59375,-0.26644736842105265,-0.22532894736842107,-0.757127192982456,0.6,0.4,0.19999999999999996,1,0,0.3157208545901743
1.6521739130434783,1.8840579710144927,0.5217391304347826,0.5507246376811594,-0.2318840579710144,-0.02898550724637683,-0.02898550724637672,0.8,0.2,0.6000000000000001,1,0,0.4477906068415142
1.0,1.2107438016528926,0.41735537190082644,0.45041322314049587,-0.21074380165289264,-0.03305785123966942,0.02892561983471076,0.6,0.0,0.6,1,0,0.43608732232331565
1.0819672131147542,1.1414141414141414,0.36065573770491804,0.47474747474747475,-0.05944692829938725,-0.1140917370425567,-0.14605067064083443,0.6,0.8,-0.20000000000000007,0,0,0.39790264571032263
1.0465116279069768,0.9069767441860465,0.37209302325581395,0.3372093023255814,0.13953488372093037,0.034883720930232565,0.17441860465116288,0.2,0.6,-0.39999999999999997,1,0,0.4733386889635442
1.358695652173913,1.2826086956521738,0.4673913043478261,0.45652173913043476,0.07608695652173925,0.010869565217391353,-0.010869565217391353,0.4,0.4,0.0,1,0,0.4707146180926864
2.1136363636363638,1.0,0.6363636363636364,0.2727272727272727,1.1136363636363638,0.36363636363636365,0.9318181818181818,0.6,0.2,0.39999999999999997,1,1,0.8223160304311142
1.081911262798635,1.058252427184466,0.3822525597269625,0.44660194174757284,0.023658835614168927,-0.06434938202061036,-0.16660591802246594,0.4,0.2,0.2,0,0,0.4383141554239134
1.1358024691358024,1.2340425531914894,0.35802469135802467,0.3829787234042553,-0.09824008405568696,-0.024954032046230645,-0.12109272392960335,0.0,0.8,-0.8,1,0,0.3643159726562392
1.3376623376623376,1.3846153846153846,0.35064935064935066,0.38461538461538464,-0.04695304695304703,-0.03396603396603398,0.3523143523143524,0.4,0.4,0.0,0,0,0.4831975307548307
1.1029411764705883,1.5902777777777777,0.4338235294117647,0.6006944444444444,-0.48733660130718937,-0.1668709150326797,-0.4103349673202614,0.6,0.2,0.39999999999999997,1,0,0.31399077285831534
1.5930232558139534,2.75968992248062,0.5426356589147286,0.8643410852713178,-1.1666666666666667,-0.32170542635658916,-0.5310077519379846,1.0,1.0,0.0,0,0,0.18299847261316396
1.15,1.494208494208494,0.49615384615384617,0.5598455598455598,-0.3442084942084942,-0.06369171369171367,0.20142560142560129,0.8,0.2,0.6000000000000001,1,0,0.4299711624536622
0.8571428571428571,1.1140684410646389,0.2857142857142857,0.4296577946768061,-0.2569255839217818,-0.1439435089625204,-0.14350896252036938,0.0,0.6,-0.6,0,0,0.3238779914314991
1.6702127659574468,1.0289256198347108,0.648936170212766,0.3925619834710744,0.6412871461227361,0.25637418674169155,0.3931188089795439,0.6,0.4,0.19999999999999996,0,1,0.6749932995052659
1.7818181818181817,1.1578947368421053,0.5363636363636364,0.3815789473684211,0.6239234449760764,0.1547846889952153,0.014114832535885302,0.4,0.2,0.2,1,1,0.626837982207921
1.3235294117647058,0.8173076923076923,0.5980392156862745,0.3173076923076923,0.5062217194570136,0.2807315233785822,0.14875565610859742,0.8,0.0,0.8,1,1,0.6501847651627369
2.0,1.173913043478261,0.5217391304347826,0.30434782608695654,0.826086956521739,0.21739130434782605,-0.17391304347826075,0.8,0.2,0.6000000000000001,1,1,0.6839414460391412
1.6206896551724137,1.6436781609195403,0.5747126436781609,0.5287356321839081,-0.02298850574712663,0.04597701149425282,-0.1954022988505748,0.8,0.2,0.6000000000000001,0,0,0.47839805166301863
1.176,0.9080459770114943,0.472,0.3563218390804598,0.2679540229885057,0.1156781609195402,0.01829885057471281,0.8,0.4,0.4,0,1,0.5463833851417126
1.0404040404040404,2.803030303030303,0.398989898989899,0.8787878787878788,-1.7626262626262628,-0.4797979797979798,-0.5454545454545454,0.2,1.0,-0.8,0,0,0.08636900732387727
2.5180722891566263,1.783132530120482,0.7590361445783133,0.5180722891566265,0.7349397590361444,0.24096385542168675,0.7831325301204819,1.0,0.8,0.19999999999999996,0,1,0.7515940640888935
0.9437086092715232,1.0038167938931297,0.39072847682119205,0.3931297709923664,-0.0601081846216065,-0.0024012941711743507,0.17789798291289616,0.4,0.4,0.0,0,0,0.449269658655055
1.411764705882353,1.6323529411764706,0.4264705882352941,0.5833333333333334,-0.22058823529411753,-0.15686274509803927,-0.4901960784313726,0.8,0.6,0.20000000000000007,1,0,0.35825234083572416
1.4285714285714286,0.937007874015748,0.14285714285714285,0.3700787401574803,0.49156355455568057,-0.22722159730033747,-0.3745781777277839,0.0,0.4,-0.4,0,0,0.474771316337777
1.4444444444444444,2.111111111111111,0.2222222222222222,0.3333333333333333,-0.6666666666666667,-0.1111111111111111,0.11111111111111116,0.0,0.0,0.0,0,0,0.3262828286091955
1.0285714285714285,1.4615384615384615,0.40714285714285714,0.4230769230769231,-0.432967032967033,-0.015934065934065933,0.30384615384615365,0.2,0.4,-0.2,1,0,0.3745417998442139
1.025,1.1,0.4,0.3,-0.07500000000000018,0.10000000000000003,-0.2749999999999999,0.4,0.6,-0.19999999999999996,0,0,0.3970435004062543
0.7272727272727273,1.1363636363636365,0.30303030303030304,0.3939393939393939,-0.40909090909090917,-0.09090909090909088,0.015151515151515138,0.0,0.6,-0.6,0,0,0.31203467556347764
1.0387596899224807,0.9743589743589743,0.3798449612403101,0.358974358974359,0.06440071556350635,0.02087060226595111,0.05128205128205132,0.4,0.2,0.2,0,0,0.4788091309431834
1.5720338983050848,1.4343434343434343,0.538135593220339,0.51010101010101,0.13769046396165052,0.028034583119328937,-0.0054785139530901805,0.8,0.8,0.0,1,0,0.4960214608481708
1.5514018691588785,1.8037383177570094,0.4392523364485981,0.5420560747663551,-0.252336448598131,-0.10280373831775697,0.10280373831775691,0.4,0.4,0.0,1,0,0.41061823107760265
1.135135135135135,1.1467181467181466,0.4247104247104247,0.4942084942084942,-0.01158301158301156,-0.06949806949806953,-0.274131274131274,0.6,0.6,0.0,0,0,0.40983937284901456
1.062937062937063,2.272727272727273,0.3776223776223776,0.8111888111888111,-1.20979020979021,-0.43356643356643354,-0.7412587412587412,0.0,1.0,-1.0,0,0,0.11815160206779912
1.6,1.2222222222222223,0.4444444444444444,0.26666666666666666,0.37777777777777777,0.17777777777777776,0.0,0.2,0.2,0.0,1,1,0.5597129608217694
1.1567567567567567,1.3621621621621622,0.4918918918918919,0.5567567567567567,-0.20540540540540553,-0.06486486486486481,-0.08108108108108114,0.4,0.4,0.0,0,0,0.3894410011719941
0.9285714285714286,1.7857142857142858,0.14285714285714285,0.21428571428571427,-0.8571428571428572,-0.07142857142857142,0.14285714285714302,0.0,0.6,-0.6,1,0,0.256745722163807
0.9047619047619048,1.6795580110497237,0.38095238095238093,0.6629834254143646,-0.7747961062878189,-0.2820310444619837,-0.1548539857932123,0.2,0.8,-0.6000000000000001,0,0,0.226011691684162
1.120253164556962,1.5949367088607596,0.44936708860759494,0.6265822784810127,-0.47468354430379756,-0.17721518987341772,-0.22784810126582267,0.2,1.0,-0.8,1,0,0.2710184834825211
1.6565656565656566,1.23125,0.5707070707070707,0.4125,0.4253156565656566,0.15820707070707074,0.5913510101010101,0.8,0.8,0.0,1,1,0.637205836396062
1.8095238095238095,1.5238095238095237,0.47619047619047616,0.42857142857142855,0.2857142857142858,0.047619047619047616,0.09523809523809512,0.6,0.4,0.19999999999999996,0,1,0.5600978692586638
1.0138888888888888,1.4727272727272727,0.3888888888888889,0.5909090909090909,-0.4588383838383838,-0.20202020202020204,-0.3060606060606059,0.4,0.6,-0.19999999999999996,1,0,0.29272583099098853
1.0298507462686568,1.108910891089109,0.3283582089552239,0.38613861386138615,-0.0790601448204522,-0.057780404906162264,-0.31032954041672833,0.2,0.2,0.0,0,0,0.3879502874388857
1.1864406779661016,1.2937853107344632,0.3672316384180791,0.4180790960451977,-0.10734463276836159,-0.05084745762711862,0.3163841807909604,0.4,0.8,-0.4,0,0,0.43566765935214524
1.186046511627907,1.2093023255813953,0.3953488372093023,0.2558139534883721,-0.02325581395348819,0.1395348837209302,0.44186046511627897,0.6,0.4,0.19999999999999996,0,1,0.5237140933212938
0.9871794871794872,0.875,0.4358974358974359,0.3958333333333333,0.11217948717948723,0.04006410256410259,0.2451923076923077,0.2,0.6,-0.39999999999999997,1,0,0.4727181467918356
1.6111111111111112,1.1111111111111112,0.6111111111111112,0.3055555555555556,0.5,0.3055555555555556,0.9166666666666667,0.6,0.4,0.19999999999999996,1,1,0.7037337352367559
2.0833333333333335,1.5,0.4166666666666667,0.4166666666666667,0.5833333333333335,0.0,0.25,0.6,0.8,-0.20000000000000007,1,1,0.6211353622269016
1.7916666666666667,1.3164556962025316,0.5989583333333334,0.5063291139240507,0.4752109704641352,0.0926292194092827,0.10627637130801681,0.4,0.8,-0.4,0,1,0.5655079814216796
1.25,1.7674418604651163,0.42045454545454547,0.5271317829457365,-0.5174418604651163,-0.10667723749119101,-0.09443269908386176,0.4,0.6,-0.19999999999999996,0,0,0.31736941993647844
1.8705882352941177,1.8,0.5411764705882353,0.611764705882353,0.07058823529411762,-0.07058823529411773,-0.23529411764705888,0.6,0.8,-0.20000000000000007,0,0,0.44229886645110816
1.4093264248704662,1.782383419689119,0.42487046632124353,0.5958549222797928,-0.37305699481865284,-0.17098445595854922,-0.4818652849740934,0.4,0.4,0.0,0,0,0.3148534633700885
1.8646616541353382,1.2781954887218046,0.6390977443609023,0.45864661654135336,0.5864661654135337,0.18045112781954892,0.09022556390977443,0.6,0.4,0.19999999999999996,0,1,0.6324832245182436
1.05,1.05,0.2,0.1,0.0,0.1,0.3999999999999999,0.6,0.2,0.39999999999999997,1,1,0.53098993697755
0.9681528662420382,1.0597014925373134,0.39490445859872614,0.373134328358209,-0.09154862629527516,0.02177013024051716,0.3356782964160092,0.6,0.6,0.0,0,0,0.46570232007601153
0.5,1.1666666666666667,0.0,0.0,-0.6666666666666667,0.0,-0.16666666666666674,0.0,0.0,0.0,1,0,0.28504464172383726
1.1132075471698113,0.8505747126436781,0.37735849056603776,0.2413793103448276,0.2626328345261332,0.13597918022121017,-0.18412491867273917,0.6,0.0,0.6,0,1,0.5339431056924736
1.305263157894737,1.06875,0.4631578947368421,0.3875,0.23651315789473681,0.07565789473684209,0.022368421052631593,0.4,0.2,0.2,0,1,0.5251595361436251
2.7394957983193278,1.3064516129032258,0.7899159663865546,0.41935483870967744,1.433044185416102,0.37056112767687716,0.9025481160206019,1.0,0.4,0.6,1,1,0.873266297113524
1.2826086956521738,1.3478260869565217,0.43478260869565216,0.3804347826086957,-0.0652173913043479,0.054347826086956486,0.0652173913043479,0.2,0.8,-0.6000000000000001,1,0,0.4153261101715697
1.653061224489796,1.1156462585034013,0.5374149659863946,0.4557823129251701,0.5374149659863947,0.08163265306122452,-0.12925170068027225,0.4,0.4,0.0,1,1,0.5706494513440707
1.7714285714285714,1.0857142857142856,0.5714285714285714,0.4,0.6857142857142857,0.17142857142857137,0.1428571428571428,0.4,0.4,0.0,0,1,0.6422483575154989
1.9710144927536233,1.8067632850241546,0.7053140096618358,0.6231884057971014,0.16425120772946866,0.08212560386473433,0.19806763285024154,0.6,0.6,0.0,0,1,0.5387892862314435
1.2955665024630543,0.7924528301886793,0.5073891625615764,0.24528301886792453,0.503113672274375,0.26210614369365187,0.42067106608420857,0.4,0.2,0.2,1,1,0.6411256990772093
1.2784810126582278,1.6902654867256637,0.4810126582278481,0.5398230088495575,-0.4117844740674359,-0.05881035062170936,0.041335275008401506,0.4,0.6,-0.19999999999999996,1,0,0.3553219343559098
1.481818181818182,1.7579908675799087,0.5363636363636364,0.684931506849315,-0.2761726857617268,-0.14856787048567865,-0.3139269406392694,0.6,0.8,-0.20000000000000007,0,0,0.34343311995583103
1.4,1.1066666666666667,0.5851851851851851,0.4666666666666667,0.2933333333333332,0.11851851851851847,-0.07259259259259276,0.4,0.4,0.0,1,1,0.5196983335719632
2.2693726937269374,1.1072961373390557,0.7896678966789668,0.4892703862660944,1.1620765563878817,0.3003975104128723,0.4876550053054177,1.0,0.2,0.8,1,1,0.8120435037111158
1.2,1.958974358974359,0.3939393939393939,0.6410256410256411,-0.7589743589743589,-0.24708624708624716,-0.3543123543123543,0.4,0.6,-0.19999999999999996,0,0,0.2401421496335144
0.8571428571428571,1.3870967741935485,0.2857142857142857,0.532258064516129,-0.5299539170506914,-0.2465437788018433,-0.003456221198156806,0.2,0.6,-0.39999999999999997,1,0,0.29094626783357136
1.3376623376623376,1.177914110429448,0.5021645021645021,0.4294478527607362,0.15974822723288962,0.07271664940376593,0.08745651076939409,0.6,0.2,0.39999999999999997,1,1,0.5300534041421572
0.9036144578313253,0.9518072289156626,0.3493975903614458,0.39759036144578314,-0.04819277108433728,-0.04819277108433734,-0.45783132530120496,0.2,0.6,-0.39999999999999997,1,0,0.3527454524512539
1.0694444444444444,1.0555555555555556,0.3333333333333333,0.3611111111111111,0.01388888888888884,-0.02777777777777779,-0.13888888888888884,0.2,0.8,-0.6000000000000001,0,0,0.3958266414832274
0.9333333333333333,2.405,0.3333333333333333,0.78,-1.4716666666666665,-0.4466666666666667,-0.8683333333333334,0.6,0.4,0.19999999999999996,0,0,0.11884869710198145
1.0818713450292399,1.1568627450980393,0.40350877192982454,0.37254901960784315,-0.07499140006879945,0.030959752321981393,0.08771929824561386,0.6,0.2,0.39999999999999997,0,0,0.4692149484423659
1.0185185185185186,1.0555555555555556,0.35185185185185186,0.375,-0.03703703703703698,-0.02314814814814814,-0.21064814814814814,0.2,0.0,0.2,1,0,0.4214236615861926
1.096774193548387,1.1290322580645162,0.2903225806451613,0.3225806451612903,-0.032258064516129226,-0.032258064516129004,0.29032258064516125,0.4,0.6,-0.19999999999999996,0,0,0.4605523345597675
1.018181818181818,1.3333333333333333,0.32727272727272727,0.43859649122807015,-0.3151515151515152,-0.11132376395534288,0.37830940988835726,0.2,0.6,-0.39999999999999997,1,0,0.38706191756248476
1.7723577235772359,1.2601626016260163,0.4959349593495935,0.4146341463414634,0.5121951219512195,0.08130081300813008,-0.06504065040650397,0.8,0.2,0.6000000000000001,1,1,0.6153379781145387
1.0561797752808988,1.0769230769230769,0.43820224719101125,0.23076923076923078,-0.02074330164217808,0.20743301642178047,0.28003457216940375,0.8,0.4,0.4,1,1,0.5210442902984184
1.4269662921348314,0.9465648854961832,0.4794007490636704,0.2900763358778626,0.48040140663864817,0.18932441318580784,0.37584698516167747,0.2,0.2,0.0,1,1,0.6168893383062369
1.0865384615384615,1.037313432835821,0.5096153846153846,0.40298507462686567,0.04922502870264056,0.10663030998851891,0.08295063145809412,0.6,0.6,0.0,1,0,0.4770758078287688
1.6564885496183206,1.1526717557251909,0.5877862595419847,0.37404580152671757,0.5038167938931297,0.21374045801526714,0.7099236641221375,0.6,0.2,0.39999999999999997,0,1,0.688229387356408
1.15625,0.9444444444444444,0.4107142857142857,0.2361111111111111,0.21180555555555558,0.1746031746031746,0.40128968253968256,0.4,0.0,0.4,1,1,0.5803395227824345
1.728813559322034,1.194915254237288,0.6610169491525424,0.5169491525423728,0.5338983050847459,0.14406779661016955,0.008474576271186418,0.4,0.2,0.2,0,1,0.6028326716064004
1.403361344537815,1.0617283950617284,0.5294117647058824,0.2839506172839506,0.3416329494760866,0.24546114742193176,0.45056541134972505,0.4,0.2,0.2,0,1,0.6137720829702946
1.2777777777777777,0.90625,0.4166666666666667,0.25,0.3715277777777777,0.16666666666666669,0.1435185185185186,0.4,0.2,0.2,0,1,0.5764142204087909
0.9130434782608695,1.173913043478261,0.2826086956521739,0.43478260869565216,-0.26086956521739146,-0.15217391304347827,-0.08695652173913038,0.6,0.6,0.0,0,0,0.3673459867943697
1.0909090909090908,1.9090909090909092,0.30303030303030304,0.6060606060606061,-0.8181818181818183,-0.30303030303030304,-0.9393939393939394,0.0,0.8,-0.8,0,0,0.16014112878396802
1.5217391304347827,0.9130434782608695,0.4782608695652174,0.34782608695652173,0.6086956521739132,0.13043478260869568,0.21739130434782594,0.4,0.6,-0.19999999999999996,1,1,0.6136821242440763
2.216494845360825,1.6701030927835052,0.7216494845360825,0.44329896907216493,0.5463917525773196,0.27835051546391754,0.8144329896907216,0.6,0.2,0.39999999999999997,0,1,0.7249448066259193
1.108695652173913,2.782608695652174,0.43478260869565216,0.7608695652173914,-1.6739130434782608,-0.3260869565217392,-0.36956521739130443,0.8,1.0,-0.19999999999999996,0,0,0.12255288579811174
1.8275862068965518,1.4285714285714286,0.5862068965517241,0.5073891625615764,0.3990147783251232,0.07881773399014769,0.034482758620689724,0.6,0.6,0.0,0,1,0.566790501668447
1.0260869565217392,1.3398692810457515,0.46956521739130436,0.5620915032679739,-0.31378232452401233,-0.0925262858766695,-0.025859619210002682,0.4,0.2,0.2,1,0,0.37825500909860876
1.221276595744681,1.4978723404255319,0.40425531914893614,0.4,-0.2765957446808509,0.004255319148936121,0.11489361702127665,0.8,0.6,0.20000000000000007,0,0,0.4224145484919754
1.5922330097087378,0.9846153846153847,0.49514563106796117,0.3230769230769231,0.6076176250933532,0.17206870799103807,0.0351008215085884,0.6,0.0,0.6,1,1,0.6458277847875473
1.17989417989418,1.1353135313531353,0.37566137566137564,0.40264026402640263,0.04458064854104471,-0.026978888365026987,-0.08036041699408036,0.6,0.4,0.19999999999999996,1,0,0.46172274237916466
0.9306930693069307,0.7843137254901961,0.38613861386138615,0.2549019607843137,0.14637934381673467,0.13123665307707244,0.37536400698893413,0.4,0.2,0.2,1,1,0.5405057785828604
1.032258064516129,1.2076923076923076,0.43010752688172044,0.4,-0.17543424317617862,0.030107526881720414,0.12200165425971887,0.6,0.6,0.0,1,0,0.42633112227441106
1.36,1.264,0.456,0.408,0.09600000000000009,0.04800000000000004,0.16799999999999993,0.4,0.4,0.0,0,0,0.4994226920251942
1.0551181102362204,1.0236220472440944,0.40551181102362205,0.3937007874015748,0.03149606299212593,0.011811023622047223,0.051181102362204633,0.4,0.4,0.0,1,0,0.4591934350515736
1.3571428571428572,0.6071428571428571,0.5,0.2857142857142857,0.7500000000000001,0.2142857142857143,0.1785714285714286,0.4,0.4,0.0,1,1,0.6506117409530184
1.2511415525114156,1.7808219178082192,0.4018264840182648,0.5296803652968036,-0.5296803652968036,-0.1278538812785388,0.0365296803652968,0.2,0.2,0.0,0,0,0.3353521250647379
1.1666666666666667,1.2,0.3,0.4,-0.033333333333333215,-0.10000000000000003,0.0,0.4,0.4,0.0,0,0,0.43456483940482243
1.2206896551724138,1.77734375,0.43448275862068964,0.71484375,-0.5566540948275862,-0.28036099137931036,-0.49533943965517246,0.6,0.8,-0.20000000000000007,1,0,0.25906054033541087
1.1063829787234043,1.0691489361702127,0.44148936170212766,0.48404255319148937,0.037234042553191626,-0.04255319148936171,-0.42021276595744683,0.6,0.4,0.19999999999999996,0,0,0.4165075542312542
1.1951219512195121,2.0,0.3902439024390244,0.7459016393442623,-0.8048780487804879,-0.35565773690523794,-0.6755964280954284,0.4,0.6,-0.19999999999999996,0,0,0.2006134647477986
1.1785714285714286,1.778894472361809,0.4642857142857143,0.5979899497487438,-0.6003230437903804,-0.13370423546302945,-0.1862885857860732,1.0,0.6,0.4,0,0,0.32348730555140326
1.066326530612245,1.4188034188034189,0.42857142857142855,0.5470085470085471,-0.35247688819117395,-0.11843711843711852,-0.18153671725100295,0.0,1.0,-1.0,1,0,0.28877958713676033
0.9508928571428571,0.8378378378378378,0.36160714285714285,0.36486486486486486,0.11305501930501927,-0.003257722007722008,0.003137065637065506,0.6,0.4,0.19999999999999996,0,0,0.4804493992548093
1.0,0.8,0.35802469135802467,0.0,0.19999999999999996,0.35802469135802467,0.7901234567901234,0.0,0.0,0.0,0,1,0.6081122475056884
1.1907894736842106,2.2960526315789473,0.4473684210526316,0.8223684210526315,-1.1052631578947367,-0.37499999999999994,-0.736842105263158,0.4,1.0,-0.6,0,0,0.14514220952396653
1.4225352112676057,1.0422535211267605,0.5915492957746479,0.5211267605633803,0.38028169014084523,0.07042253521126762,0.21126760563380287,0.8,0.8,0.0,1,1,0.5697834840347713
1.4482758620689655,1.3448275862068966,0.39080459770114945,0.42528735632183906,0.10344827586206895,-0.03448275862068961,0.005747126436781436,0.4,0.4,0.0,1,0,0.4785118831407786
1.975609756097561,1.3365853658536586,0.7073170731707317,0.3902439024390244,0.6390243902439023,0.31707317073170727,0.7902439024390244,0.8,0.6,0.20000000000000007,0,1,0.7272679629010003
1.4148936170212767,1.1923076923076923,0.4148936170212766,0.15384615384615385,0.2225859247135844,0.26104746317512273,0.3977086743044189,0.8,0.4,0.4,1,1,0.6031599361332783
0.8947368421052632,1.4820143884892085,0.3157894736842105,0.6258992805755396,-0.5872775463839454,-0.31010980689132905,-0.5149564558879212,0.2,0.6,-0.39999999999999997,0,0,0.2321106597725692
1.1724137931034482,1.2413793103448276,0.2413793103448276,0.3103448275862069,-0.06896551724137945,-0.06896551724137931,-0.06896551724137923,0.6,0.4,0.19999999999999996,1,0,0.43746865578421457
1.875968992248062,1.4883720930232558,0.6589147286821705,0.4883720930232558,0.3875968992248062,0.1705426356589147,0.3062015503875968,0.4,0.8,-0.4,1,1,0.5791029525675011
1.4948979591836735,1.1734693877551021,0.6224489795918368,0.47959183673469385,0.3214285714285714,0.1428571428571429,0.19897959183673475,0.8,0.6,0.20000000000000007,1,1,0.5768227053328614
1.027027027027027,0.7837837837837838,0.43243243243243246,0.2972972972972973,0.2432432432432432,0.13513513513513514,0.29729729729729737,0.6,0.4,0.19999999999999996,0,1,0.5567455420977263
1.0,1.7908496732026145,0.3,0.6601307189542484,-0.7908496732026145,-0.36013071895424836,-0.45310457516339864,0.4,0.4,0.0,0,0,0.22388217739737742
0.6666666666666666,1.2857142857142858,0.19047619047619047,0.42857142857142855,-0.6190476190476192,-0.23809523809523808,0.09523809523809512,0.2,0.6,-0.39999999999999997,0,0,0.2816218597070015
0.9661016949152542,1.2586206896551724,0.3559322033898305,0.43103448275862066,-0.29251899473991816,-0.07510227936879016,-0.07130333138515477,0.2,0.8,-0.6000000000000001,0,0,0.3345003270330958
1.1925465838509317,1.2670157068062826,0.391304347826087,0.4869109947643979,-0.07446912295535091,-0.09560664693831095,-0.3620044876589379,0.4,0.4,0.0,0,0,0.38559612682767597
1.1294117647058823,1.5565217391304347,0.4176470588235294,0.6391304347826087,-0.42710997442455234,-0.22148337595907924,-0.5168797953964195,0.6,1.0,-0.4,1,0,0.2718771299974363
0.9833333333333333,0.7727272727272727,0.3,0.2727272727272727,0.21060606060606057,0.027272727272727282,-0.10606060606060597,0.4,0.2,0.2,0,0,0.49227500360059884
1.1875,1.9226190476190477,0.1875,0.6369047619047619,-0.7351190476190477,-0.44940476190476186,-0.8303571428571428,0.0,0.8,-0.8,0,0,0.17171829349938827
2.0,1.0,0.16666666666666666,0.16666666666666666,1.0,0.0,0.0,0.0,0.0,0.0,0,1,0.6828862434134102
2.288,1.44,0.792,0.648,0.8479999999999999,0.14400000000000002,0.19999999999999996,1.0,0.8,0.19999999999999996,1,1,0.7030949091425639
1.0,1.7555555555555555,0.3333333333333333,0.6888888888888889,-0.7555555555555555,-0.35555555555555557,-0.6222222222222222,0.4,1.0,-0.6,1,0,0.19263238054582668
1.8266666666666667,1.4,0.5466666666666666,0.4533333333333333,0.42666666666666675,0.09333333333333332,-0.14666666666666672,0.6,0.6,0.0,0,1,0.5544525055310218
1.25,1.3629032258064515,0.4112903225806452,0.3790322580645161,-0.11290322580645151,0.03225806451612906,0.1370967741935485,0.0,0.2,-0.2,1,0,0.43174154964188416
1.1559139784946237,0.9417040358744395,0.44623655913978494,0.38565022421524664,0.21420994262018422,0.0605863349245383,-0.06967549062153422,0.2,0.4,-0.2,1,0,0.47798267967480673
1.143835616438356,1.1986301369863013,0.410958904109589,0.4178082191780822,-0.0547945205479452,-0.006849315068493178,0.08904109589041109,0.6,0.2,0.39999999999999997,0,0,0.47177923276883094
1.3854748603351956,1.0071942446043165,0.49162011173184356,0.35251798561151076,0.3782806157308791,0.1391021261203328,-0.05522286081749139,0.4,0.6,-0.19999999999999996,0,1,0.5314693532302559
1.5145228215767634,1.3568464730290457,0.6307053941908713,0.5809128630705395,0.15767634854771773,0.049792531120331884,0.04149377593361003,0.6,0.4,0.19999999999999996,1,1,0.5137048570991538
1.225,1.4743589743589745,0.4,0.5384615384615384,-0.24935897435897436,-0.1384615384615384,-0.004487179487179471,0.4,0.4,0.0,0,0,0.38584912390672804
1.8333333333333333,0.7777777777777778,0.5277777777777778,0.2777777777777778,1.0555555555555554,0.25,0.36111111111111116,0.4,0.4,0.0,1,1,0.7394979640983613
0.6842105263157895,1.736842105263158,0.21052631578947367,0.42105263157894735,-1.0526315789473686,-0.21052631578947367,-0.8421052631578947,0.4,0.6,-0.19999999999999996,0,0,0.15901556701719421
1.2765957446808511,1.3225806451612903,0.40425531914893614,0.44623655913978494,-0.04598490048043913,-0.041981239990848795,-0.16140471288034774,0.2,0.4,-0.2,1,0,0.4079367553447481
1.0232558139534884,0.4,0.27906976744186046,0.0,0.6232558139534884,0.27906976744186046,-0.9674418604651163,0.2,0.0,0.2,0,1,0.5071510188293641
1.8450704225352113,1.0571428571428572,0.6338028169014085,0.5285714285714286,0.7879275653923541,0.10523138832997991,0.16921529175050298,0.6,0.4,0.19999999999999996,0,1,0.6719238988506894
1.076086956521739,1.7336683417085428,0.30434782608695654,0.5477386934673367,-0.6575813851868038,-0.24339086738038018,-0.6441446362246013,0.4,0.8,-0.4,0,0,0.22207830908971377
0.8309859154929577,1.3714285714285714,0.323943661971831,0.37142857142857144,-0.5404426559356137,-0.04748490945674044,0.0005365526492286943,0.6,0.0,0.6,0,0,0.3608825377658279
1.326086956521739,1.2197802197802199,0.42391304347826086,0.42857142857142855,0.10630673674151914,-0.004658385093167683,-0.1568322981366459,0.2,0.6,-0.39999999999999997,0,0,0.43345390437496406
1.8450704225352113,0.9459459459459459,0.5211267605633803,0.2702702702702703,0.8991244765892653,0.25085649029310997,0.37990102778835166,0.6,0.6,0.0,0,1,0.7169878048581778
0.7291666666666666,1.0416666666666667,0.2916666666666667,0.4166666666666667,-0.3125000000000001,-0.125,-0.08333333333333348,0.2,0.4,-0.2,0,0,0.33982287202295935
1.694915254237288,0.8305084745762712,0.6949152542372882,0.288135593220339,0.8644067796610169,0.4067796610169492,0.7457627118644068,0.6,0.4,0.19999999999999996,0,1,0.7581409405167048
1.7874015748031495,2.0,0.594488188976378,0.7007874015748031,-0.21259842519685046,-0.10629921259842512,-0.059055118110236116,1.0,0.6,0.4,1,0,0.43408057820636087
1.1310344827586207,1.3665158371040724,0.4689655172413793,0.502262443438914,-0.2354813543454517,-0.033296926197534715,0.09386799812763291,0.4,0.8,-0.4,0,0,0.3826337485790951
1.020979020979021,1.832167832167832,0.4125874125874126,0.6433566433566433,-0.811188811188811,-0.23076923076923073,-0.29370629370629375,0.6,0.8,-0.20000000000000007,0,0,0.23494445317438845
1.0285714285714285,1.1981981981981982,0.42857142857142855,0.49099099099099097,-0.1696267696267697,-0.062419562419562424,-0.07014157014156996,0.0,0.4,-0.4,0,0,0.36912724430007593
1.3904109589041096,1.2876712328767124,0.4794520547945205,0.4589041095890411,0.10273972602739723,0.020547945205479423,-0.09589041095890427,0.4,0.4,0.0,1,0,0.46851457103551036
1.3963133640552996,1.4840182648401827,0.5483870967741935,0.5388127853881278,-0.08770490078488313,0.009574311386065681,0.12215137933211295,0.6,0.8,-0.20000000000000007,1,0,0.4410164013365441
1.1382978723404256,1.0263157894736843,0.4627659574468085,0.34210526315789475,0.11198208286674127,0.12066069428891374,-0.024356103023516207,0.6,0.4,0.19999999999999996,0,0,0.4941645854374396
1.0341880341880343,1.8632478632478633,0.4017094017094017,0.6923076923076923,-0.829059829059829,-0.29059829059829057,-0.5042735042735044,0.4,0.6,-0.19999999999999996,0,0,0.2105583196608708
2.175,1.2125,0.7375,0.425,0.9624999999999999,0.31250000000000006,0.4125,1.0,0.4,0.6,1,1,0.7700482223685613
1.3041237113402062,1.2629310344827587,0.5360824742268041,0.44396551724137934,0.04119267685744754,0.09211695698542477,0.14361891219338796,0.2,0.4,-0.2,1,0,0.4721329947843728
0.9333333333333333,0.9285714285714286,0.2,0.2857142857142857,0.004761904761904745,-0.08571428571428569,-0.7857142857142858,0.4,0.4,0.0,0,0,0.3524994092380982
1.2079207920792079,1.1355932203389831,0.39603960396039606,0.4463276836158192,0.07232757174022475,-0.050288079655423146,-0.16591150640487773,0.6,0.4,0.19999999999999996,0,0,0.45604128021909646
1.8735632183908046,1.3793103448275863,0.5402298850574713,0.3793103448275862,0.49425287356321834,0.16091954022988508,0.586206896551724,0.6,0.6,0.0,1,1,0.656017217464353
1.2736842105263158,0.9655172413793104,0.5368421052631579,0.2413793103448276,0.30816696914700537,0.2954627949183303,0.6878402903811252,0.8,0.4,0.4,0,1,0.6474445260057636
1.6666666666666667,1.2,0.625,0.3,0.4666666666666668,0.325,0.24166666666666659,0.8,0.6,0.20000000000000007,1,1,0.6343567975047872
1.1,1.1,0.1,0.1,0.0,0.0,-0.10000000000000009,0.2,0.2,0.0,1,0,0.4403175442640648
1.025,1.0512820512820513,0.275,0.3333333333333333,-0.02628205128205141,-0.05833333333333329,-0.39038461538461533,0.2,0.2,0.0,1,0,0.3907721180896614
1.8333333333333333,1.3,0.5256410256410257,0.1,0.5333333333333332,0.4256410256410257,0.5307692307692309,0.6,0.2,0.39999999999999997,1,1,0.7009622466705575
1.3706896551724137,0.8879310344827587,0.603448275862069,0.28448275862068967,0.482758620689655,0.3189655172413793,0.08620689655172398,0.6,0.4,0.19999999999999996,0,1,0.6091429357462385
1.981981981981982,1.175,0.6621621621621622,0.4583333333333333,0.8069819819819819,0.20382882882882886,0.3632882882882884,0.4,0.6,-0.19999999999999996,0,1,0.6849439339876953
1.0820895522388059,0.9185185185185185,0.3880597014925373,0.3111111111111111,0.16357103372028736,0.07694859038142621,-0.0027639579878384612,0.4,0.6,-0.19999999999999996,1,0,0.47717667565920213
1.3305084745762712,1.3478260869565217,0.3644067796610169,0.43478260869565216,-0.017317612380250536,-0.07037582903463524,-0.5221075902726604,0.6,0.4,0.19999999999999996,1,0,0.400472221179207
1.271186440677966,1.3085714285714285,0.4124293785310734,0.46285714285714286,-0.03738498789346245,-0.050427764326069435,-0.23431799838579503,0.0,0.8,-0.8,1,0,0.3652008832805598
1.0914634146341464,1.4024390243902438,0.4024390243902439,0.5792682926829268,-0.3109756097560974,-0.17682926829268286,-0.08536585365853666,0.4,0.4,0.0,0,0,0.3569468319188522
0.5652173913043478,1.0327868852459017,0.17391304347826086,0.4098360655737705,-0.4675694939415539,-0.23592302209550964,-0.558089807555239,0.2,0.4,-0.2,0,0,0.25522386963622706
1.6721311475409837,1.4426229508196722,0.639344262295082,0.5245901639344263,0.2295081967213115,0.11475409836065575,-0.180327868852459,1.0,0.8,0.19999999999999996,1,1,0.519529490172291
1.0655737704918034,1.1767676767676767,0.4918032786885246,0.47474747474747475,-0.11119390627587333,0.01705580394104983,0.08345752608047685,1.0,0.4,0.6,1,0,0.472898995209816
1.5772727272727274,1.9954545454545454,0.43636363636363634,0.6636363636363637,-0.418181818181818,-0.22727272727272735,-0.6772727272727272,0.2,0.4,-0.2,1,0,0.2767361095427076
0.3333333333333333,0.5555555555555556,0.0,0.0,-0.22222222222222227,0.0,0.0,0.0,0.0,0.0,1,0,0.38002921025799735
1.320754716981132,1.2641509433962264,0.4075471698113208,0.43018867924528303,0.05660377358490565,-0.02264150943396226,-0.14716981132075468,0.2,0.2,0.0,0,0,0.44574016990227355
0.8,1.574468085106383,0.0,0.5602836879432624,-0.774468085106383,-0.5602836879432624,1.127659574468085,0.0,0.8,-0.8,0,0,0.3108347908016142
1.676923076923077,1.0625,0.676923076923077,0.25,0.614423076923077,0.42692307692307696,0.8125,0.8,0.4,0.4,1,1,0.735575305432295
1.7975206611570247,1.103305785123967,0.5909090909090909,0.384297520661157,0.6942148760330578,0.20661157024793392,0.37603305785123964,0.4,0.4,0.0,0,1,0.6715633751104846
1.08,1.24,0.32,0.4,-0.15999999999999992,-0.08000000000000002,-0.19999999999999996,0.4,0.8,-0.4,1,0,0.36305156018144374
1.0574712643678161,1.2857142857142858,0.39080459770114945,0.41714285714285715,-0.22824302134646968,-0.0263382594417077,0.31661740558292273,0.4,0.8,-0.4,0,0,0.4082292735548432
1.35,1.65,0.47,0.56,-0.2999999999999998,-0.09000000000000008,-0.30000000000000004,0.6,0.8,-0.20000000000000007,0,0,0.34283160072943375
1.1650485436893203,0.9772727272727273,0.48058252427184467,0.39204545454545453,0.18777581641659302,0.08853706972639014,0.21326125330979706,0.6,0.4,0.19999999999999996,1,1,0.5345965332182463
1.0275229357798166,1.5504587155963303,0.4036697247706422,0.5321100917431193,-0.5229357798165137,-0.12844036697247707,-0.022935779816513735,0.4,0.8,-0.4,0,0,0.3049836557443057
2.303030303030303,2.0606060606060606,0.6666666666666666,0.5757575757575758,0.24242424242424265,0.09090909090909083,0.1212121212121211,0.8,0.4,0.4,0,1,0.5847456459606288
1.509090909090909,1.0769230769230769,0.5878787878787879,0.15384615384615385,0.43216783216783217,0.43403263403263403,0.8564102564102565,0.6,0.4,0.19999999999999996,1,1,0.6943145333048496
1.4722222222222223,0.9142857142857143,0.6944444444444444,0.34285714285714286,0.5579365079365081,0.35158730158730156,0.992063492063492,0.6,0.6,0.0,0,1,0.7097019641456159
2.1739130434782608,1.5869565217391304,0.6521739130434783,0.391304347826087,0.5869565217391304,0.2608695652173913,0.3043478260869563,0.8,0.8,0.0,0,1,0.6630364664167331
0.8709677419354839,0.9959183673469387,0.22580645161290322,0.4204081632653061,-0.12495062541145485,-0.1946017116524029,-0.4488479262672811,0.6,0.8,-0.20000000000000007,0,0,0.340929615063094
1.3545454545454545,1.088235294117647,0.4727272727272727,0.4411764705882353,0.26631016042780753,0.03155080213903744,-0.13796791443850265,0.6,0.6,0.0,1,1,0.5003697239718949
1.2420091324200913,1.0909090909090908,0.5570776255707762,0.4125874125874126,0.15110004151100043,0.14449021298336362,0.4055944055944056,1.0,0.4,0.6,0,1,0.5824003790534622
1.1578947368421053,0.8947368421052632,0.2631578947368421,0.3157894736842105,0.26315789473684215,-0.05263157894736842,0.21052631578947367,0.6,0.2,0.39999999999999997,1,1,0.5518596003087416
0.8571428571428571,1.3928571428571428,0.25,0.4642857142857143,-0.5357142857142857,-0.2142857142857143,0.03571428571428559,0.4,0.6,-0.19999999999999996,1,0,0.3086413795958259
1.1587301587301588,1.5634920634920635,0.4603174603174603,0.5952380952380952,-0.40476190476190466,-0.13492063492063494,-0.373015873015873,0.4,0.6,-0.19999999999999996,1,0,0.30466380248472086
1.1374045801526718,1.3850931677018634,0.5190839694656488,0.5838509316770186,-0.24768858754919165,-0.0647669622113698,0.039353278649661094,0.8,0.6,0.20000000000000007,1,0,0.40791677541360066
1.5,1.625,0.375,0.25,-0.125,0.125,-0.25,0.0,0.0,0.0,0,0,0.41614528597014355
1.5284552845528456,0.75,0.47560975609756095,0.25,0.7784552845528456,0.22560975609756095,-0.815040650406504,0.4,0.0,0.4,1,1,0.5786128215548045
1.3459119496855345,0.5652173913043478,0.49056603773584906,0.13043478260869565,0.7806945583811867,0.3601312551271534,0.12496581897730397,0.6,0.2,0.39999999999999997,0,1,0.6866561117658387
1.4428571428571428,1.1458333333333333,0.6,0.40625,0.2970238095238096,0.19374999999999998,0.5401785714285714,0.8,0.4,0.4,1,1,0.6242298009643356
1.083916083916084,0.9310344827586207,0.38461538461538464,0.27586206896551724,0.1528816011574633,0.1087533156498674,0.1386544489992767,0.2,0.2,0.0,0,1,0.5042634105254807
1.5,1.3313253012048192,0.6225490196078431,0.5542168674698795,0.16867469879518082,0.06833215213796362,0.13518781006378444,0.6,0.2,0.39999999999999997,1,1,0.5400176430102459
1.579268292682927,1.690909090909091,0.6097560975609756,0.6666666666666666,-0.11164079822616402,-0.05691056910569103,0.0303769401330376,0.2,0.8,-0.6000000000000001,1,0,0.3974077408846287
2.0405405405405403,2.0945945945945947,0.6756756756756757,0.7837837837837838,-0.05405405405405439,-0.10810810810810811,-0.2567567567567568,1.0,1.0,0.0,1,0,0.4286034727617137
1.1666666666666667,0.9666666666666667,0.43333333333333335,0.3333333333333333,0.20000000000000007,0.10000000000000003,0.1333333333333333,0.6,0.2,0.39999999999999997,1,1,0.5420510929201111
2.888888888888889,1.0555555555555556,0.7222222222222222,0.3888888888888889,1.8333333333333333,0.3333333333333333,0.36111111111111105,0.6,0.2,0.39999999999999997,0,1,0.8777318983126918
1.2173913043478262,1.4444444444444444,0.47101449275362317,0.2777777777777778,-0.22705314009661826,0.19323671497584538,0.16908212560386482,0.6,0.4,0.19999999999999996,1,0,0.4544431429029331
1.4333333333333333,1.6833333333333333,0.575,0.6666666666666666,-0.25,-0.09166666666666667,-0.008333333333333526,0.4,0.6,-0.19999999999999996,0,0,0.38205028057072965
0.9911504424778761,1.3628318584070795,0.3893805309734513,0.504424778761062,-0.37168141592920345,-0.11504424778761063,-0.20353982300884965,0.2,0.4,-0.2,0,0,0.32369814467463504
1.5238095238095237,1.7142857142857142,0.2857142857142857,0.6190476190476191,-0.19047619047619047,-0.33333333333333337,-0.47619047619047605,0.4,0.8,-0.4,0,0,0.32017132179505525
1.8105263157894738,1.3368421052631578,0.5210526315789473,0.3736842105263158,0.47368421052631593,0.14736842105263154,0.06842105263157894,0.4,0.4,0.0,1,1,0.591704602260446
2.69811320754717,1.4597701149425288,0.7971698113207547,0.5172413793103449,1.238343092604641,0.27992843201040984,0.30871828236824994,1.0,0.8,0.19999999999999996,1,1,0.7950611395454459
1.1879699248120301,1.5365853658536586,0.38345864661654133,0.36585365853658536,-0.34861544104162845,0.017604988079955974,0.39501192004401253,0.4,0.8,-0.4,0,0,0.40111838102785297
2.142857142857143,2.4285714285714284,0.42857142857142855,0.5714285714285714,-0.2857142857142856,-0.14285714285714285,-0.38095238095238093,0.8,0.8,0.0,0,0,0.37103698367867055
2.1020408163265305,1.2525252525252526,0.7755102040816326,0.46464646464646464,0.8495155638012779,0.310863739435168,0.5578231292517006,0.8,0.2,0.6000000000000001,1,1,0.7607993063328522
1.4507042253521127,1.0869565217391304,0.5258215962441315,0.34782608695652173,0.36374770361298236,0.17799550928760977,0.10491937130026541,0.6,0.2,0.39999999999999997,1,1,0.5886641120752271
1.1578947368421053,0.7894736842105263,0.3157894736842105,0.3157894736842105,0.368421052631579,0.0,0.10526315789473695,0.4,0.6,-0.19999999999999996,0,1,0.5292454394944955
1.3819444444444444,0.875,0.5833333333333334,0.2916666666666667,0.5069444444444444,0.2916666666666667,0.1875,0.4,0.2,0.2,1,1,0.621221410246183
1.164835164835165,0.9473684210526315,0.4945054945054945,0.375,0.2174667437825334,0.11950549450549453,0.15623192596876811,0.4,0.2,0.2,1,1,0.5352821116919473
1.2867132867132867,2.7315175097276265,0.42657342657342656,0.7859922178988327,-1.4448042230143399,-0.3594187913254061,-0.880329786944573,0.8,0.4,0.4,0,0,0.13543173133939512
1.8831168831168832,1.4935064935064934,0.7142857142857143,0.45454545454545453,0.38961038961038974,0.25974025974025977,0.5714285714285715,1.0,0.4,0.6,1,1,0.6757611235717197
1.2475728155339805,0.9320388349514563,0.470873786407767,0.3640776699029126,0.31553398058252413,0.10679611650485438,0.27184466019417464,0.4,0.2,0.2,0,1,0.5709666982409957
1.1341463414634145,1.1012658227848102,0.34146341463414637,0.4240506329113924,0.03288051867860431,-0.08258721827724602,-0.15683853041062057,0.4,0.0,0.4,0,0,0.4538245531633037
0.9166666666666666,1.0,0.3888888888888889,0.3333333333333333,-0.08333333333333337,0.05555555555555558,0.611111111111111,1.0,0.4,0.6,1,1,0.5398775877767098
1.10062893081761,1.0,0.49056603773584906,0.0,0.10062893081761004,0.49056603773584906,-0.1527403414195867,0.4,0.0,0.4,0,1,0.5228809566548575
1.9111111111111112,1.3820224719101124,0.6333333333333333,0.47191011235955055,0.5290886392009988,0.16142322097378276,0.17116104868913862,1.0,0.4,0.6,1,1,0.6548577232461267
1.0,0.6818181818181818,0.22727272727272727,0.18181818181818182,0.31818181818181823,0.04545454545454544,-0.2727272727272727,0.4,0.6,-0.19999999999999996,0,0,0.47648584075197636
1.9090909090909092,1.6818181818181819,0.4090909090909091,0.5,0.2272727272727273,-0.09090909090909088,0.0,0.2,0.6,-0.39999999999999997,0,0,0.48850082786462073
1.5675675675675675,0.972972972972973,0.5135135135135135,0.2972972972972973,0.5945945945945945,0.21621621621621617,0.08108108108108114,0.8,0.2,0.6000000000000001,1,1,0.6528626621319086
1.0666666666666667,0.6666666666666666,0.4666666666666667,0.2,0.4,0.26666666666666666,0.33333333333333326,0.6,0.4,0.19999999999999996,1,1,0.6068332380536469
0.8611111111111112,1.2712765957446808,0.2638888888888889,0.4787234042553192,-0.4101654846335696,-0.21483451536643028,-0.1956264775413712,0.0,0.6,-0.6,1,0,0.28566348715594014
1.5931372549019607,1.6862745098039216,0.6519607843137255,0.6568627450980392,-0.0931372549019609,-0.004901960784313708,0.019607843137254943,0.8,0.6,0.20000000000000007,1,0,0.45674776778736176
1.55,1.45,0.5375,0.4125,0.10000000000000009,0.125,0.375,0.4,0.6,-0.19999999999999996,0,1,0.5248865577792164
1.0333333333333334,1.3426573426573427,0.3333333333333333,0.42657342657342656,-0.3093240093240093,-0.09324009324009325,-0.1602952602952603,0.4,0.6,-0.19999999999999996,1,0,0.34599949871661223
0.9659090909090909,1.3446969696969697,0.32954545454545453,0.48863636363636365,-0.3787878787878788,-0.15909090909090912,-0.037878787878787845,0.4,0.4,0.0,1,0,0.347824195483303
2.2222222222222223,1.25,0.8055555555555556,0.4777777777777778,0.9722222222222223,0.3277777777777778,0.6666666666666666,0.8,0.8,0.0,1,1,0.7668421579902608
1.4714828897338403,1.726235741444867,0.4068441064638783,0.5551330798479087,-0.2547528517110267,-0.1482889733840304,-0.16349809885931554,0.6,0.8,-0.20000000000000007,1,0,0.36552425592365784
1.729032258064516,1.4967741935483871,0.6774193548387096,0.5741935483870968,0.23225806451612896,0.10322580645161283,0.06451612903225823,0.6,0.6,0.0,0,1,0.5323015388175465
1.5,0.75,0.42857142857142855,0.17857142857142858,0.75,0.24999999999999997,0.7857142857142856,0.2,0.2,0.0,1,1,0.717449232042656
1.9851485148514851,1.28,0.6782178217821783,0.46,0.7051485148514851,0.21821782178217825,0.42910891089108916,0.6,0.8,-0.20000000000000007,1,1,0.6754731067179276
0.7586206896551724,1.7118644067796611,0.22413793103448276,0.538135593220339,-0.9532437171244887,-0.31399766218585623,-0.7076271186440677,0.4,0.4,0.0,0,0,0.1815746131450254
1.2666666666666666,1.124031007751938,0.3333333333333333,0.4573643410852713,0.14263565891472862,-0.12403100775193798,-0.3038759689922479,0.8,0.4,0.4,1,0,0.4647536118243096
1.190217391304348,2.0,0.5108695652173914,0.6666666666666666,-0.8097826086956521,-0.15579710144927528,-0.2884889522451889,0.8,0.6,0.20000000000000007,0,0,0.26332782114913844
1.221476510067114,0.9198473282442748,0.436241610738255,0.3893129770992366,0.30162918182283927,0.04692863363901839,-0.17644346534146216,0.6,0.6,0.0,1,1,0.5011710199925737
1.3522727272727273,2.022727272727273,0.4772727272727273,0.7840909090909091,-0.6704545454545456,-0.30681818181818177,-0.43181818181818177,0.4,0.8,-0.4,0,0,0.23692756442712343
1.8108108108108107,1.162162162162162,0.3783783783783784,0.35135135135135137,0.6486486486486487,0.02702702702702703,0.3513513513513513,0.4,0.6,-0.19999999999999996,1,1,0.637484504362401
1.0258620689655173,1.1027397260273972,0.3706896551724138,0.4383561643835616,-0.07687765706187988,-0.06766650921114781,0.010037789324515822,0.0,0.6,-0.6,0,0,0.3857056123660059
0.8181818181818182,1.4242424242424243,0.2727272727272727,0.3333333333333333,-0.6060606060606061,-0.06060606060606061,0.3939393939393938,0.4,0.6,-0.19999999999999996,0,0,0.34366530609168766
1.1904761904761905,1.5,0.39285714285714285,0.5192307692307693,-0.30952380952380953,-0.12637362637362642,-0.22985347985347993,0.4,0.8,-0.4,0,0,0.3290552365208715
1.3588516746411483,0.9310344827586207,0.4784688995215311,0.2413793103448276,0.42781719188252765,0.2370895891767035,0.7053291536050159,0.4,0.2,0.2,1,1,0.6564258065073899
1.1944444444444444,1.1444444444444444,0.3888888888888889,0.4222222222222222,0.050000000000000044,-0.033333333333333326,-0.07777777777777795,0.6,0.6,0.0,0,0,0.4510296944290414
2.1884057971014492,2.101449275362319,0.7101449275362319,0.7101449275362319,0.08695652173913038,0.0,0.14492753623188404,1.0,1.0,0.0,1,1,0.5194070894747286
1.9319148936170212,1.7574468085106383,0.6851063829787234,0.5872340425531914,0.1744680851063829,0.09787234042553195,0.17021276595744683,0.6,0.4,0.19999999999999996,0,1,0.5501584571255919
1.1067961165048543,1.3398058252427185,0.42718446601941745,0.4563106796116505,-0.2330097087378642,-0.029126213592233052,-0.14563106796116498,0.6,0.6,0.0,0,0,0.3818847355247885
0.9166666666666666,1.0833333333333333,0.16666666666666666,0.25,-0.16666666666666663,-0.08333333333333334,0.08333333333333348,0.4,0.2,0.2,1,0,0.42360474419419164
1.186046511627907,0.856,0.4558139534883721,0.376,0.3300465116279071,0.07981395348837211,0.09413953488372107,0.6,0.4,0.19999999999999996,0,1,0.551429425486375
1.6923076923076923,1.4153846153846155,0.6615384615384615,0.5538461538461539,0.2769230769230768,0.10769230769230764,0.08461538461538465,0.8,0.6,0.20000000000000007,0,1,0.557148262301228
1.6153846153846154,1.6923076923076923,0.6538461538461539,0.6153846153846154,-0.07692307692307687,0.038461538461538436,-0.23076923076923073,1.0,0.8,0.19999999999999996,1,0,0.438943210849504
1.7666666666666666,1.0333333333333334,0.5833333333333334,0.2833333333333333,0.7333333333333332,0.30000000000000004,0.5666666666666667,0.8,0.2,0.6000000000000001,1,1,0.736422320946391
1.6,1.2,0.0,0.0,0.40000000000000013,0.0,-0.6000000000000001,0.0,0.0,0.0,1,0,0.485468154426391
1.393939393939394,1.2424242424242424,0.48484848484848486,0.5454545454545454,0.1515151515151516,-0.06060606060606055,-0.303030303030303,0.6,0.8,-0.20000000000000007,1,0,0.4373715429843509
1.5775862068965518,1.271551724137931,0.4482758620689655,0.43103448275862066,0.3060344827586208,0.017241379310344862,-0.12931034482758608,0.4,0.0,0.4,1,1,0.5381907956066336
1.8461538461538463,1.8717948717948718,0.41025641025641024,0.4358974358974359,-0.02564102564102555,-0.02564102564102566,0.1282051282051282,0.8,0.6,0.20000000000000007,0,0,0.4952178874075549
1.758974358974359,1.1574803149606299,0.5948717948717949,0.3700787401574803,0.6014940440137291,0.22479305471431454,0.5842923480718756,0.4,0.6,-0.19999999999999996,1,1,0.6651219150443572
1.218487394957983,1.6638655462184875,0.4957983193277311,0.5294117647058824,-0.4453781512605044,-0.03361344537815125,-0.07563025210084029,0.2,0.6,-0.39999999999999997,1,0,0.3247427594064477
1.2333333333333334,0.8666666666666667,0.5666666666666667,0.3,0.3666666666666667,0.26666666666666666,0.7,0.8,0.0,0.8,1,1,0.6764390242437441
1.3098591549295775,1.2314814814814814,0.4014084507042254,0.4074074074074074,0.0783776734480961,-0.005998956703182012,0.012910798122065748,0.4,0.8,-0.4,1,0,0.44843829438344524
0.6666666666666666,1.1666666666666667,0.25,0.5,-0.5000000000000001,-0.25,-0.6666666666666667,0.2,0.8,-0.6000000000000001,0,0,0.22434970009606728
1.3333333333333333,1.5476190476190477,0.4523809523809524,0.5238095238095238,-0.2142857142857144,-0.07142857142857145,0.19047619047619047,0.2,0.4,-0.2,1,0,0.41026354632421314
1.0383141762452108,1.073076923076923,0.42911877394636017,0.38461538461538464,-0.03476274683171221,0.04450338933097553,0.1281167108753316,0.4,0.4,0.0,0,0,0.4561966787479614
1.8054298642533937,1.420814479638009,0.579185520361991,0.4841628959276018,0.3846153846153846,0.09502262443438919,0.14479638009049767,0.4,0.2,0.2,1,1,0.5867103786578468
1.6479591836734695,0.6666666666666666,0.5663265306122449,0.0,0.9812925170068029,0.5663265306122449,0.6819727891156463,0.8,0.0,0.8,1,1,0.8071767183809451
1.5679012345679013,1.4814814814814814,0.5802469135802469,0.5679012345679012,0.08641975308641991,0.012345679012345734,-0.09876543209876543,0.2,0.2,0.0,1,0,0.46598778235349286
0.8695652173913043,1.2608695652173914,0.391304347826087,0.2608695652173913,-0.39130434782608703,0.13043478260869568,0.17391304347826098,0.8,0.4,0.4,0,0,0.41763474916120613
1.7664670658682635,0.75,0.6826347305389222,0.1875,1.0164670658682635,0.4951347305389222,0.9648203592814372,0.8,0.2,0.6000000000000001,1,1,0.820709611509741
1.0491803278688525,1.2206896551724138,0.3879781420765027,0.4,-0.17150932730356128,-0.012021857923497303,-0.20798944789900142,0.4,0.4,0.0,0,0,0.3861746767936345
1.3115942028985508,0.9375,0.4492753623188406,0.1875,0.3740942028985508,0.2617753623188406,0.5217391304347827,0.6,0.2,0.39999999999999997,0,1,0.6408349278951991
1.1875,1.1448275862068966,0.3541666666666667,0.503448275862069,0.04267241379310338,-0.1492816091954023,-0.5009578544061302,0.6,0.4,0.19999999999999996,0,0,0.4026699175068041
2.0885416666666665,1.25,0.7447916666666666,0.425,0.8385416666666665,0.31979166666666664,0.1479166666666667,0.8,0.8,0.0,1,1,0.6949421851858185
1.403973509933775,1.6622516556291391,0.5099337748344371,0.543046357615894,-0.2582781456953642,-0.0331125827814569,0.06622516556291402,0.4,0.8,-0.4,0,0,0.3832892154998665
1.278688524590164,1.313868613138686,0.3442622950819672,0.43795620437956206,-0.03518008854852206,-0.09369390929759486,-0.04295799928203903,0.4,0.4,0.0,0,0,0.4329181125154499
0.5714285714285714,1.1428571428571428,0.14285714285714285,0.14285714285714285,-0.5714285714285714,0.0,-0.4285714285714287,0.0,0.0,0.0,0,0,0.27677894314394247
1.0125,1.119496855345912,0.4,0.4025157232704403,-0.10699685534591197,-0.002515723270440251,0.052397798742138235,0.4,0.4,0.0,0,0,0.4275215315224741
0.9830508474576272,1.1016949152542372,0.3728813559322034,0.4406779661016949,-0.11864406779661008,-0.06779661016949151,-0.2881355932203391,0.4,0.6,-0.19999999999999996,1,0,0.3697831553175135
1.0657894736842106,1.118421052631579,0.3815789473684211,0.4605263157894737,-0.05263157894736836,-0.0789473684210526,-0.07894736842105265,0.6,0.6,0.0,0,0,0.42062023617884625
1.2768361581920904,1.2731481481481481,0.480225988700565,0.4722222222222222,0.003688010043942258,0.008003766478342778,0.12233207784055256,0.8,0.4,0.4,0,0,0.4946311327004326
1.108695652173913,1.7391304347826086,0.34782608695652173,0.6086956521739131,-0.6304347826086956,-0.26086956521739135,-0.30434782608695654,0.4,0.4,0.0,0,0,0.2714546291990888
0.967391304347826,0.8823529411764706,0.391304347826087,0.35294117647058826,0.08503836317135549,0.038363171355498715,0.1464194373401535,0.6,0.2,0.39999999999999997,0,1,0.5068600790755616
0.7058823529411765,0.9783549783549783,0.29411764705882354,0.36363636363636365,-0.2724726254138018,-0.06951871657754011,0.11790170613700024,0.0,0.2,-0.2,1,0,0.37126439409795686
1.0,1.288888888888889,0.21428571428571427,0.4111111111111111,-0.288888888888889,-0.19682539682539682,0.0,0.4,0.4,0.0,1,0,0.3691431889526385
1.3942307692307692,1.2,0.4326923076923077,0.4142857142857143,0.1942307692307692,0.018406593406593397,-0.331043956043956,0.6,0.4,0.19999999999999996,0,0,0.47573145944736284
0.9810126582278481,1.2468354430379747,0.4177215189873418,0.4936708860759494,-0.26582278481012656,-0.07594936708860761,0.10126582278481,0.4,0.6,-0.19999999999999996,0,0,0.3804433347285782
1.3093525179856116,1.6906474820143884,0.48201438848920863,0.5467625899280576,-0.38129496402877683,-0.06474820143884896,-0.05755395683453246,1.0,0.4,0.6,0,0,0.4011140542942806
1.234375,1.4148148148148147,0.421875,0.45185185185185184,-0.18043981481481475,-0.029976851851851838,0.2651620370370371,0.4,0.4,0.0,0,0,0.4404770384526752
1.0615384615384615,1.2569832402234637,0.4,0.44692737430167595,-0.1954447786850022,-0.04692737430167593,-0.22836269875376014,0.6,0.4,0.19999999999999996,1,0,0.3889868253789651
2.365079365079365,1.783068783068783,0.6984126984126984,0.6031746031746031,0.5820105820105821,0.09523809523809523,0.05291005291005302,0.4,0.2,0.2,1,1,0.6327888607160889
1.179245283018868,1.127946127946128,0.42452830188679247,0.4074074074074074,0.051299155072739966,0.017120894479385085,0.11825805222031627,0.4,0.0,0.4,0,0,0.4990386902546834
1.7872340425531914,1.4444444444444444,0.46808510638297873,0.1111111111111111,0.342789598108747,0.35697399527186763,0.6595744680851063,0.6,0.0,0.6,1,1,0.6827538939979299
0.8181818181818182,0.9043478260869565,0.34545454545454546,0.3391304347826087,-0.08616600790513829,0.006324110671936778,0.031620553359683834,0.4,0.4,0.0,1,0,0.42490035997546827
1.1594202898550725,1.9492753623188406,0.39855072463768115,0.6376811594202898,-0.7898550724637681,-0.23913043478260865,-0.2536231884057969,0.8,0.4,0.4,0,0,0.27336613815051636
1.7272727272727273,0.7272727272727273,0.36363636363636365,0.09090909090909091,1.0,0.2727272727272727,1.2727272727272725,0.6,0.2,0.39999999999999997,0,1,0.8210193227891665
1.5298507462686568,2.1940298507462686,0.5074626865671642,0.7313432835820896,-0.6641791044776117,-0.22388059701492535,-0.29850746268656714,0.4,1.0,-0.6,0,0,0.250803044078866
1.4786324786324787,0.8888888888888888,0.6495726495726496,0.3504273504273504,0.5897435897435899,0.2991452991452992,0.5897435897435898,0.4,0.2,0.2,1,1,0.681292033826501
1.7142857142857142,1.0769230769230769,0.6964285714285714,0.34615384615384615,0.6373626373626373,0.35027472527472525,0.8214285714285714,0.8,0.4,0.4,0,1,0.7347425755077577
2.088495575221239,1.2212389380530972,0.7256637168141593,0.4690265486725664,0.8672566371681418,0.25663716814159293,0.5929203539823009,0.8,0.4,0.4,1,1,0.7541920976147762
1.44375,1.5875,0.58125,0.5375,-0.14374999999999982,0.04375000000000007,-0.13749999999999996,0.8,0.6,0.20000000000000007,0,0,0.42968832218505837
1.266304347826087,1.092896174863388,0.5,0.4262295081967213,0.17340817296269884,0.07377049180327871,0.18686148728914231,0.6,0.6,0.0,1,1,0.5183964597804833
1.0377358490566038,1.5849056603773586,0.33962264150943394,0.5849056603773585,-0.5471698113207548,-0.24528301886792453,-0.09433962264150941,0.4,0.6,-0.19999999999999996,1,0,0.2951149347480593
1.0769230769230769,1.1203703703703705,0.46153846153846156,0.4537037037037037,-0.04344729344729359,0.007834757834757844,0.19159544159544173,0.6,1.0,-0.4,0,0,0.4371040765075106
1.1393728222996515,1.1774193548387097,0.4146341463414634,0.5080645161290323,-0.03804653253905821,-0.09343036978756886,-0.2673232550297855,0.2,0.6,-0.39999999999999997,0,0,0.3769597062836555
2.9310344827586206,0.9310344827586207,0.7241379310344828,0.3793103448275862,2.0,0.3448275862068966,0.5862068965517241,0.8,0.4,0.4,1,1,0.9032396126531619
0.6153846153846154,2.230769230769231,0.15384615384615385,0.5384615384615384,-1.6153846153846154,-0.3846153846153846,-1.0769230769230769,0.2,0.8,-0.6000000000000001,0,0,0.08099026658129649
1.6290322580645162,1.3202614379084967,0.510752688172043,0.49673202614379086,0.30877082015601953,0.01402066202825214,-0.12555344718532568,0.4,0.6,-0.19999999999999996,0,1,0.5040239318475752
1.3620689655172413,1.325,0.46551724137931033,0.35,0.03706896551724137,0.11551724137931035,-0.04137931034482767,0.4,0.6,-0.19999999999999996,0,0,0.45809105394019506
1.0,1.0042918454935623,0.125,0.38626609442060084,-0.0042918454935623185,-0.26126609442060084,-0.9458154506437768,0.0,0.0,0.0,0,0,0.31846036366669384
1.0465116279069768,0.9012345679012346,0.3953488372093023,0.32098765432098764,0.14527706000574225,0.07436118288831467,0.41228825724949747,0.6,0.2,0.39999999999999997,0,1,0.5561339796192382
1.0588235294117647,1.7102272727272727,0.40441176470588236,0.5965909090909091,-0.651403743315508,-0.1921791443850267,0.13201871657753994,0.2,0.4,-0.2,0,0,0.30059902819405765
2.651851851851852,1.152542372881356,0.762962962962963,0.4406779661016949,1.499309478970496,0.32228499686126805,0.27545511613308227,1.0,0.0,1.0,1,1,0.8537870861110194
0.8888888888888888,1.1111111111111112,0.48148148148148145,0.2962962962962963,-0.22222222222222232,0.18518518518518517,0.7407407407407407,0.6,0.4,0.19999999999999996,0,1,0.5080910756095242
0.8913043478260869,1.7391304347826086,0.41304347826086957,0.6739130434782609,-0.8478260869565217,-0.2608695652173913,-0.04347826086956519,0.8,0.8,0.0,1,0,0.2548632833924362
1.6432432432432433,1.054054054054054,0.572972972972973,0.41081081081081083,0.5891891891891894,0.16216216216216217,0.03243243243243232,0.8,0.4,0.4,1,1,0.6320528172590121
1.3705882352941177,2.7823529411764705,0.47058823529411764,0.8705882352941177,-1.4117647058823528,-0.4,-0.6647058823529413,0.6,1.0,-0.4,0,0,0.12647464177706227
1.1541218637992832,1.4444444444444444,0.5017921146953405,0.5376344086021505,-0.29032258064516125,-0.03584229390681004,0.23655913978494625,0.0,0.2,-0.2,1,0,0.39438181599152644
0.9090909090909091,1.112,0.2727272727272727,0.4,-0.20290909090909104,-0.12727272727272732,0.45890909090909104,0.4,0.6,-0.19999999999999996,1,0,0.4280873624487683
1.2307692307692308,1.511111111111111,0.4807692307692308,0.5166666666666667,-0.28034188034188023,-0.035897435897435936,-0.06388888888888888,0.6,0.6,0.0,1,0,0.3835762908102237
1.0,1.5048543689320388,0.4186046511627907,0.6893203883495146,-0.5048543689320388,-0.27071573718672387,-0.18830435764280884,0.6,0.6,0.0,0,0,0.30048252083315286
1.1111111111111112,1.5272727272727273,0.3888888888888889,0.5363636363636364,-0.4161616161616162,-0.14747474747474748,0.048484848484848575,0.6,0.6,0.0,1,0,0.35594555635661745
0.8888888888888888,1.0472972972972974,0.3888888888888889,0.49324324324324326,-0.15840840840840853,-0.10435435435435436,-0.23273273273273276,0.2,0.2,0.0,0,0,0.3701008756438149
0.7272727272727273,1.9090909090909092,0.18181818181818182,0.36363636363636365,-1.1818181818181819,-0.18181818181818182,-0.7272727272727273,0.4,0.6,-0.19999999999999996,0,0,0.15412887986716012
1.6730769230769231,1.3846153846153846,0.6538461538461539,0.5192307692307693,0.28846153846153855,0.13461538461538458,0.17307692307692302,0.6,0.6,0.0,1,1,0.5581669383142794
2.34375,1.234375,0.703125,0.34375,1.109375,0.359375,0.78125,1.0,0.2,0.8,1,1,0.8312640513640116
1.1266666666666667,1.32,0.4,0.49333333333333335,-0.19333333333333336,-0.09333333333333332,-0.15999999999999992,0.2,0.6,-0.39999999999999997,0,0,0.35760367283762556
1.4047619047619047,1.0476190476190477,0.5,0.2857142857142857,0.357142857142857,0.2142857142857143,0.4285714285714286,0.6,0.0,0.6,1,1,0.6361047124370085
0.9649122807017544,1.0150375939849625,0.40350877192982454,0.40601503759398494,-0.05012531328320813,-0.002506265664160401,0.1829573934837092,0.6,0.6,0.0,1,0,0.45434634383236855
0.5,1.3645833333333333,0.15,0.5104166666666666,-0.8645833333333333,-0.3604166666666666,-0.8958333333333333,0.0,0.6,-0.6,0,0,0.15153576699245455
0.8951048951048951,1.2237762237762237,0.35664335664335667,0.46853146853146854,-0.32867132867132864,-0.11188811188811187,-0.3776223776223775,0.4,0.4,0.0,0,0,0.3242919527018027
2.1267605633802815,1.119718309859155,0.7676056338028169,0.5211267605633803,1.0070422535211265,0.24647887323943662,0.3802816901408451,0.6,0.2,0.39999999999999997,0,1,0.7562809283157399
1.0901639344262295,1.076086956521739,0.5,0.42391304347826086,0.014076977904490473,0.07608695652173914,0.18941553813257306,0.6,0.6,0.0,0,0,0.4789725558321819
1.0,1.4615384615384615,0.38461538461538464,0.3076923076923077,-0.46153846153846145,0.07692307692307693,0.23076923076923084,0.4,0.2,0.2,0,0,0.39359992934264126
1.9714285714285715,1.4142857142857144,0.7047619047619048,0.49047619047619045,0.5571428571428572,0.21428571428571436,0.42380952380952386,0.6,0.6,0.0,1,1,0.6561937427778131
0.9344262295081968,0.9241706161137441,0.32786885245901637,0.36492890995260663,0.01025561339445269,-0.03706005749359026,0.1217465620386915,0.4,0.4,0.0,1,0,0.4551983554430156
1.8505747126436782,1.471264367816092,0.5862068965517241,0.4942528735632184,0.3793103448275863,0.09195402298850569,-0.16091954022988508,0.8,0.2,0.6000000000000001,1,1,0.5795260032929943
0.84375,0.8934426229508197,0.21875,0.32786885245901637,-0.049692622950819665,-0.10911885245901637,-0.5133196721311475,0.0,0.2,-0.2,1,0,0.350571982518356
0.875,1.375,0.375,0.5,-0.5,-0.125,-0.17499999999999993,0.6,1.0,-0.4,0,0,0.29250131217764036
1.2692307692307692,1.2777777777777777,0.4423076923076923,0.3888888888888889,-0.008547008547008517,0.053418803418803396,-0.1760683760683759,0.6,0.6,0.0,1,0,0.43790775915640207
2.220779220779221,1.2987012987012987,0.7402597402597403,0.45454545454545453,0.9220779220779223,0.28571428571428575,0.5974025974025975,1.0,0.6,0.4,1,1,0.7697192049668592
1.0813953488372092,1.1511627906976745,0.45348837209302323,0.38372093023255816,-0.06976744186046524,0.06976744186046507,0.08139534883720945,0.8,0.4,0.4,1,0,0.47444992536957786
1.4550264550264551,1.835978835978836,0.4973544973544973,0.582010582010582,-0.38095238095238093,-0.08465608465608465,-0.1587301587301586,0.4,0.4,0.0,0,0,0.35410653981549123
1.2420382165605095,1.6216216216216217,0.4585987261146497,0.43243243243243246,-0.3795834050611122,0.026166293682217234,-0.021174040282320394,0.2,0.2,0.0,0,0,0.371448365737942
1.595959595959596,1.2134146341463414,0.4898989898989899,0.4268292682926829,0.3825449618132546,0.06306972160630697,0.06516383345651655,0.4,0.8,-0.4,1,1,0.5339204633728784
0.9953488372093023,1.2178217821782178,0.3953488372093023,0.38613861386138615,-0.22247294496891545,0.009210223347916158,0.012249597052728545,0.4,0.4,0.0,0,0,0.3999808506731274
1.1858407079646018,1.3628318584070795,0.4690265486725664,0.3893805309734513,-0.1769911504424777,0.07964601769911506,0.09734513274336298,0.4,0.4,0.0,0,0,0.4307389142551607
0.9747474747474747,1.2474747474747474,0.36363636363636365,0.4696969696969697,-0.2727272727272727,-0.10606060606060608,-0.02020202020202011,0.2,0.6,-0.39999999999999997,0,0,0.3514451428246513
1.2686567164179106,1.2758620689655173,0.4552238805970149,0.3275862068965517,-0.0072053525476067914,0.1276376737004632,0.11940298507462677,0.4,0.4,0.0,1,0,0.4769642368247929
1.0869565217391304,0.9545454545454546,0.5652173913043478,0.2727272727272727,0.1324110671936758,0.2924901185770751,0.43873517786561256,0.4,0.6,-0.19999999999999996,0,1,0.539362163239694
1.1780104712041886,1.725868725868726,0.43455497382198954,0.5521235521235521,-0.5478582546645374,-0.11756857830156259,-0.03903454688795005,0.4,0.2,0.2,0,0,0.3345339615278124
1.0895522388059702,1.1890547263681592,0.42786069651741293,0.472636815920398,-0.09950248756218905,-0.04477611940298509,-0.20895522388059717,0.2,0.2,0.0,0,0,0.3960944595125809
1.1472868217054264,1.0754716981132075,0.34108527131782945,0.24528301886792453,0.07181512359221887,0.09580225244990492,-0.15854907123007167,0.2,0.4,-0.2,1,0,0.4433788559471053
1.0,1.0363636363636364,0.11764705882352941,0.38181818181818183,-0.036363636363636376,-0.2641711229946524,-0.5497326203208555,0.0,0.4,-0.4,1,0,0.33134368364992856
1.4285714285714286,0.9518072289156626,0.0,0.3373493975903614,0.476764199655766,-0.3373493975903614,-0.7573149741824441,0.0,0.8,-0.8,0,0,0.39753571398617515
1.10062893081761,1.3043478260869565,0.4968553459119497,0.463768115942029,-0.2037188952693465,0.033087229969920695,0.2748154224774406,0.4,0.4,0.0,1,0,0.4368848296824524
1.119047619047619,1.5238095238095237,0.3333333333333333,0.4523809523809524,-0.40476190476190466,-0.11904761904761907,-0.09523809523809534,0.2,0.6,-0.39999999999999997,1,0,0.322647076340511
1.2952380952380953,0.896551724137931,0.41904761904761906,0.3103448275862069,0.39868637110016425,0.10870279146141215,-0.18160919540229892,0.4,0.6,-0.19999999999999996,0,1,0.5166776461275143
1.1725888324873097,1.7393162393162394,0.467005076142132,0.6324786324786325,-0.5667274068289296,-0.16547355633650046,-0.07113106859299756,1.0,0.8,0.19999999999999996,0,0,0.32784660829961454
1.127659574468085,1.872340425531915,0.3191489361702128,0.6595744680851063,-0.7446808510638299,-0.34042553191489355,-0.9361702127659576,0.4,0.4,0.0,0,0,0.19776174318705264
0.85,0.9649122807017544,0.3,0.3508771929824561,-0.11491228070175441,-0.05087719298245613,-0.23859649122807025,0.4,0.2,0.2,0,0,0.3968874858491997
1.3587786259541985,1.7404580152671756,0.44274809160305345,0.5343511450381679,-0.38167938931297707,-0.09160305343511449,-0.1832061068702291,0.4,0.8,-0.4,1,0,0.32764013339704706
1.4266666666666667,1.2066666666666668,0.5733333333333334,0.44666666666666666,0.21999999999999997,0.1266666666666667,0.18666666666666654,1.0,0.4,0.6,1,1,0.5764618248627803
1.213953488372093,1.452755905511811,0.4418604651162791,0.5196850393700787,-0.23880241713971806,-0.07782457425379963,-0.08791430140999812,0.4,0.6,-0.19999999999999996,1,0,0.3725272348992308
1.4096916299559472,1.0731707317073171,0.5462555066079295,0.3170731707317073,0.3365208982486301,0.22918233587622222,0.819060921886752,0.4,0.2,0.2,0,1,0.6502089630117865
2.0,1.1142857142857143,0.6824324324324325,0.2571428571428571,0.8857142857142857,0.42528957528957534,0.7704633204633204,0.8,0.6,0.20000000000000007,1,1,0.7740033767945269
0.8181818181818182,2.1144278606965172,0.2727272727272727,0.7910447761194029,-1.2962460425146989,-0.5183175033921302,-0.478064224332881,0.4,0.8,-0.4,0,0,0.13401264362659526
1.096774193548387,1.2242990654205608,0.27419354838709675,0.42990654205607476,-0.12752487187217376,-0.155712993668978,0.050045221585770294,0.6,0.0,0.6,0,0,0.449841075319009
1.35,0.65,0.4,0.2,0.7000000000000001,0.2,0.7,0.6,0.4,0.19999999999999996,1,1,0.7056104275624363
0.9259259259259259,1.2325581395348837,0.37037037037037035,0.5581395348837209,-0.30663221360895776,-0.18776916451335057,-0.34424346827447616,0.8,0.6,0.20000000000000007,1,0,0.33958169380922787
0.9696969696969697,1.1515151515151516,0.2878787878787879,0.3939393939393939,-0.18181818181818188,-0.10606060606060602,0.07575757575757569,0.6,0.6,0.0,1,0,0.40713483589065147
1.5910780669144982,1.205128205128205,0.550185873605948,0.37606837606837606,0.3859498617862931,0.17411749753757189,0.011406602484669293,0.8,0.8,0.0,0,1,0.5656299200777578
1.2058823529411764,1.161764705882353,0.4117647058823529,0.39705882352941174,0.04411764705882337,0.01470588235294118,0.08823529411764697,0.4,0.2,0.2,0,0,0.48324952243414343
1.6033519553072626,2.0335195530726256,0.5586592178770949,0.6927374301675978,-0.43016759776536295,-0.13407821229050287,-0.2681564245810055,0.8,0.8,0.0,0,0,0.3358673067023675
1.0691056910569106,1.2061855670103092,0.4105691056910569,0.422680412371134,-0.13707987595339866,-0.012111306680077094,0.22961193529461066,0.2,0.2,0.0,0,0,0.43995247390457004
0.9885057471264368,1.0689655172413792,0.41379310344827586,0.4942528735632184,-0.08045977011494243,-0.08045977011494254,-0.4482758620689654,0.2,0.6,-0.39999999999999997,0,0,0.3459609845810427
1.2238805970149254,1.1428571428571428,0.5,0.35714285714285715,0.08102345415778256,0.14285714285714285,0.014925373134328401,0.6,0.8,-0.20000000000000007,1,0,0.47298396214249283
1.4642857142857142,0.8214285714285714,0.6607142857142857,0.32142857142857145,0.6428571428571428,0.33928571428571425,0.8928571428571428,0.6,0.6,0.0,1,1,0.7145191965088319
1.1826923076923077,1.3478260869565217,0.3942307692307692,0.463768115942029,-0.16513377926421402,-0.06953734671125977,-0.1276477146042363,0.4,0.2,0.2,1,0,0.40623649623521974
1.0344827586206897,0.75,0.1724137931034483,0.2857142857142857,0.2844827586206897,-0.11330049261083741,-0.46059113300492616,0.0,0.2,-0.2,0,0,0.4304915763834068
1.2814070351758795,2.0,0.4723618090452261,0.45454545454545453,-0.7185929648241205,0.01781635449977159,0.13841936957514833,0.8,0.8,0.0,1,0,0.3281900063821843
1.6494845360824741,1.0476190476190477,0.5876288659793815,0.2857142857142857,0.6018654884634265,0.30191458026509577,0.2582228767795778,0.8,0.2,0.6000000000000001,0,1,0.6811350389510171
0.75,1.0833333333333333,0.16666666666666666,0.25,-0.33333333333333326,-0.08333333333333334,-0.9166666666666667,0.4,0.2,0.2,1,0,0.2830150761847494
0.9642857142857143,1.4859154929577465,0.2857142857142857,0.5140845070422535,-0.5216297786720322,-0.2283702213279678,-0.2681086519114688,0.2,0.4,-0.2,0,0,0.2819122780589697
0.9415204678362573,1.0058479532163742,0.391812865497076,0.38596491228070173,-0.0643274853801169,0.005847953216374269,0.10526315789473695,0.2,0.6,-0.39999999999999997,0,0,0.4158930603460305
1.2553191489361701,1.115,0.3404255319148936,0.48,0.14031914893617015,-0.13957446808510637,-0.3895744680851063,0.4,0.0,0.4,0,0,0.4485238153928801
1.575,1.2625,0.525,0.4375,0.3125,0.08750000000000002,0.26249999999999996,0.6,0.4,0.19999999999999996,1,1,0.5793491201668511
1.7244897959183674,1.163265306122449,0.6632653061224489,0.4489795918367347,0.5612244897959184,0.21428571428571425,0.2755102040816325,0.8,0.6,0.20000000000000007,0,1,0.647067080778623
1.9529411764705882,1.0686274509803921,0.7235294117647059,0.35294117647058826,0.884313725490196,0.3705882352941176,0.7529411764705883,1.0,0.4,0.6,0,1,0.7844251093376575
1.33203125,1.69140625,0.58203125,0.6640625,-0.359375,-0.08203125,-0.12109375,0.8,0.8,0.0,1,0,0.360524413173909
1.1176470588235294,0.8823529411764706,0.17647058823529413,0.11764705882352941,0.23529411764705888,0.05882352941176472,0.11764705882352944,0.2,0.2,0.0,1,1,0.519831401780643
1.4723926380368098,1.2222222222222223,0.49079754601226994,0.3888888888888889,0.25017041581458743,0.10190865712338104,-0.20456714383094754,0.0,0.6,-0.6,0,0,0.459072015593102
1.0517241379310345,1.0729166666666667,0.47413793103448276,0.484375,-0.021192528735632266,-0.010237068965517238,-0.17097701149425293,0.6,0.4,0.19999999999999996,0,0,0.4328911939292454
1.2909698996655519,1.7366666666666666,0.4782608695652174,0.64,-0.4456967670011147,-0.1617391304347826,-0.17119286510590848,0.6,0.8,-0.20000000000000007,0,0,0.31997204034123117
0.8902439024390244,0.8863636363636364,0.32926829268292684,0.3409090909090909,0.0038802660753880502,-0.01164079822616404,-0.1707317073170731,0.4,0.2,0.2,1,0,0.4335484875295179
1.5182481751824817,1.058252427184466,0.48905109489051096,0.24271844660194175,0.4599957479980157,0.2463326482885692,0.7440294805470908,0.0,0.2,-0.2,0,1,0.6473573144880891
0.9805825242718447,1.4685990338164252,0.33980582524271846,0.5652173913043478,-0.48801650954458053,-0.22541156606162932,-0.12286009099010364,0.2,1.0,-0.8,1,0,0.2723386584746917
0.8529411764705882,1.088235294117647,0.2647058823529412,0.38235294117647056,-0.23529411764705876,-0.11764705882352938,0.0,0.2,0.2,0.0,0,0,0.37973401779807126
1.3035714285714286,1.5058823529411764,0.5297619047619048,0.5411764705882353,-0.20231092436974785,-0.011414565826330492,-0.04278711484593822,0.4,0.6,-0.19999999999999996,0,0,0.3923294814436256
2.2325581395348837,1.430232558139535,0.7674418604651163,0.6395348837209303,0.8023255813953487,0.12790697674418605,0.19767441860465118,1.0,0.8,0.19999999999999996,1,1,0.6921059335725889
2.3846153846153846,1.0769230769230769,0.6153846153846154,0.15384615384615385,1.3076923076923077,0.46153846153846156,0.6923076923076924,1.0,0.2,0.8,1,1,0.8553715735917107
1.8372093023255813,1.9069767441860466,0.6744186046511628,0.6976744186046512,-0.06976744186046524,-0.023255813953488413,-0.18604651162790697,1.0,0.4,0.6,1,0,0.4698902485461709
1.2142857142857142,0.9408866995073891,0.42857142857142855,0.3891625615763547,0.27339901477832507,0.039408866995073843,-0.9359605911330049,0.8,0.6,0.20000000000000007,0,0,0.42199919884791587
1.550877192982456,0.968421052631579,0.6140350877192983,0.4105263157894737,0.5824561403508771,0.20350877192982458,0.28771929824561404,0.4,0.0,0.4,0,1,0.6540090538612777
2.1650485436893203,0.9142857142857143,0.7087378640776699,0.14285714285714285,1.2507628294036062,0.565880721220527,1.3816920943134536,0.6,0.2,0.39999999999999997,1,1,0.8741220490678371
1.0113636363636365,1.2613636363636365,0.45454545454545453,0.5454545454545454,-0.25,-0.09090909090909088,0.11363636363636376,0.4,0.6,-0.19999999999999996,0,0,0.383765552023431
1.7152317880794703,1.086092715231788,0.6754966887417219,0.41721854304635764,0.6291390728476822,0.2582781456953642,0.2582781456953642,0.8,0.4,0.4,1,1,0.6723507554523018
0.8854166666666666,1.4578313253012047,0.25,0.5180722891566265,-0.5724146586345381,-0.2680722891566265,-0.3126255020080322,0.4,0.2,0.2,1,0,0.2848672867193955
1.6477272727272727,1.2008733624454149,0.5909090909090909,0.4585152838427948,0.44685391028185784,0.13239380706629617,0.18825261347095412,0.6,0.4,0.19999999999999996,0,1,0.6042514074248839
1.0714285714285714,1.5579710144927537,0.34285714285714286,0.427536231884058,-0.48654244306418226,-0.08467908902691512,-0.13188405797101432,0.8,0.2,0.6000000000000001,1,0,0.36317444444310815
1.0902255639097744,1.0797546012269938,0.43609022556390975,0.3987730061349693,0.010470962682780582,0.03731721942894045,-0.013007980072881509,0.2,0.2,0.0,0,0,0.4487121393835322
1.547486033519553,1.3016759776536313,0.4245810055865922,0.39106145251396646,0.24581005586592175,0.03351955307262572,-0.07821229050279332,0.4,0.4,0.0,0,1,0.5088399879448029
1.7609756097560976,1.751219512195122,0.624390243902439,0.6829268292682927,0.009756097560975618,-0.05853658536585371,-0.21463414634146338,0.4,0.6,-0.19999999999999996,1,0,0.42570987506291125
1.1793721973094171,1.7790697674418605,0.4618834080717489,0.7131782945736435,-0.5996975701324434,-0.2512948865018946,-0.432839712170195,0.2,0.6,-0.39999999999999997,0,0,0.24638417181141314
1.3867924528301887,1.6411290322580645,0.49056603773584906,0.6008064516129032,-0.2543365794278758,-0.11024041387705419,-0.3829884357881923,0.4,0.8,-0.4,1,0,0.32964314315053994
1.4423076923076923,1.1741071428571428,0.5192307692307693,0.45982142857142855,0.2682005494505495,0.059409340659340726,0.022802197802197943,0.6,0.2,0.39999999999999997,0,1,0.5475136740186866
1.75,1.7083333333333333,0.625,0.5416666666666666,0.04166666666666674,0.08333333333333337,0.20833333333333337,0.6,0.4,0.19999999999999996,0,1,0.519913121266632
1.5480769230769231,0.8888888888888888,0.4326923076923077,0.1388888888888889,0.6591880341880343,0.2938034188034188,0.6517094017094016,0.4,0.0,0.4,0,1,0.715064155431869
1.7916666666666667,1.4166666666666667,0.5892857142857143,0.43452380952380953,0.375,0.15476190476190477,0.4464285714285714,0.8,0.2,0.6000000000000001,1,1,0.648354554794921
1.0855263157894737,0.881578947368421,0.4144736842105263,0.40789473684210525,0.20394736842105265,0.006578947368421073,-0.2236842105263157,0.2,0.6,-0.39999999999999997,1,0,0.43938937611152745
1.1650485436893203,1.0549019607843138,0.42718446601941745,0.4392156862745098,0.11014658290500656,-0.012031220255092345,-0.26377308204835326,0.8,0.4,0.4,1,0,0.46834620871992455
1.3125,1.15625,0.34375,0.40625,0.15625,-0.0625,-0.3125,0.0,0.6,-0.6,0,0,0.4084623493287725
0.9882352941176471,0.9411764705882353,0.38823529411764707,0.35294117647058826,0.04705882352941182,0.03529411764705881,0.12941176470588234,0.6,0.4,0.19999999999999996,0,0,0.4855432915487227
1.3085106382978724,1.1607142857142858,0.46808510638297873,0.5357142857142857,0.1477963525835866,-0.06762917933130697,-0.1485562310030395,0.4,0.4,0.0,0,0,0.4604536032787773
1.027027027027027,1.4324324324324325,0.40540540540540543,0.6756756756756757,-0.4054054054054055,-0.27027027027027023,-0.4864864864864865,0.4,0.4,0.0,0,0,0.2891402088791941
1.4406779661016949,1.1185770750988142,0.480225988700565,0.4268774703557312,0.32210089100288064,0.053348518344833784,-0.09399075500770415,0.4,0.4,0.0,1,1,0.5203361998044647
1.2462686567164178,1.1119402985074627,0.4552238805970149,0.44776119402985076,0.13432835820895517,0.007462686567164145,0.1343283582089554,0.2,0.2,0.0,0,0,0.4936343314557077
1.98,1.346938775510204,0.6,0.3877551020408163,0.633061224489796,0.21224489795918366,0.16775510204081634,0.8,0.4,0.4,1,1,0.6693818311955185
1.560693641618497,2.445086705202312,0.4277456647398844,0.7283236994219653,-0.8843930635838149,-0.3005780346820809,-0.6416184971098267,0.2,0.8,-0.6000000000000001,0,0,0.18751761707721892
0.7142857142857143,1.3181818181818181,0.21428571428571427,0.4696969696969697,-0.6038961038961038,-0.2554112554112554,-0.527056277056277,0.2,0.6,-0.39999999999999997,1,0,0.22965370019907028
1.0851063829787233,1.1134751773049645,0.475177304964539,0.46808510638297873,-0.028368794326241176,0.007092198581560294,0.028368794326241176,0.6,0.4,0.19999999999999996,0,0,0.4567518704327668
1.6470588235294117,1.1764705882352942,0.35294117647058826,0.23529411764705882,0.47058823529411753,0.11764705882352944,0.8235294117647058,0.4,0.2,0.2,0,1,0.6769380855113173
0.7272727272727273,1.271186440677966,0.13636363636363635,0.461864406779661,-0.5439137134052388,-0.32550077041602465,-0.30046224961479195,0.2,0.2,0.0,0,0,0.2725467440459552
1.0294117647058822,1.0,0.38235294117647056,0.28169014084507044,0.02941176470588225,0.10066280033140013,0.6226180613090306,0.0,0.2,-0.2,0,1,0.516863827067742
1.6195652173913044,1.1195652173913044,0.5760869565217391,0.358695652173913,0.5,0.2173913043478261,0.17391304347826075,0.6,0.2,0.39999999999999997,1,1,0.6320707121929077
1.4945054945054945,0.9354838709677419,0.6043956043956044,0.41935483870967744,0.5590216235377526,0.18504076568592692,0.35253456221198165,1.0,0.6,0.4,1,1,0.658230142460011
1.2083333333333333,0.9838709677419355,0.4791666666666667,0.3387096774193548,0.22446236559139776,0.14045698924731187,0.23118279569892475,0.4,0.0,0.4,1,1,0.5608701120682117
1.10989010989011,1.1318681318681318,0.38461538461538464,0.38461538461538464,-0.0219780219780219,0.0,0.09890109890109877,0.6,0.4,0.19999999999999996,1,0,0.4681601742349015
1.5454545454545454,1.1818181818181819,0.2727272727272727,0.2727272727272727,0.36363636363636354,0.0,0.2727272727272727,0.6,0.6,0.0,1,1,0.5750415725012721
1.96,1.6228571428571428,0.64,0.5485714285714286,0.3371428571428572,0.09142857142857141,-0.13142857142857134,0.6,0.6,0.0,0,1,0.5398072882592656
1.3414634146341464,1.5714285714285714,0.3170731707317073,0.2857142857142857,-0.22996515679442497,0.03135888501742162,-0.16376306620209058,0.2,0.0,0.2,1,0,0.40398760733137873
0.9661016949152542,1.2857142857142858,0.3220338983050847,0.4514285714285714,-0.3196125907990316,-0.12939467312348668,-0.226731234866828,0.2,0.6,-0.39999999999999997,0,0,0.3199359379838219
1.0,1.7272727272727273,0.3333333333333333,0.5454545454545454,-0.7272727272727273,-0.2121212121212121,-0.42057942057942044,0.8,0.4,0.4,0,0,0.2676802403348526
1.543859649122807,1.4035087719298245,0.5789473684210527,0.5087719298245614,0.14035087719298245,0.07017543859649122,-0.03508771929824572,1.0,0.4,0.6,1,1,0.5329826856138985
1.2307692307692308,1.4615384615384615,0.3076923076923077,0.6153846153846154,-0.23076923076923062,-0.3076923076923077,-0.6153846153846153,0.6,1.0,-0.4,1,0,0.2941675891872064
1.1481481481481481,0.9259259259259259,0.37037037037037035,0.2962962962962963,0.2222222222222222,0.07407407407407407,0.33333333333333326,0.4,0.6,-0.19999999999999996,1,1,0.5303412893794656
0.851063829787234,1.4444444444444444,0.2765957446808511,0.41975308641975306,-0.5933806146572104,-0.143157341738902,-0.19674284213291293,0.4,0.6,-0.19999999999999996,1,0,0.28179259747779184
2.4906832298136647,1.08,0.7515527950310559,0.36,1.4106832298136647,0.3915527950310559,0.5759006211180124,0.6,0.4,0.19999999999999996,1,1,0.8360200221905718
1.0157894736842106,1.55,0.4,0.6318181818181818,-0.5342105263157895,-0.2318181818181818,-0.544019138755981,0.4,0.0,0.4,1,0,0.28370128617531903
1.4193548387096775,2.678756476683938,0.5161290322580645,0.7875647668393783,-1.2594016379742605,-0.27143573458131376,-0.34574628112986794,0.6,1.0,-0.4,0,0,0.16772461737418148
1.300751879699248,1.5112781954887218,0.42857142857142855,0.5263157894736842,-0.21052631578947367,-0.09774436090225563,-0.255639097744361,0.0,0.2,-0.2,1,0,0.35786523094682393
1.0682926829268293,1.0,0.4292682926829268,0.37735849056603776,0.06829268292682933,0.05190980211688906,-0.05126553152323976,0.8,0.4,0.4,1,0,0.4868120996724782
2.496124031007752,1.5193798449612403,0.7364341085271318,0.4418604651162791,0.9767441860465116,0.2945736434108527,0.5891472868217055,1.0,0.2,0.8,1,1,0.7999841439009142
1.3333333333333333,2.3333333333333335,0.0,0.16666666666666666,-1.0000000000000002,-0.16666666666666666,-0.6666666666666666,0.0,0.0,0.0,0,0,0.20057314536479023
1.7261146496815287,1.4935897435897436,0.5414012738853503,0.5,0.2325249060917851,0.04140127388535031,0.16850400130654908,0.6,0.4,0.19999999999999996,0,1,0.5523378765497738
1.2608695652173914,1.3380281690140845,0.4106280193236715,0.4084507042253521,-0.07715860379669315,0.0021773150983193656,-0.12539974144383215,0.0,0.8,-0.8,1,0,0.37364319715611494
1.2142857142857142,1.0,0.4142857142857143,0.40625,0.2142857142857142,0.008035714285714313,0.047321428571428514,0.8,0.8,0.0,0,1,0.5063852959694908
1.7683397683397684,2.0154440154440154,0.5945945945945946,0.6718146718146718,-0.24710424710424705,-0.07722007722007718,-0.15057915057915072,0.8,0.8,0.0,0,0,0.39428408057229497
1.15625,1.0434782608695652,0.375,0.3858695652173913,0.11277173913043481,-0.010869565217391297,0.22282608695652173,0.8,0.4,0.4,0,1,0.5253241622028716
1.7807486631016043,1.7967914438502675,0.6042780748663101,0.5240641711229946,-0.016042780748663166,0.0802139037433155,0.5935828877005347,0.2,0.8,-0.6000000000000001,0,1,0.5017345597997267
1.1833333333333333,1.3541666666666667,0.42916666666666664,0.5041666666666667,-0.1708333333333334,-0.07500000000000001,-0.012499999999999956,0.4,0.8,-0.4,0,0,0.3826122329845012
0.9577464788732394,0.9545454545454546,0.38028169014084506,0.18181818181818182,0.003201024327784796,0.19846350832266324,0.4250960307298337,0.4,0.4,0.0,0,1,0.5120393809293919
1.1666666666666667,1.25,0.16666666666666666,0.3333333333333333,-0.08333333333333326,-0.16666666666666666,-0.08333333333333326,0.2,0.4,-0.2,0,0,0.3977587936046325
1.2698412698412698,2.676258992805755,0.3333333333333333,0.7697841726618705,-1.4064177229644854,-0.4364508393285372,-0.46180198698184327,0.4,1.0,-0.6,0,0,0.1292394241077236
1.6793893129770991,1.251908396946565,0.6564885496183206,0.4580152671755725,0.4274809160305342,0.1984732824427481,0.2290076335877862,0.6,0.4,0.19999999999999996,1,1,0.6109491698223666
1.4402730375426622,1.1911262798634812,0.5324232081911263,0.5119453924914675,0.24914675767918104,0.020477815699658786,-0.2593856655290103,0.8,0.6,0.20000000000000007,0,0,0.4972232315927598
0.9285714285714286,1.0357142857142858,0.21428571428571427,0.39285714285714285,-0.1071428571428572,-0.17857142857142858,-0.4285714285714286,0.6,0.4,0.19999999999999996,1,0,0.3717315855429763
1.6688311688311688,1.3658536585365855,0.551948051948052,0.3902439024390244,0.3029775102945833,0.16170414950902756,0.38929363319607235,0.8,0.6,0.20000000000000007,1,1,0.603251825192787
0.7142857142857143,2.142857142857143,0.14285714285714285,0.14285714285714285,-1.4285714285714284,0.0,-0.2857142857142858,0.0,0.0,0.0,0,0,0.16756737731400495
1.21875,1.2333333333333334,0.515625,0.36666666666666664,-0.014583333333333393,0.14895833333333336,-0.043749999999999956,1.0,0.4,0.6,1,0,0.49720707999399744
1.0503597122302157,1.375,0.4316546762589928,0.375,-0.32464028776978426,0.05665467625899279,0.2898681055155876,0.8,0.4,0.4,0,0,0.4424305444398909
2.16793893129771,1.375,0.7251908396946565,0.375,0.79293893129771,0.3501908396946565,0.3244274809160306,0.8,0.6,0.20000000000000007,1,1,0.718623330741297
1.3153846153846154,1.7076923076923076,0.43846153846153846,0.5230769230769231,-0.39230769230769225,-0.08461538461538465,0.007692307692307665,0.4,0.4,0.0,0,0,0.3660581409069545
1.2307692307692308,2.0,0.34615384615384615,0.6538461538461539,-0.7692307692307692,-0.3076923076923077,-0.653846153846154,0.6,0.8,-0.20000000000000007,1,0,0.21315454111945095
1.0982142857142858,0.9910714285714286,0.44642857142857145,0.39285714285714285,0.1071428571428572,0.0535714285714286,0.03571428571428581,0.8,0.2,0.6000000000000001,1,1,0.5176289454209041
1.2903225806451613,1.6910569105691058,0.25806451612903225,0.5203252032520326,-0.40073432992394453,-0.2622606871230003,-0.7639653815892997,0.2,0.4,-0.2,0,0,0.26409339168696666
1.5833333333333333,0.75,0.6666666666666666,0.25,0.8333333333333333,0.41666666666666663,0.8958333333333334,0.8,0.2,0.6000000000000001,0,1,0.7820726547137876
1.705521472392638,1.361963190184049,0.5398773006134969,0.5030674846625767,0.34355828220858897,0.036809815950920255,0.042944785276073594,0.6,0.2,0.39999999999999997,1,1,0.5718969758107306
1.3529411764705883,2.1176470588235294,0.6764705882352942,0.6470588235294118,-0.7647058823529411,0.02941176470588236,-0.08823529411764708,1.0,0.8,0.19999999999999996,1,0,0.30861985704257267
1.1612903225806452,0.967741935483871,0.3870967741935484,0.3870967741935484,0.19354838709677424,0.0,-0.19354838709677424,0.2,0.4,-0.2,1,0,0.4548009146321121
1.8105263157894738,1.6842105263157894,0.49473684210526314,0.5157894736842106,0.12631578947368438,-0.021052631578947434,-0.10526315789473695,0.4,0.6,-0.19999999999999996,0,0,0.47074118313973035
1.096774193548387,1.21875,0.41935483870967744,0.375,-0.12197580645161299,0.044354838709677435,-0.017137096774193505,0.6,0.4,0.19999999999999996,1,0,0.43732014089772503
1.1269035532994924,2.183673469387755,0.41116751269035534,0.7551020408163265,-1.0567699160882627,-0.34393452812597114,-0.620351186159743,0.4,0.8,-0.4,0,0,0.1645461881509963
1.7900552486187846,1.35,0.6132596685082873,0.37777777777777777,0.44005524861878453,0.2354818907305095,0.6785451197053407,0.6,0.4,0.19999999999999996,1,1,0.6685457395653451
1.031496062992126,1.763779527559055,0.4094488188976378,0.6850393700787402,-0.7322834645669292,-0.2755905511811024,-0.5905511811023623,0.6,1.0,-0.4,0,0,0.21198324968268312
0.7608695652173914,1.097457627118644,0.2826086956521739,0.4661016949152542,-0.3365880619012527,-0.18349299926308033,-0.41857037582903445,0.4,0.6,-0.19999999999999996,0,0,0.2997388476139495
1.728476821192053,1.2592592592592593,0.543046357615894,0.37037037037037035,0.4692175619327936,0.1726759872455237,0.2954787016597171,0.6,1.0,-0.4,0,1,0.5942248824766929
0.8947368421052632,1.0078125,0.2631578947368421,0.390625,-0.11307565789473684,-0.1274671052631579,-0.26768092105263164,0.0,0.4,-0.4,0,0,0.35217611903285634
2.16969696969697,1.1827956989247312,0.7333333333333333,0.3978494623655914,0.9869012707722387,0.3354838709677419,0.12473118279569895,0.8,0.6,0.20000000000000007,1,1,0.7319676111052068
1.650943396226415,1.5,0.6509433962264151,0.5849056603773585,0.15094339622641506,0.06603773584905659,0.0,0.8,0.6,0.20000000000000007,0,1,0.5155068339791496
1.6521739130434783,1.1304347826086956,0.4782608695652174,0.391304347826087,0.5217391304347827,0.08695652173913043,0.0,0.8,0.4,0.4,0,1,0.6100310631969899
1.3205128205128205,2.0641025641025643,0.41025641025641024,0.6025641025641025,-0.7435897435897438,-0.1923076923076923,-0.1153846153846152,0.8,0.6,0.20000000000000007,1,0,0.2928311944655126
1.8682634730538923,2.143712574850299,0.6646706586826348,0.7964071856287425,-0.2754491017964069,-0.1317365269461077,-0.14970059880239517,0.8,0.8,0.0,0,0,0.38525175086222957
1.102439024390244,1.3012048192771084,0.4975609756097561,0.45180722891566266,-0.1987657948868644,0.04575374669409343,0.20849250661181307,0.2,0.8,-0.6000000000000001,0,0,0.3955676365617632
2.4362745098039214,1.4803921568627452,0.7696078431372549,0.46078431372549017,0.9558823529411762,0.3088235294117648,0.5833333333333334,0.8,0.0,0.8,1,1,0.7945552464400286
1.1402439024390243,1.5714285714285714,0.4634146341463415,0.42857142857142855,-0.4311846689895471,0.03484320557491294,0.133275261324042,0.6,0.6,0.0,1,0,0.37880929557442083
1.2111801242236024,1.1446540880503144,0.422360248447205,0.44654088050314467,0.066526036173288,-0.024180632055939677,-0.0269151138716357,0.8,0.6,0.20000000000000007,0,0,0.47478712928484496
1.4,1.9318181818181819,0.2,0.5681818181818182,-0.531818181818182,-0.3681818181818182,-0.050000000000000044,0.4,0.4,0.0,0,0,0.3147444493003085
1.1363636363636365,1.1363636363636365,0.3333333333333333,0.4696969696969697,0.0,-0.1363636363636364,-0.7727272727272727,0.0,0.4,-0.4,0,0,0.327392955411943
1.4791666666666667,1.1458333333333333,0.3958333333333333,0.3541666666666667,0.3333333333333335,0.04166666666666663,0.0,0.6,0.4,0.19999999999999996,1,1,0.5490137762607652
1.0617283950617284,1.1578947368421053,0.4074074074074074,0.3157894736842105,-0.09616634178037686,0.09161793372319688,0.5523066926575699,0.4,0.6,-0.19999999999999996,0,0,0.48580073400236923
2.4444444444444446,1.3333333333333333,0.5555555555555556,0.3888888888888889,1.1111111111111114,0.16666666666666669,0.38888888888888884,0.8,0.8,0.0,1,1,0.7627663641611826
0.8636363636363636,1.072,0.22727272727272727,0.44,-0.20836363636363642,-0.21272727272727274,-0.2105454545454546,0.2,0.6,-0.39999999999999997,0,0,0.33344671824928873
0.9746835443037974,0.9636363636363636,0.45569620253164556,0.39090909090909093,0.01104718066743382,0.06478711162255463,-0.020713463751438344,0.6,0.4,0.19999999999999996,0,0,0.4619409336586528
1.7898089171974523,0.9636363636363636,0.5796178343949044,0.36363636363636365,0.8261725535610887,0.2159814707585408,0.21065431383902733,0.8,0.6,0.20000000000000007,1,1,0.693899650648061
1.3424657534246576,1.1325301204819278,0.3926940639269406,0.27710843373493976,0.20993563294272977,0.11558563019200085,0.301864994223469,0.2,0.4,-0.2,0,1,0.5327304402957719
1.8018867924528301,1.3962264150943395,0.5377358490566038,0.5283018867924528,0.4056603773584906,0.009433962264150941,-0.3679245283018868,0.4,0.6,-0.19999999999999996,1,1,0.5019104587962296
1.0674846625766872,1.0204081632653061,0.49693251533742333,0.3673469387755102,0.047076499311381026,0.1295855765619131,0.6675848253411794,0.6,0.4,0.19999999999999996,0,1,0.5568683377790999
0.9090909090909091,1.1,0.36363636363636365,0.44285714285714284,-0.19090909090909103,-0.07922077922077919,0.07705627705627704,0.4,0.2,0.2,0,0,0.41397773137608634
2.275,1.325,0.625,0.325,0.95,0.3,0.5,0.4,0.4,0.0,1,1,0.7485995213554633
1.0869565217391304,0.6086956521739131,0.45652173913043476,0.2826086956521739,0.4782608695652173,0.17391304347826086,-0.06521739130434767,0.6,0.0,0.6,1,1,0.593511897875231
0.9902912621359223,1.2849162011173185,0.3106796116504854,0.43575418994413406,-0.2946249389813962,-0.12507457829364865,-0.12534577208873454,0.4,0.4,0.0,0,0,0.359353501802278
1.1125,1.825,0.35,0.675,-0.7124999999999999,-0.32500000000000007,-0.8250000000000001,0.2,0.8,-0.6000000000000001,0,0,0.1869258264206204
1.5551181102362204,1.24822695035461,0.5905511811023622,0.41843971631205673,0.3068911598816104,0.17211146479030542,0.14279332104763487,0.6,0.6,0.0,1,1,0.5596604185309345
1.1226415094339623,1.4344827586206896,0.330188679245283,0.5103448275862069,-0.3118412491867273,-0.18015614834092392,-0.5551073519843852,0.8,0.6,0.20000000000000007,0,0,0.32478599391371293
1.6363636363636365,0.9622641509433962,0.5371900826446281,0.22641509433962265,0.6740994854202402,0.31077498830500544,0.7436457196319977,0.6,0.4,0.19999999999999996,0,1,0.7202828824508181
1.248,1.3160377358490567,0.432,0.5471698113207547,-0.0680377358490567,-0.11516981132075471,-0.16977358490566052,0.4,0.8,-0.4,0,0,0.38445160694080666
1.0,0.96,0.39,0.4,0.040000000000000036,-0.010000000000000009,-0.06000000000000005,0.4,0.2,0.2,0,0,0.4562902584936866
0.7567567567567568,1.0149253731343284,0.3783783783783784,0.5074626865671642,-0.2581686163775716,-0.1290843081887858,-0.24606696248487292,0.6,0.8,-0.20000000000000007,0,0,0.3358778112572702
1.9698275862068966,0.8928571428571429,0.6594827586206896,0.2857142857142857,1.0769704433497536,0.3737684729064039,0.8454433497536946,0.4,0.2,0.2,1,1,0.8003610878249872
1.3502824858757063,1.1376146788990826,0.5084745762711864,0.44036697247706424,0.21266780697662369,0.06810760379412217,0.09785932721712554,0.8,0.6,0.20000000000000007,1,1,0.5324700576552831
1.263157894736842,1.5263157894736843,0.40350877192982454,0.42105263157894735,-0.26315789473684226,-0.017543859649122806,0.2543859649122806,0.4,0.4,0.0,0,0,0.42465388359745965
1.24,1.5914634146341464,0.4,0.5426829268292683,-0.35146341463414643,-0.1426829268292683,-0.3521951219512196,0.6,0.8,-0.20000000000000007,0,0,0.32098551505474726
1.6666666666666667,1.4301075268817205,0.5806451612903226,0.5483870967741935,0.23655913978494625,0.032258064516129115,-0.021505376344086002,0.8,0.4,0.4,0,1,0.5415123514232669
1.4680851063829787,1.3882978723404256,0.3829787234042553,0.46808510638297873,0.07978723404255317,-0.08510638297872342,-0.03191489361702127,0.2,0.2,0.0,1,0,0.46294960494903603
0.8928571428571429,1.0,0.2857142857142857,0.39285714285714285,-0.1071428571428571,-0.10714285714285715,-0.25,0.6,0.6,0.0,0,0,0.3840905774534271
1.0833333333333333,0.8666666666666667,0.5,0.3333333333333333,0.21666666666666656,0.16666666666666669,0.15000000000000013,0.6,0.0,0.6,1,1,0.5615736060515356
0.9375,1.4848484848484849,0.34375,0.5303030303030303,-0.5473484848484849,-0.18655303030303028,-0.375,0.2,0.4,-0.2,0,0,0.2694924336953606
1.2258064516129032,2.032258064516129,0.3225806451612903,0.5483870967741935,-0.8064516129032258,-0.2258064516129032,0.29032258064516125,0.4,0.6,-0.19999999999999996,1,0,0.2933072226454174
1.6153846153846154,1.6153846153846154,0.38461538461538464,0.38461538461538464,0.0,0.0,1.2307692307692308,0.4,0.6,-0.19999999999999996,1,1,0.5930381244056904
1.9639639639639639,1.09009009009009,0.6891891891891891,0.3738738738738739,0.8738738738738738,0.31531531531531526,0.4369369369369369,0.8,0.0,0.8,0,1,0.7612548489054176
1.5308641975308641,1.2096774193548387,0.5432098765432098,0.4596774193548387,0.32118677817602537,0.08353245718837116,0.06332138590203096,0.8,0.6,0.20000000000000007,0,1,0.55848903800587
2.1372549019607843,0.8627450980392157,0.7254901960784313,0.37254901960784315,1.2745098039215685,0.3529411764705882,0.21568627450980393,1.0,0.6,0.4,1,1,0.7939160179108817
1.1754385964912282,2.7017543859649122,0.40350877192982454,0.7894736842105263,-1.526315789473684,-0.3859649122807018,-0.9649122807017543,0.2,0.8,-0.6000000000000001,0,0,0.09572556535208993
1.531496062992126,1.6062992125984252,0.6456692913385826,0.610236220472441,-0.0748031496062993,0.03543307086614167,0.06299212598425197,0.4,0.8,-0.4,1,0,0.4287523566094116
1.6666666666666667,1.0,0.16666666666666666,0.16666666666666666,0.6666666666666667,0.0,0.0,0.0,0.0,0.0,0,1,0.6076568369170913
1.2378048780487805,0.4166666666666667,0.4878048780487805,0.08333333333333333,0.8211382113821137,0.40447154471544716,0.4552845528455285,0.2,0.2,0.0,0,1,0.7032658601673073
1.4458598726114649,0.9358974358974359,0.5031847133757962,0.3974358974358974,0.509962436714029,0.10574881593989877,-0.2918504001306548,0.0,0.2,-0.2,1,1,0.5269246295847754
0.9310344827586207,1.1681818181818182,0.13793103448275862,0.41363636363636364,-0.23714733542319755,-0.275705329153605,-0.1915360501567398,0.2,0.4,-0.2,1,0,0.33849972722147204
2.032258064516129,2.064516129032258,0.6935483870967742,0.6612903225806451,-0.032258064516129004,0.032258064516129115,0.33870967741935476,1.0,0.6,0.4,1,1,0.537962661767933
0.96875,1.1681818181818182,0.3125,0.43636363636363634,-0.1994318181818182,-0.12386363636363634,-0.5380681818181818,0.4,0.2,0.2,0,0,0.34494114960995576
0.8936170212765957,1.2553191489361701,0.425531914893617,0.5319148936170213,-0.36170212765957444,-0.10638297872340424,0.17021276595744683,1.0,0.6,0.4,1,0,0.4018589999113804
1.4107883817427387,1.4688796680497926,0.4730290456431535,0.5145228215767634,-0.05809128630705396,-0.04149377593360992,-0.08298755186721984,0.4,0.8,-0.4,1,0,0.40777837704166947
1.3243243243243243,1.045045045045045,0.42342342342342343,0.4144144144144144,0.2792792792792793,0.009009009009009028,-0.018018018018018056,0.8,0.6,0.20000000000000007,1,1,0.5282381066564649
1.5517241379310345,1.0,0.41379310344827586,0.3448275862068966,0.5517241379310345,0.06896551724137928,0.0344827586206895,0.4,0.4,0.0,1,1,0.5896651755427876
1.3506493506493507,1.2303664921465969,0.45454545454545453,0.387434554973822,0.12028285850275378,0.06711089957163252,0.20996804242877531,0.6,0.2,0.39999999999999997,0,1,0.5365288977599171
1.0606060606060606,1.3027522935779816,0.2727272727272727,0.463302752293578,-0.24214623297192106,-0.19057547956630527,0.06157909368918535,0.4,0.4,0.0,0,0,0.386508084372191
1.260204081632653,1.1224489795918366,0.44387755102040816,0.4897959183673469,0.1377551020408163,-0.04591836734693877,-0.11734693877551017,0.6,0.4,0.19999999999999996,1,0,0.4766358571197187
2.3138686131386863,1.02803738317757,0.8102189781021898,0.38317757009345793,1.2858312299611163,0.42704140800873186,0.7107578961729994,1.0,0.4,0.6,0,1,0.8428350614975385
0.8910891089108911,0.91796875,0.26732673267326734,0.3828125,-0.026879641089108897,-0.11548576732673266,-0.3456064356435644,0.6,0.4,0.19999999999999996,0,0,0.4006729239747329
1.9491525423728813,1.2333333333333334,0.6440677966101694,0.25,0.7158192090395479,0.39406779661016944,0.5378531073446327,0.6,0.2,0.39999999999999997,1,1,0.7316963982459039
1.6622516556291391,1.3509933774834437,0.5960264900662252,0.4768211920529801,0.3112582781456954,0.11920529801324509,0.251655629139073,0.6,0.4,0.19999999999999996,0,1,0.582549298037863
1.1386138613861385,1.7714285714285714,0.42574257425742573,0.6857142857142857,-0.6328147100424328,-0.25997171145686,-0.49929278642149943,0.4,0.6,-0.19999999999999996,0,0,0.24460851534580555
1.3333333333333333,1.4166666666666667,0.3333333333333333,0.4583333333333333,-0.08333333333333348,-0.125,-0.4583333333333335,0.6,0.8,-0.20000000000000007,0,0,0.367225994843138
1.0740740740740742,1.1481481481481481,0.4444444444444444,0.4074074074074074,-0.07407407407407396,0.037037037037037035,0.2592592592592593,0.6,0.6,0.0,1,0,0.4649022680252991
1.7777777777777777,1.0,0.2222222222222222,0.2222222222222222,0.7777777777777777,0.0,0.5555555555555556,0.0,0.0,0.0,1,1,0.6891990989857762
1.375,1.25,0.25,0.375,0.125,-0.125,0.0,0.0,0.0,0.0,0,0,0.4696754331461663
1.1428571428571428,1.5714285714285714,0.2857142857142857,0.2857142857142857,-0.4285714285714286,0.0,0.0,0.0,0.0,0.0,0,0,0.359922148685879
1.2965116279069768,1.7657142857142858,0.5232558139534884,0.6514285714285715,-0.46920265780730896,-0.12817275747508305,-0.05382059800664463,0.2,0.6,-0.39999999999999997,1,0,0.31594225256066255
0.9866666666666667,2.04,0.48,0.68,-1.0533333333333332,-0.20000000000000007,-0.13333333333333341,0.4,1.0,-0.6,0,0,0.1957460768546554
1.6814516129032258,1.1940298507462686,0.657258064516129,0.3880597014925373,0.4874217621569572,0.2691983630235917,0.5169114106884931,0.4,0.0,0.4,1,1,0.6686765423436061
1.753968253968254,1.3373015873015872,0.5873015873015873,0.39285714285714285,0.41666666666666674,0.19444444444444448,0.5,0.4,0.6,-0.19999999999999996,0,1,0.6173461813808702
1.6666666666666667,1.0175438596491229,0.6666666666666666,0.3684210526315789,0.6491228070175439,0.2982456140350877,0.543859649122807,1.0,0.6,0.4,1,1,0.707744168256222
2.49438202247191,0.8363636363636363,0.7191011235955056,0.2909090909090909,1.6580183861082736,0.4281920326864147,0.8171603677221655,0.6,0.2,0.39999999999999997,1,1,0.8823174688575496
1.2146892655367232,1.3669064748201438,0.4180790960451977,0.49640287769784175,-0.15221720928342064,-0.07832378165264403,-0.1719708978579848,0.6,1.0,-0.4,0,0,0.3719939877838086
1.1111111111111112,1.7239057239057238,0.42424242424242425,0.6430976430976431,-0.6127946127946127,-0.2188552188552188,-0.33333333333333326,0.8,0.8,0.0,0,0,0.27713646404740744
1.2142857142857142,1.126984126984127,0.5158730158730159,0.4523809523809524,0.08730158730158721,0.06349206349206354,0.16666666666666674,0.4,0.2,0.2,0,1,0.504443950805451
1.0263157894736843,1.1578947368421053,0.3815789473684211,0.3815789473684211,-0.13157894736842102,0.0,0.3026315789473686,0.2,0.4,-0.2,0,0,0.43804968140268963
2.4415584415584415,1.3045685279187818,0.7922077922077922,0.4213197969543147,1.1369899136396597,0.37088799525347754,0.8061836640516843,0.8,0.4,0.4,1,1,0.8231757763074212
1.83,1.34375,0.55,0.3125,0.48625000000000007,0.23750000000000004,0.06000000000000005,0.4,0.6,-0.19999999999999996,0,1,0.5909350192999878
1.7924528301886793,2.1132075471698113,0.6226415094339622,0.7358490566037735,-0.320754716981132,-0.1132075471698113,-0.037735849056603765,0.2,1.0,-0.8,0,0,0.3392891187422209
1.4081632653061225,0.9090909090909091,0.40816326530612246,0.36363636363636365,0.4990723562152134,0.04452690166975881,-0.6011131725417439,0.8,0.6,0.20000000000000007,1,1,0.5152206032010537
1.3284671532846715,1.0579710144927537,0.36496350364963503,0.3333333333333333,0.2704961387919178,0.03163017031630172,0.13942663704644032,0.2,0.6,-0.39999999999999997,0,1,0.5067858938102751
1.2903225806451613,1.1428571428571428,0.45161290322580644,0.4230769230769231,0.14746543778801846,0.028535980148883366,0.17529244948599776,0.6,0.6,0.0,0,1,0.5088111814889966
0.25,2.6557377049180326,0.0,0.8524590163934426,-2.4057377049180326,-0.8524590163934426,-0.5614754098360656,0.0,0.8,-0.8,0,0,0.041121083102456206
1.0627177700348431,1.8989547038327526,0.445993031358885,0.6585365853658537,-0.8362369337979094,-0.21254355400696867,-0.2195121951219512,0.6,0.8,-0.20000000000000007,0,0,0.23911971287458975
1.0454545454545454,1.8333333333333333,0.36363636363636365,0.5769230769230769,-0.7878787878787878,-0.21328671328671323,-0.19930069930069916,0.6,0.4,0.19999999999999996,1,0,0.26726037385466916
1.6171428571428572,1.3485714285714285,0.6628571428571428,0.6285714285714286,0.2685714285714287,0.03428571428571425,0.05714285714285716,0.8,0.8,0.0,0,1,0.5304815263532263
1.2156862745098038,1.0141843971631206,0.4117647058823529,0.3829787234042553,0.20150187734668323,0.028785982478097605,-0.18022528160200246,0.4,0.4,0.0,1,0,0.4759967953285123
0.8333333333333334,1.0238095238095237,0.35714285714285715,0.35714285714285715,-0.19047619047619035,0.0,0.19047619047619058,0.4,0.2,0.2,1,0,0.4321803884939742
1.7628458498023716,1.4505928853754941,0.5889328063241107,0.4980237154150198,0.31225296442687744,0.09090909090909094,0.1699604743083003,0.2,0.8,-0.6000000000000001,1,1,0.5238169116018937
1.263157894736842,1.368421052631579,0.3157894736842105,0.42105263157894735,-0.10526315789473695,-0.10526315789473684,0.47368421052631593,0.2,0.4,-0.2,1,0,0.4618175530198834
1.6374045801526718,0.8529411764705882,0.5954198473282443,0.29411764705882354,0.7844634036820836,0.30130220026942073,0.23888639425235736,0.8,0.2,0.6000000000000001,1,1,0.7114795721871977
1.2530864197530864,1.9057971014492754,0.42592592592592593,0.6557971014492754,-0.652710681696189,-0.22987117552334946,-0.28153515834675247,0.2,0.8,-0.6000000000000001,0,0,0.24620758616399274
1.4036144578313252,1.2650602409638554,0.4879518072289157,0.43373493975903615,0.13855421686746983,0.054216867469879526,0.24096385542168686,0.6,0.8,-0.20000000000000007,1,1,0.5084394180847064
2.5555555555555554,2.4444444444444446,0.2222222222222222,0.3333333333333333,0.11111111111111072,-0.1111111111111111,-1.0,0.0,0.0,0.0,0,0,0.39725709447433194
2.4712041884816753,1.4736842105263157,0.7643979057591623,0.4789473684210526,0.9975199779553596,0.2854505373381097,0.5732708735188757,1.0,0.4,0.6,1,1,0.7924562653361649
1.0530973451327434,1.7251655629139073,0.41150442477876104,0.6490066225165563,-0.6720682177811639,-0.23750219773779524,-0.4260094942272754,0.2,1.0,-0.8,1,0,0.21781969593044637
1.1428571428571428,1.5,0.375,0.5714285714285714,-0.3571428571428572,-0.1964285714285714,-0.25,0.6,1.0,-0.4,0,0,0.3125869528532114
1.37,2.76,0.47,0.85,-1.3899999999999997,-0.38,-0.6300000000000001,0.4,1.0,-0.6,0,0,0.1250918667021967
1.1116504854368932,1.6844660194174756,0.4223300970873786,0.6553398058252428,-0.5728155339805825,-0.23300970873786414,-0.3834951456310679,0.8,0.6,0.20000000000000007,1,0,0.2878085780316077
1.851063829787234,1.108695652173913,0.6382978723404256,0.30434782608695654,0.7423681776133209,0.333950046253469,0.9930619796484738,0.6,0.4,0.19999999999999996,1,1,0.759267895417855
1.6442953020134228,1.2142857142857142,0.610738255033557,0.4642857142857143,0.4300095877277086,0.14645254074784275,0.25431447746883995,0.8,1.0,-0.19999999999999996,1,1,0.5881141800983996
0.8421052631578947,0.8290598290598291,0.3508771929824561,0.36752136752136755,0.013045434098065578,-0.016644174538911427,-0.12280701754385981,0.4,0.4,0.0,0,0,0.4266525935921601
0.9302325581395349,1.280373831775701,0.386046511627907,0.4766355140186916,-0.3501412736361661,-0.0905890023907846,0.1646163877417952,0.2,0.6,-0.39999999999999997,1,0,0.3553082733128311
1.2075471698113207,1.849056603773585,0.32075471698113206,0.4716981132075472,-0.6415094339622642,-0.15094339622641512,-0.4339622641509435,0.4,0.2,0.2,1,0,0.2793834266073733
1.3487544483985765,1.053658536585366,0.5088967971530249,0.424390243902439,0.2950959118132106,0.08450655325058593,0.07379567745855398,0.4,0.4,0.0,1,1,0.5330961800503555
1.3235294117647058,1.088235294117647,0.5294117647058824,0.47058823529411764,0.23529411764705888,0.05882352941176472,-0.1470588235294117,0.4,0.6,-0.19999999999999996,0,0,0.47949896045485
1.7647058823529411,0.7647058823529411,0.5294117647058824,0.23529411764705882,1.0,0.29411764705882354,0.2941176470588236,0.8,0.4,0.4,1,1,0.7472624444853944
0.8571428571428571,1.0357142857142858,0.35714285714285715,0.39285714285714285,-0.17857142857142871,-0.0357142857142857,-0.1071428571428572,0.4,0.6,-0.19999999999999996,1,0,0.376489101422532
1.1369863013698631,0.9178082191780822,0.3972602739726027,0.3424657534246575,0.21917808219178092,0.0547945205479452,0.08219178082191791,0.4,0.4,0.0,1,1,0.5099151870425053
1.3428571428571427,1.7476190476190476,0.3952380952380952,0.5857142857142857,-0.4047619047619049,-0.19047619047619052,-0.5999999999999999,0.6,0.4,0.19999999999999996,0,0,0.30616785609870606
1.2481751824817517,1.0606060606060606,0.4562043795620438,0.42424242424242425,0.1875691218756912,0.03196195531961954,0.0410307454103076,0.4,0.6,-0.19999999999999996,1,0,0.4870091474065381
0.42857142857142855,1.0120481927710843,0.0,0.4819277108433735,-0.5834767641996557,-0.4819277108433735,-1.3941480206540446,0.0,0.0,0.0,0,0,0.16561703024303345
0.9552238805970149,1.8101694915254238,0.2537313432835821,0.688135593220339,-0.8549456109284089,-0.4344042499367569,-0.8995193523905894,0.2,0.4,-0.2,0,0,0.16947860773805057
0.8933333333333333,0.9066666666666666,0.32,0.36,-0.013333333333333308,-0.03999999999999998,0.1333333333333333,0.2,0.2,0.0,0,0,0.4480435369554095
1.2442748091603053,1.33206106870229,0.4312977099236641,0.5801526717557252,-0.08778625954198471,-0.14885496183206104,-0.26717557251908386,0.4,0.4,0.0,0,0,0.388925672614638
1.3132530120481927,1.3401015228426396,0.3855421686746988,0.5685279187817259,-0.026848510794446945,-0.1829857501070271,-0.4375267567732859,0.4,0.4,0.0,0,0,0.3826401651817338
1.0,1.4761904761904763,0.2619047619047619,0.42857142857142855,-0.4761904761904763,-0.16666666666666663,-0.33333333333333326,0.2,0.6,-0.39999999999999997,1,0,0.280676033670657
0.9655172413793104,1.4104477611940298,0.41379310344827586,0.5522388059701493,-0.4449305198147194,-0.13844570252187344,-0.0018013381369015313,0.8,0.8,0.0,0,0,0.3426978130768778
1.0120481927710843,0.927710843373494,0.4578313253012048,0.3493975903614458,0.0843373493975903,0.108433734939759,0.42168674698795194,0.8,0.4,0.4,1,1,0.5472956814544255
1.4166666666666667,1.4791666666666667,0.5520833333333334,0.5625,-0.0625,-0.01041666666666663,-0.010416666666666519,0.6,0.8,-0.20000000000000007,1,0,0.4300004425066536
0.9642857142857143,2.0476190476190474,0.40476190476190477,0.7738095238095238,-1.083333333333333,-0.36904761904761907,-0.6071428571428572,0.6,0.8,-0.20000000000000007,0,0,0.1653822265022573
1.1875,1.5157894736842106,0.46875,0.6,-0.3282894736842106,-0.13124999999999998,-0.08453947368421055,0.4,0.6,-0.19999999999999996,1,0,0.348943177838557
1.6163522012578617,1.5660377358490567,0.5094339622641509,0.5534591194968553,0.05031446540880502,-0.04402515723270439,-0.30188679245283034,0.4,0.6,-0.19999999999999996,0,0,0.4232835846230814
1.98,1.2345679012345678,0.68,0.41358024691358025,0.7454320987654321,0.2664197530864198,0.6764197530864197,0.8,0.6,0.20000000000000007,0,1,0.7313214015126664
1.2105263157894737,1.1710526315789473,0.4649122807017544,0.40789473684210525,0.03947368421052633,0.057017543859649134,-0.10526315789473695,0.2,0.8,-0.6000000000000001,1,0,0.41519690777446117
0.9655172413793104,1.171270718232044,0.3103448275862069,0.4530386740331492,-0.2057534768527337,-0.14269384644694227,-0.6671746999428463,0.4,0.6,-0.19999999999999996,0,0,0.30830567777769646
1.3157894736842106,0.9593023255813954,0.5146198830409356,0.3953488372093023,0.35648714810281523,0.11927104583163334,0.03967768257853921,1.0,0.4,0.6,0,1,0.5850300010486019
1.2345679012345678,0.9296296296296296,0.41975308641975306,0.3925925925925926,0.30493827160493825,0.02716049382716046,-0.4506172839506173,0.8,0.8,0.0,0,0,0.4713486598290333
1.0,1.3935483870967742,0.35789473684210527,0.5806451612903226,-0.3935483870967742,-0.22275042444821735,-0.15449915110356538,0.4,0.6,-0.19999999999999996,0,0,0.31749124209304935
2.107296137339056,1.25,0.7424892703862661,0.46551724137931033,0.857296137339056,0.2769720290069558,0.27190321148438645,1.0,0.0,1.0,0,1,0.7549124774967122
1.6875,1.1111111111111112,0.5625,0.4166666666666667,0.5763888888888888,0.14583333333333331,0.15674603174603163,0.6,0.2,0.39999999999999997,0,1,0.6409434452232992
1.4375,1.0547945205479452,0.4375,0.5,0.3827054794520548,-0.0625,-0.5676369863013698,0.6,0.6,0.0,1,0,0.47006138916715046
1.1047619047619048,0.875,0.5142857142857142,0.2692307692307692,0.22976190476190483,0.24505494505494502,0.36575091575091556,0.6,0.2,0.39999999999999997,1,1,0.5851419184498791
0.8529411764705882,2.1265822784810124,0.30392156862745096,0.7848101265822784,-1.2736411020104241,-0.4808885579548275,-0.8369322412509307,0.2,1.0,-0.8,0,0,0.10954693605272887
1.7916666666666667,1.1875,0.6190476190476191,0.375,0.6041666666666667,0.24404761904761907,0.41815476190476186,0.8,0.4,0.4,1,1,0.6857475319600058
1.0291970802919708,1.1605839416058394,0.40875912408759124,0.39416058394160586,-0.13138686131386867,0.014598540145985384,0.02919708029197099,0.4,0.8,-0.4,0,0,0.39913894986335774
1.2289156626506024,1.2075471698113207,0.5662650602409639,0.4339622641509434,0.02136849283928166,0.1323027960900205,0.43237099340759255,0.6,0.2,0.39999999999999997,1,1,0.540953645306378
1.205128205128205,1.75,0.46153846153846156,0.6794871794871795,-0.5448717948717949,-0.21794871794871795,-0.45299145299145294,0.4,0.4,0.0,0,0,0.27665721149378353
2.2,1.0,0.0,0.0,1.2000000000000002,0.0,0.3999999999999999,0.0,0.0,0.0,1,1,0.7616389715239721
1.5647058823529412,1.0941176470588236,0.611764705882353,0.4470588235294118,0.47058823529411753,0.1647058823529412,0.2058823529411764,0.6,0.6,0.0,1,1,0.5996677974366454
1.4406779661016949,1.0344827586206897,0.4576271186440678,0.3448275862068966,0.4061952074810051,0.11279953243717122,-0.3012857977790766,0.8,0.4,0.4,1,1,0.5484728256221615
1.7412280701754386,1.2010309278350515,0.5526315789473685,0.4175257731958763,0.5401971423403871,0.13510580575149217,0.08894013383975397,0.8,0.2,0.6000000000000001,1,1,0.6403272844974522
0.5,1.2,0.1,0.4,-0.7,-0.30000000000000004,-0.19999999999999996,0.2,0.8,-0.6000000000000001,0,0,0.22650078812959443
1.5285714285714285,1.8285714285714285,0.5428571428571428,0.5428571428571428,-0.30000000000000004,0.0,0.12857142857142856,0.8,0.4,0.4,1,0,0.4378591687320198
1.02,1.2840909090909092,0.24,0.38636363636363635,-0.26409090909090915,-0.14636363636363636,0.5604545454545453,0.4,0.4,0.0,0,0,0.44088699133853926
1.0806451612903225,0.8125,0.5,0.296875,0.2681451612903225,0.203125,0.1285282258064515,0.6,0.2,0.39999999999999997,0,1,0.5618849655064979
1.0945945945945945,1.1891891891891893,0.32432432432432434,0.3783783783783784,-0.09459459459459474,-0.05405405405405406,-0.1351351351351351,0.6,0.4,0.19999999999999996,1,0,0.4218360661813292
1.8854961832061068,2.236641221374046,0.6641221374045801,0.732824427480916,-0.35114503816793907,-0.06870229007633588,0.06870229007633577,0.8,1.0,-0.19999999999999996,1,0,0.3891859629529995
1.6741573033707866,1.853932584269663,0.5730337078651685,0.5955056179775281,-0.1797752808988764,-0.022471910112359605,0.2134831460674158,0.6,0.8,-0.20000000000000007,0,0,0.4378572161092479
1.0987654320987654,1.1853658536585365,0.3868312757201646,0.4097560975609756,-0.0866004215597711,-0.02292482184081096,0.04183478871825752,0.4,0.6,-0.19999999999999996,0,0,0.4202247774051786
0.8636363636363636,0.9603174603174603,0.3333333333333333,0.38095238095238093,-0.0966810966810967,-0.047619047619047616,-0.28787878787878785,0.4,0.6,-0.19999999999999996,1,0,0.3729798567856548
2.75,0.7894736842105263,0.8640350877192983,0.34210526315789475,1.9605263157894737,0.5219298245614035,0.5175438596491229,0.6,0.2,0.39999999999999997,1,1,0.8999215893675824
0.6097560975609756,1.3902439024390243,0.2682926829268293,0.6585365853658537,-0.7804878048780487,-0.3902439024390244,-0.9024390243902438,0.2,0.4,-0.2,0,0,0.17380551507229822
0.75,1.3125,0.25,0.4375,-0.5625,-0.1875,-0.8125,0.2,0.6,-0.39999999999999997,1,0,0.21827862703288414
0.9852941176470589,1.2333333333333334,0.39705882352941174,0.3,-0.24803921568627452,0.09705882352941175,0.5607843137254902,0.2,0.6,-0.39999999999999997,1,0,0.4391726374168096
1.7876106194690264,1.7787610619469028,0.6283185840707964,0.5398230088495575,0.008849557522123686,0.08849557522123896,0.513274336283186,1.0,0.6,0.4,1,1,0.5649193726675475
1.2644628099173554,1.6528925619834711,0.4132231404958678,0.5619834710743802,-0.38842975206611574,-0.1487603305785124,-0.20661157024793408,0.8,0.8,0.0,0,0,0.3409059477522212
0.8942307692307693,1.2115384615384615,0.34615384615384615,0.5384615384615384,-0.3173076923076922,-0.1923076923076923,-0.3846153846153846,0.2,0.8,-0.6000000000000001,1,0,0.28714657315382797
1.3755274261603376,1.2019704433497538,0.42616033755274263,0.42857142857142855,0.17355698281058385,-0.002411091018685918,-0.13955228534015074,0.4,0.6,-0.19999999999999996,1,0,0.46503744119250445
1.1904761904761905,2.027237354085603,0.43915343915343913,0.669260700389105,-0.8367611636094126,-0.23010726123566588,-0.43369773330862826,0.8,0.8,0.0,0,0,0.23335267743482585
1.0,1.125,0.25,0.375,-0.125,-0.125,-0.8,0.0,0.0,0.0,0,0,0.3204879215032146
0.76,2.1954887218045114,0.2,0.7293233082706767,-1.4354887218045114,-0.5293233082706768,-0.7870676691729324,0.2,1.0,-0.8,0,0,0.09673741516975502
2.0,1.6734693877551021,0.673469387755102,0.5510204081632653,0.3265306122448979,0.12244897959183676,0.7959183673469388,1.0,0.4,0.6,0,1,0.6785059735793796
1.1533333333333333,1.14,0.5066666666666667,0.4,0.01333333333333342,0.10666666666666669,0.2533333333333334,0.6,0.2,0.39999999999999997,1,1,0.5148897648730013
0.8778625954198473,1.1060070671378093,0.3969465648854962,0.4452296819787986,-0.22814447171796193,-0.04828311709330241,-0.00892833059099618,0.2,0.4,-0.2,0,0,0.37397286481510134
1.1686746987951808,1.696,0.43373493975903615,0.604,-0.5273253012048191,-0.17026506024096383,-0.26967068273092387,0.6,0.6,0.0,0,0,0.30199831822214634
1.7544642857142858,1.16,0.6919642857142857,0.44,0.5944642857142859,0.2519642857142857,0.44480158730158725,1.0,0.6,0.4,1,1,0.686535292560688
1.3494423791821561,1.795539033457249,0.4052044609665427,0.5910780669144982,-0.4460966542750928,-0.18587360594795543,-0.4423791821561338,0.8,0.6,0.20000000000000007,0,0,0.316185315746738
0.9047619047619048,1.0434782608695652,0.32142857142857145,0.30434782608695654,-0.13871635610766042,0.01708074534161491,0.11335403726708071,0.4,0.6,-0.19999999999999996,0,0,0.41614744969475254
0.9605263157894737,0.5714285714285714,0.35964912280701755,0.21428571428571427,0.3890977443609023,0.14536340852130328,-0.08270676691729317,0.4,0.4,0.0,1,1,0.5310171402487514
2.1285714285714286,1.0719424460431655,0.7714285714285715,0.39568345323741005,1.056628982528263,0.3757451181911614,0.6526207605344295,0.8,0.6,0.20000000000000007,0,1,0.7879234881276356
1.345679012345679,1.148936170212766,0.35802469135802467,0.40425531914893614,0.19674284213291293,-0.04623062779091147,-0.26976622012082996,0.6,0.6,0.0,1,0,0.464773079463682
2.1646341463414633,1.9085365853658536,0.7317073170731707,0.5914634146341463,0.25609756097560976,0.1402439024390244,0.14024390243902451,0.8,0.6,0.20000000000000007,1,1,0.5770641321773438
1.965034965034965,1.3916083916083917,0.6083916083916084,0.43356643356643354,0.5734265734265733,0.1748251748251749,0.21678321678321688,0.8,0.0,0.8,0,1,0.6799199386583074
1.3028169014084507,1.6549295774647887,0.4507042253521127,0.5774647887323944,-0.352112676056338,-0.1267605633802817,-0.19718309859154926,0.8,0.4,0.4,1,0,0.3731914170123601
1.6768060836501901,1.2266666666666666,0.6501901140684411,0.44,0.45013941698352355,0.21019011406844107,0.3543219264892268,0.2,0.6,-0.39999999999999997,1,1,0.5927707252669991
2.0253623188405796,1.0887096774193548,0.6992753623188406,0.3709677419354839,0.9366526414212248,0.3283076203833567,0.6766012155212717,0.6,0.4,0.19999999999999996,1,1,0.7660145781215874
1.2528735632183907,1.3218390804597702,0.39080459770114945,0.4482758620689655,-0.06896551724137945,-0.05747126436781608,-0.0344827586206895,0.6,0.6,0.0,0,0,0.43054787829486824
1.8116438356164384,1.0785714285714285,0.6917808219178082,0.4142857142857143,0.7330724070450099,0.2774951076320939,0.4953033268101761,0.8,0.4,0.4,1,1,0.7181504929646736
0.7777777777777778,0.9555555555555556,0.3333333333333333,0.3333333333333333,-0.1777777777777778,0.0,-0.26666666666666683,0.2,0.2,0.0,0,0,0.3700978644609772
0.8805970149253731,1.1363636363636365,0.3283582089552239,0.4393939393939394,-0.25576662143826334,-0.11103573043871551,-0.22365445499773862,0.6,0.6,0.0,0,0,0.35587878942754836
0.8390804597701149,0.9885057471264368,0.3333333333333333,0.3793103448275862,-0.14942528735632188,-0.04597701149425287,0.04597701149425282,0.2,0.4,-0.2,1,0,0.39594856102475245
0.9134615384615384,1.297872340425532,0.25,0.4858156028368794,-0.38441080196399346,-0.2358156028368794,-0.5861974904528096,0.4,0.6,-0.19999999999999996,1,0,0.276270295973766
1.1141732283464567,1.7519685039370079,0.4251968503937008,0.6259842519685039,-0.6377952755905512,-0.20078740157480313,-0.19291338582677175,0.4,0.6,-0.19999999999999996,0,0,0.2746833531291996
1.7810650887573964,0.9923076923076923,0.6804733727810651,0.34615384615384615,0.7887573964497041,0.334319526627219,0.47100591715976325,0.8,0.2,0.6000000000000001,1,1,0.7385866270540158
1.4857142857142858,1.3701067615658362,0.5607142857142857,0.5231316725978647,0.11560752414844955,0.03758261311642097,0.07070411794611076,0.8,0.2,0.6000000000000001,0,1,0.5328604416822335
0.8604651162790697,2.13953488372093,0.2558139534883721,0.6744186046511628,-1.2790697674418603,-0.41860465116279066,-0.44186046511627897,0.2,0.6,-0.39999999999999997,0,0,0.14252194852978003
1.1,1.0,0.40625,0.41875,0.10000000000000009,-0.012500000000000011,-0.1312500000000001,0.6,0.4,0.19999999999999996,0,0,0.46569380760438184
1.1111111111111112,1.0555555555555556,0.3055555555555556,0.5277777777777778,0.05555555555555558,-0.2222222222222222,-0.6944444444444444,0.4,0.8,-0.4,0,0,0.34126357849346195
1.1785714285714286,1.6071428571428572,0.2857142857142857,0.5,-0.4285714285714286,-0.2142857142857143,-0.3214285714285714,0.4,0.8,-0.4,1,0,0.2923633481235049
0.9148936170212766,1.188235294117647,0.3617021276595745,0.4,-0.2733416770963705,-0.03829787234042553,0.1994993742177722,0.2,0.6,-0.39999999999999997,0,0,0.3791143803882948
1.0277777777777777,0.8333333333333334,0.3611111111111111,0.2777777777777778,0.1944444444444443,0.08333333333333331,0.11111111111111116,0.2,0.2,0.0,1,1,0.5058733320251881
1.7098214285714286,0.782608695652174,0.5401785714285714,0.17391304347826086,0.9272127329192547,0.36626552795031053,0.8658773291925466,0.6,0.4,0.19999999999999996,1,1,0.7771838878303863
1.1111111111111112,1.375,0.3333333333333333,0.375,-0.26388888888888884,-0.041666666666666685,-0.06018518518518512,0.6,0.4,0.19999999999999996,1,0,0.3969678582798774
1.2116788321167884,1.1111111111111112,0.4744525547445255,0.47474747474747475,0.10056772100567724,-0.00029492000294922827,-0.10853056108530557,0.4,0.6,-0.19999999999999996,1,0,0.44669897764997674
2.0652173913043477,1.0957446808510638,0.7934782608695652,0.40425531914893614,0.9694727104532839,0.38922294172062905,0.6225716928769658,1.0,0.6,0.4,1,1,0.7815276730843752
1.2777777777777777,1.3461538461538463,0.3333333333333333,0.3076923076923077,-0.06837606837606858,0.025641025641025605,0.4594017094017093,0.0,0.0,0.0,1,0,0.4913147554054021
1.5555555555555556,0.9841269841269841,0.4444444444444444,0.36507936507936506,0.5714285714285715,0.07936507936507936,0.04761904761904745,0.2,0.2,0.0,0,1,0.5937831683751099
1.253968253968254,2.04,0.4126984126984127,0.752,-0.7860317460317461,-0.3393015873015873,-0.596,0.4,0.8,-0.4,1,0,0.20354585204068376
2.232142857142857,1.3571428571428572,0.625,0.44642857142857145,0.875,0.17857142857142855,0.3035714285714286,0.8,0.8,0.0,1,1,0.7104931901777818
1.4090909090909092,0.7931034482758621,0.5,0.3103448275862069,0.6159874608150471,0.1896551724137931,0.5600835945663531,0.8,0.4,0.4,0,1,0.6877285409224364
1.6952380952380952,1.0476190476190477,0.6857142857142857,0.47619047619047616,0.6476190476190475,0.20952380952380956,-0.00952380952380949,0.8,0.2,0.6000000000000001,0,1,0.6537942166320881
1.2023346303501945,1.1434108527131783,0.5214007782101168,0.4844961240310077,0.05892377763701617,0.03690465417910904,0.03406931499411825,0.8,0.4,0.4,0,0,0.4957570957243304
1.971830985915493,1.1891891891891893,0.5211267605633803,0.43243243243243246,0.7826417967263037,0.0886943281309478,-0.1088694328130948,0.6,0.6,0.0,0,1,0.636156420986131
1.3925233644859814,1.0934579439252337,0.5794392523364486,0.4766355140186916,0.2990654205607477,0.10280373831775697,-0.01869158878504673,0.8,0.8,0.0,0,1,0.5292358002723048
1.5411764705882354,0.7777777777777778,0.6,0.3333333333333333,0.7633986928104576,0.26666666666666666,-0.5084967320261438,0.8,0.0,0.8,0,1,0.6370260802864611
1.481203007518797,1.4962406015037595,0.42105263157894735,0.48872180451127817,-0.015037593984962516,-0.06766917293233082,-0.23684210526315796,0.4,0.6,-0.19999999999999996,0,0,0.411890985222557
1.3709677419354838,2.0476190476190474,0.4838709677419355,0.746031746031746,-0.6766513056835637,-0.26216077828981055,-0.36610343061955963,0.4,1.0,-0.6,0,0,0.23655010191099943
1.0617283950617284,1.0097087378640777,0.30864197530864196,0.33980582524271846,0.05201965719765078,-0.031163849934076504,-0.1043988972791563,0.2,0.6,-0.39999999999999997,1,0,0.4187426389336856
1.3333333333333333,2.6666666666666665,0.1111111111111111,0.3333333333333333,-1.3333333333333333,-0.2222222222222222,-0.11111111111111116,0.0,0.0,0.0,0,0,0.19090431474496383
0.6470588235294118,1.0588235294117647,0.11764705882352941,0.35294117647058826,-0.4117647058823529,-0.23529411764705885,-0.3529411764705883,0.2,0.4,-0.2,1,0,0.2863081841061364
2.0961538461538463,0.8846153846153846,0.5961538461538461,0.28846153846153844,1.2115384615384617,0.3076923076923077,0.46153846153846145,0.2,0.2,0.0,1,1,0.7804604390559546
1.2272727272727273,0.9545454545454546,0.45454545454545453,0.3409090909090909,0.2727272727272727,0.11363636363636365,-0.045454545454545414,0.2,0.6,-0.39999999999999997,0,0,0.4891086944538561
1.5203252032520325,1.5591836734693878,0.6341463414634146,0.6530612244897959,-0.038858470217355334,-0.018914883026381224,-0.028621204579392767,0.8,0.4,0.4,1,0,0.4708813810336162
1.0869565217391304,1.2173913043478262,0.34782608695652173,0.2608695652173913,-0.1304347826086958,0.08695652173913043,0.5652173913043479,0.4,0.6,-0.19999999999999996,0,0,0.48167567524272553
1.0580204778156996,1.2086614173228347,0.44368600682593856,0.4015748031496063,-0.15064093950713509,0.042111203676332254,0.3049098384886191,0.4,0.4,0.0,1,0,0.4519609130684464
1.0961538461538463,1.7307692307692308,0.4230769230769231,0.6923076923076923,-0.6346153846153846,-0.2692307692307692,-0.3653846153846153,0.4,0.6,-0.19999999999999996,0,0,0.253990061928719
1.4285714285714286,2.1020408163265305,0.42857142857142855,0.7142857142857143,-0.6734693877551019,-0.28571428571428575,-0.7755102040816326,0.4,1.0,-0.6,0,0,0.20539885492873056
1.3428571428571427,1.2857142857142858,0.3142857142857143,0.37142857142857144,0.05714285714285694,-0.05714285714285716,-0.08571428571428585,0.2,0.8,-0.6000000000000001,1,0,0.417252779423217
1.6518987341772151,1.1209677419354838,0.5316455696202531,0.3951612903225806,0.5309309922417313,0.13648427929767248,0.016639444671294523,0.2,0.4,-0.2,0,1,0.5777064444478722
1.0106382978723405,1.3076923076923077,0.43617021276595747,0.5714285714285714,-0.2970540098199672,-0.13525835866261393,-0.06464811783960722,0.4,0.6,-0.19999999999999996,0,0,0.3516749592271981
1.532934131736527,1.072992700729927,0.6407185628742516,0.4306569343065693,0.4599414310066001,0.21006162856768223,0.5195157130993489,0.6,0.2,0.39999999999999997,0,1,0.6557377708484393
1.21875,0.9375,0.46875,0.34375,0.28125,0.125,0.015625,0.8,0.6,0.20000000000000007,1,1,0.5396704575441178
1.4,1.072,0.0,0.496,0.32799999999999985,-0.496,0.34399999999999986,0.0,0.4,-0.4,0,0,0.49659989977290947
1.4259259259259258,0.7592592592592593,0.6666666666666666,0.35185185185185186,0.6666666666666665,0.31481481481481477,0.37037037037037046,0.8,0.2,0.6000000000000001,1,1,0.6968936616602938
1.380952380952381,1.1818181818181819,0.2857142857142857,0.38181818181818183,0.19913419913419905,-0.09610389610389614,0.06233766233766236,0.4,0.4,0.0,1,0,0.49883762655589253
1.125,0.625,0.25,0.25,0.5,0.0,0.125,0.0,0.0,0.0,0,1,0.5671584399500843
1.3541666666666667,1.6458333333333333,0.3333333333333333,0.4166666666666667,-0.2916666666666665,-0.08333333333333337,-0.2916666666666665,0.6,1.0,-0.4,1,0,0.33802929246307906
2.16,1.32,0.62,0.36,0.8400000000000001,0.26,0.45999999999999996,0.2,0.6,-0.39999999999999997,0,1,0.6995603076411847
1.1965811965811965,1.9572649572649572,0.452991452991453,0.6410256410256411,-0.7606837606837606,-0.1880341880341881,-0.11111111111111094,0.8,0.4,0.4,0,0,0.29603546558806604
1.3575418994413408,1.106145251396648,0.4692737430167598,0.441340782122905,0.25139664804469275,0.027932960893854775,-0.05586592178770933,0.6,0.4,0.19999999999999996,0,1,0.5181768711388279
0.8,1.3,0.0,0.4,-0.5,-0.4,-0.7000000000000001,0.0,0.8,-0.8,0,0,0.20876990864136552
1.5867768595041323,1.0,0.7024793388429752,0.3770491803278688,0.5867768595041323,0.32543015851510637,0.3945264869258909,0.6,0.2,0.39999999999999997,1,1,0.6779762287258955
2.3675675675675674,1.3945945945945946,0.7783783783783784,0.4756756756756757,0.9729729729729728,0.3027027027027027,0.6594594594594594,1.0,0.4,0.6,1,1,0.7940828402459433
1.1091549295774648,1.2886178861788617,0.44366197183098594,0.5447154471544715,-0.179462956601397,-0.10105347532348558,-0.10609183556624302,0.6,0.8,-0.20000000000000007,1,0,0.3785377478151295
1.1682692307692308,1.6778846153846154,0.4855769230769231,0.6538461538461539,-0.5096153846153846,-0.16826923076923078,-0.3317307692307693,0.8,0.4,0.4,0,0,0.3202772203073727
1.0384615384615385,1.2115384615384615,0.4423076923076923,0.5192307692307693,-0.1730769230769229,-0.07692307692307698,0.09615384615384626,0.8,0.4,0.4,0,0,0.438218162259341
1.2666666666666666,1.7666666666666666,0.43333333333333335,0.5333333333333333,-0.5,-0.09999999999999998,0.16666666666666652,0.2,0.6,-0.39999999999999997,1,0,0.3356114937044453
0.84,2.015625,0.32,0.6875,-1.1756250000000001,-0.3675,-0.9612499999999999,0.4,0.8,-0.4,0,0,0.12748069758192826
1.0253164556962024,1.103896103896104,0.34177215189873417,0.48917748917748916,-0.07857964819990149,-0.147405337278755,-0.3954737245876485,0.4,0.2,0.2,1,0,0.38276239563396636
1.0555555555555556,1.9444444444444444,0.2222222222222222,0.5555555555555556,-0.8888888888888888,-0.33333333333333337,-0.6111111111111112,0.4,1.0,-0.6,0,0,0.1802270067898665
1.72,1.0566037735849056,0.44,0.4056603773584906,0.6633962264150943,0.034339622641509415,-0.25075471698113194,0.4,0.4,0.0,0,1,0.5827854118912635
1.736842105263158,1.1228070175438596,0.6754385964912281,0.45614035087719296,0.6140350877192984,0.2192982456140351,0.2894736842105262,0.6,0.8,-0.20000000000000007,0,1,0.6359607940549026
1.6962025316455696,1.5208333333333333,0.6075949367088608,0.4375,0.1753691983122363,0.17009493670886078,0.6149789029535866,0.4,0.4,0.0,0,1,0.5874364623824024
1.1467181467181466,1.0093457943925233,0.42857142857142855,0.24299065420560748,0.1373723523256234,0.18558077436582107,0.2591563526142966,0.4,0.2,0.2,0,1,0.537556823607194
0.7142857142857143,0.9523809523809523,0.2857142857142857,0.23809523809523808,-0.23809523809523803,0.047619047619047616,0.523809523809524,0.4,0.4,0.0,0,0,0.450315946922497
1.3546099290780143,2.5673758865248226,0.36879432624113473,0.75177304964539,-1.2127659574468084,-0.3829787234042553,-0.8156028368794326,0.6,0.8,-0.20000000000000007,0,0,0.1453062781160174
1.118279569892473,1.043010752688172,0.3870967741935484,0.3655913978494624,0.07526881720430101,0.021505376344086002,0.27956989247311825,0.6,0.2,0.39999999999999997,0,1,0.5236107424193234
1.2105263157894737,1.0153846153846153,0.42857142857142855,0.38461538461538464,0.19514170040485834,0.04395604395604391,-0.11023713128976298,0.6,0.4,0.19999999999999996,1,0,0.49740315814510405
1.1654135338345866,1.037593984962406,0.38345864661654133,0.40601503759398494,0.1278195488721805,-0.022556390977443608,-0.255639097744361,0.4,0.4,0.0,0,0,0.4455312464832053
0.9298245614035088,1.4678362573099415,0.3567251461988304,0.631578947368421,-0.5380116959064327,-0.27485380116959063,-0.7485380116959065,0.6,0.6,0.0,0,0,0.2431850470447665
1.103448275862069,1.1724137931034482,0.3103448275862069,0.41379310344827586,-0.06896551724137923,-0.10344827586206895,-0.48275862068965525,0.4,0.4,0.0,0,0,0.3716516087885188
1.6374269005847952,1.3625730994152048,0.6491228070175439,0.47953216374269003,0.27485380116959046,0.16959064327485385,0.32748538011695905,0.2,0.8,-0.6000000000000001,1,1,0.5362174761661976
0.2857142857142857,0.7142857142857143,0.14285714285714285,0.0,-0.4285714285714286,0.14285714285714285,-0.1428571428571428,0.0,0.0,0.0,1,0,0.33400297464520895
0.48484848484848486,0.9908256880733946,0.18181818181818182,0.3944954128440367,-0.5059772032249097,-0.2126772310258549,-0.615512927439533,0.4,0.4,0.0,0,0,0.25405549382899606
2.2,1.4,0.0,0.0,0.8000000000000003,0.0,1.6,0.0,0.0,0.0,0,1,0.7974145171352133
1.27,1.7352941176470589,0.4,0.5411764705882353,-0.46529411764705886,-0.14117647058823524,-0.17588235294117638,0.8,0.4,0.4,0,0,0.3518093817663505
1.1139240506329113,1.6495726495726495,0.4177215189873418,0.6410256410256411,-0.5356485989397382,-0.2233041220382993,0.00010818998160755378,0.6,0.4,0.19999999999999996,0,0,0.3312645837893492
1.2744360902255638,1.605263157894737,0.462406015037594,0.5488721804511278,-0.33082706766917314,-0.08646616541353386,-0.09398496240601517,0.2,0.8,-0.6000000000000001,0,0,0.3315074732118081
1.7692307692307692,1.5082872928176796,0.7032967032967034,0.5524861878453039,0.26094347641308957,0.15081051545139945,0.18180438346184202,1.0,0.6,0.4,0,1,0.5842774618170387
1.3553719008264462,1.1566265060240963,0.5867768595041323,0.3855421686746988,0.19874539480234987,0.20123469082943346,0.07149258189783914,0.4,0.2,0.2,1,1,0.5347047823089449
1.8571428571428572,1.1904761904761905,0.6190476190476191,0.2857142857142857,0.6666666666666667,0.33333333333333337,1.285714285714286,1.0,0.4,0.6,1,1,0.7909130356130931
1.411764705882353,1.0454545454545454,0.29411764705882354,0.4090909090909091,0.3663101604278076,-0.11497326203208558,-0.7315508021390371,0.2,0.6,-0.39999999999999997,0,0,0.41781917669151214
0.9708333333333333,2.191666666666667,0.35833333333333334,0.8166666666666667,-1.2208333333333337,-0.4583333333333333,-0.9916666666666666,0.2,0.8,-0.6000000000000001,0,0,0.11375645678908593
1.1491228070175439,1.3194444444444444,0.4473684210526316,0.4398148148148148,-0.17032163742690054,0.007553606237816757,0.17470760233918137,0.6,0.4,0.19999999999999996,1,0,0.4463084421596442
0.9562043795620438,1.3795620437956204,0.32116788321167883,0.5401459854014599,-0.42335766423357657,-0.21897810218978103,-0.5547445255474452,0.2,0.4,-0.2,0,0,0.2723397402201144
1.328,1.5153374233128833,0.584,0.588957055214724,-0.18733742331288328,-0.004957055214724004,-0.0026503067484662246,0.6,0.8,-0.20000000000000007,0,0,0.40199567019510907
2.0070671378091873,1.0706713780918728,0.696113074204947,0.38162544169611307,0.9363957597173145,0.3144876325088339,0.4487632508833921,0.4,0.4,0.0,1,1,0.7347076395580106
1.5,1.1111111111111112,0.3888888888888889,0.2222222222222222,0.38888888888888884,0.16666666666666669,0.0,0.4,0.2,0.2,1,1,0.5721632454485629
1.2727272727272727,1.4545454545454546,0.4743083003952569,0.5177865612648221,-0.18181818181818188,-0.043478260869565244,-0.09881422924901195,0.6,0.4,0.19999999999999996,0,0,0.41187864796714335
1.7222222222222223,1.5555555555555556,0.6481481481481481,0.5740740740740741,0.16666666666666674,0.07407407407407407,0.2592592592592594,0.8,0.4,0.4,1,1,0.5632840828284948
1.2222222222222223,1.9473684210526316,0.4444444444444444,0.6842105263157895,-0.7251461988304093,-0.23976608187134507,-0.08479532163742687,0.6,0.8,-0.20000000000000007,0,0,0.2708361893297135
0.8090909090909091,1.52,0.36363636363636365,0.65,-0.7109090909090909,-0.2863636363636364,-0.4795454545454545,0.4,0.8,-0.4,0,0,0.21692909917370934
0.375,1.0571428571428572,0.125,0.34285714285714286,-0.6821428571428572,-0.21785714285714286,-0.7928571428571429,0.0,0.6,-0.6,0,0,0.1857843680098792
1.206896551724138,0.9090909090909091,0.42528735632183906,0.09090909090909091,0.29780564263322884,0.3343782654127482,0.49320794148380354,0.6,0.2,0.39999999999999997,1,1,0.626757350541811
1.7767857142857142,1.8125,0.5357142857142857,0.6339285714285714,-0.03571428571428581,-0.0982142857142857,-0.4821428571428572,0.8,0.8,0.0,1,0,0.40041444119132824
1.6753731343283582,1.3722943722943723,0.6492537313432836,0.48917748917748916,0.30307876203398587,0.1600762421657944,0.4229017251405309,0.6,0.8,-0.20000000000000007,1,1,0.5803467574345753
1.1520912547528517,1.213740458015267,0.41064638783269963,0.4351145038167939,-0.06164920326241541,-0.024468115984094263,-0.08961483760485289,0.4,0.6,-0.19999999999999996,0,0,0.41195025044218586
2.6540880503144653,1.2857142857142858,0.7672955974842768,0.14285714285714285,1.3683737646001795,0.624438454627134,0.1428571428571428,0.8,0.0,0.8,1,1,0.8404445497369668
1.75,1.375,0.5625,0.5625,0.375,0.0,0.3125,0.6,0.8,-0.20000000000000007,1,1,0.5712760359970787
1.2142857142857142,1.1590909090909092,0.4107142857142857,0.48295454545454547,0.05519480519480502,-0.07224025974025977,-0.12662337662337664,0.8,0.8,0.0,1,0,0.4448370278987175
1.5833333333333333,1.2083333333333333,0.5476190476190477,0.4523809523809524,0.375,0.09523809523809529,0.33333333333333326,0.8,0.4,0.4,0,1,0.6137247865648103
1.49609375,0.9,0.4140625,0.2916666666666667,0.59609375,0.12239583333333331,0.1768229166666666,0.2,0.4,-0.2,1,1,0.6045085792506835
1.0681818181818181,1.2426470588235294,0.29545454545454547,0.5294117647058824,-0.17446524064171132,-0.2339572192513369,-0.6009358288770055,0.0,0.8,-0.8,0,0,0.2828595174516286
0.9640287769784173,1.316546762589928,0.3237410071942446,0.4748201438848921,-0.3525179856115108,-0.1510791366906475,-0.39568345323741005,0.2,0.2,0.0,0,0,0.3155906406837797
1.0684931506849316,1.1081081081081081,0.4657534246575342,0.40540540540540543,-0.039614957423176556,0.06034801925212879,0.13272861902998878,0.6,0.4,0.19999999999999996,1,0,0.4712784174601287
0.8333333333333334,2.6666666666666665,0.0,0.16666666666666666,-1.833333333333333,-0.16666666666666666,0.16666666666666674,0.0,0.0,0.0,0,0,0.14436947490021934
1.1585365853658536,1.3706896551724137,0.3902439024390244,0.4224137931034483,-0.21215306980656012,-0.032169890664423884,0.054878048780487854,0.4,0.2,0.2,0,0,0.41974399961199044
1.3449781659388647,1.0612244897959184,0.5414847161572053,0.3877551020408163,0.2837536761429462,0.15372961411638897,0.13296497638356652,0.2,0.2,0.0,1,1,0.5416930102053028
1.1323529411764706,1.6886792452830188,0.3235294117647059,0.5943396226415094,-0.5563263041065483,-0.2708102108768035,-0.8842952275249722,0.4,0.6,-0.19999999999999996,1,0,0.22528497239022796
1.7222222222222223,0.7777777777777778,0.6111111111111112,0.16666666666666666,0.9444444444444445,0.44444444444444453,0.7222222222222221,1.0,0.2,0.8,1,1,0.7995360991972581
1.462686567164179,0.9253731343283582,0.4626865671641791,0.3582089552238806,0.5373134328358209,0.10447761194029853,-0.25373134328358216,0.6,0.4,0.19999999999999996,0,1,0.5675132868732622
1.4448818897637796,0.9375,0.49606299212598426,0.25,0.5073818897637796,0.24606299212598426,0.03198818897637801,0.6,0.2,0.39999999999999997,1,1,0.6169615421278483
1.0526315789473684,1.118421052631579,0.3157894736842105,0.4473684210526316,-0.06578947368421062,-0.13157894736842107,-0.4078947368421053,0.2,0.4,-0.2,0,0,0.3629918993894164
1.1444444444444444,2.6626506024096384,0.34444444444444444,0.7710843373493976,-1.518206157965194,-0.4266398929049532,-0.5240963855421686,0.6,0.8,-0.20000000000000007,0,0,0.12529011696048079
1.7837837837837838,1.135135135135135,0.6486486486486487,0.40540540540540543,0.6486486486486487,0.24324324324324326,0.4054054054054055,0.6,0.4,0.19999999999999996,1,1,0.6798847579759295
1.3333333333333333,1.0,0.3333333333333333,0.16666666666666666,0.33333333333333326,0.16666666666666666,0.25,0.4,0.2,0.2,1,1,0.5839782510168069
1.0442477876106195,0.9734513274336283,0.415929203539823,0.35398230088495575,0.07079646017699126,0.06194690265486724,0.3097345132743363,0.8,0.6,0.20000000000000007,0,1,0.5172297765683244
1.1666666666666667,1.462962962962963,0.3888888888888889,0.5601851851851852,-0.2962962962962963,-0.17129629629629634,-0.09259259259259256,0.4,0.8,-0.4,0,0,0.34075566216486447
1.1822033898305084,2.288135593220339,0.4533898305084746,0.788135593220339,-1.1059322033898307,-0.3347457627118644,-0.6483050847457628,0.6,0.8,-0.20000000000000007,0,0,0.16571366818970593
1.0,1.1784232365145229,0.4117647058823529,0.44398340248962653,-0.17842323651452285,-0.03221869660727361,0.0672850052884224,0.6,0.4,0.19999999999999996,0,0,0.42417485471010125
1.4230769230769231,1.0785714285714285,0.4230769230769231,0.4357142857142857,0.3445054945054946,-0.012637362637362648,-0.10879120879120885,0.8,0.0,0.8,0,1,0.5679583068914419
2.1818181818181817,1.896103896103896,0.6493506493506493,0.5454545454545454,0.2857142857142856,0.10389610389610393,0.05194805194805174,0.2,0.4,-0.2,1,1,0.5429063123265182
1.1806167400881058,1.2,0.46255506607929514,0.44,-0.019383259911894157,0.02255506607929514,0.09155163974547231,0.4,0.0,0.4,0,0,0.480793525060332
1.5128205128205128,1.2692307692307692,0.5128205128205128,0.32051282051282054,0.2435897435897436,0.19230769230769224,0.5384615384615385,0.6,0.8,-0.20000000000000007,1,1,0.5814043598470751
1.5686274509803921,1.5392156862745099,0.5490196078431373,0.49019607843137253,0.02941176470588225,0.058823529411764774,0.05882352941176472,0.4,0.6,-0.19999999999999996,0,0,0.4674960602123006
2.3370165745856353,1.0379746835443038,0.7734806629834254,0.379746835443038,1.2990418910413315,0.39373382754038744,0.6350094412196658,1.0,0.2,0.8,1,1,0.8450109432107893
2.4193548387096775,1.7972350230414746,0.7926267281105991,0.5944700460829493,0.6221198156682028,0.1981566820276498,0.41474654377880193,1.0,0.6,0.4,1,1,0.7018422378563697
1.94,1.0,0.66,0.25,0.94,0.41000000000000003,1.1933333333333334,0.8,0.4,0.4,1,1,0.8182803582853663
0.9896907216494846,1.0721649484536082,0.35051546391752575,0.422680412371134,-0.08247422680412364,-0.07216494845360827,-0.134020618556701,0.2,0.2,0.0,1,0,0.40331007406679675
1.3,1.4102564102564104,0.475,0.4358974358974359,-0.11025641025641031,0.039102564102564075,0.12243589743589745,1.0,0.4,0.6,0,0,0.48833252163590113
1.4102564102564104,1.435897435897436,0.4358974358974359,0.391025641025641,-0.02564102564102555,0.04487179487179488,-0.21153846153846145,0.4,0.2,0.2,1,0,0.4441596425151797
1.088235294117647,1.1470588235294117,0.5588235294117647,0.3235294117647059,-0.05882352941176472,0.23529411764705882,0.47058823529411775,0.4,0.4,0.0,1,1,0.50861258029706
1.4290909090909092,0.8350515463917526,0.4763636363636364,0.23711340206185566,0.5940393626991566,0.23925023430178072,0.45994376757263367,0.4,0.0,0.4,1,1,0.6757955222117559
1.4465116279069767,1.108910891089109,0.5302325581395348,0.33663366336633666,0.33760073681786773,0.1935988947731982,0.017959935528436555,0.6,0.8,-0.20000000000000007,1,1,0.5400110828762738
1.4970059880239521,1.3652694610778444,0.5149700598802395,0.46706586826347307,0.1317365269461077,0.0479041916167664,0.119760479041916,0.4,0.6,-0.19999999999999996,0,0,0.49322843021650187
1.0344827586206897,1.368421052631579,0.29310344827586204,0.40350877192982454,-0.33393829401088926,-0.1104053236539625,-0.6324863883847549,0.4,0.8,-0.4,0,0,0.2841655419331979
2.3301435406698565,1.2820512820512822,0.7033492822966507,0.48717948717948717,1.0480922586185744,0.21616979511716355,0.2762851183903816,0.8,0.8,0.0,1,1,0.741679508474906
0.92,1.537117903930131,0.28,0.42358078602620086,-0.617117903930131,-0.14358078602620084,-0.41484716157205237,0.2,0.8,-0.6000000000000001,0,0,0.24077364515078167
0.896551724137931,1.4880952380952381,0.29310344827586204,0.4801587301587302,-0.5915435139573071,-0.18705528188286813,-0.41776135741652975,0.2,0.6,-0.39999999999999997,0,0,0.24916495224489335
0.8333333333333334,1.5975609756097562,0.0,0.5609756097560976,-0.7642276422764228,-0.5609756097560976,0.4024390243902438,0.0,1.0,-1.0,0,0,0.23837771980973155
1.1409691629955947,1.145374449339207,0.3744493392070485,0.4052863436123348,-0.004405286343612369,-0.030837004405286306,0.013215859030837107,0.0,0.2,-0.2,0,0,0.43114512127337296
1.5116279069767442,1.0,0.4418604651162791,0.3953488372093023,0.5116279069767442,0.04651162790697677,-0.046511627906976605,0.6,0.8,-0.20000000000000007,1,1,0.5584916876769308
1.1906779661016949,1.728813559322034,0.4322033898305085,0.6186440677966102,-0.5381355932203391,-0.1864406779661017,-0.24152542372881358,0.4,0.6,-0.19999999999999996,0,0,0.29057206767203597
1.4444444444444444,0.9651162790697675,0.5614035087719298,0.3372093023255814,0.47932816537467693,0.2241942064463484,0.09700122399020805,0.2,0.6,-0.39999999999999997,0,1,0.5654889113636508
0.6666666666666666,1.3478260869565217,0.13333333333333333,0.44565217391304346,-0.6811594202898551,-0.31231884057971016,0.0036231884057971175,0.4,0.6,-0.19999999999999996,1,0,0.2686478435357227
1.4637096774193548,1.3508064516129032,0.5201612903225806,0.5201612903225806,0.11290322580645151,0.0,-0.06451612903225801,0.4,0.4,0.0,0,0,0.47382982161130566
1.1590909090909092,1.25,0.38636363636363635,0.4772727272727273,-0.09090909090909083,-0.09090909090909094,-0.5681818181818181,0.4,0.6,-0.19999999999999996,1,0,0.34898190776216853
1.9166666666666667,1.2348484848484849,0.6363636363636364,0.49242424242424243,0.6818181818181819,0.14393939393939392,0.06060606060606055,0.6,0.6,0.0,0,1,0.6354485990143485
1.3350785340314135,1.0209424083769634,0.5026178010471204,0.4293193717277487,0.31413612565445015,0.0732984293193717,-0.10994764397905765,0.6,0.8,-0.20000000000000007,0,1,0.5048825960981843
1.4794520547945205,0.9090909090909091,0.4931506849315068,0.18181818181818182,0.5703611457036114,0.311332503113325,0.5342465753424657,1.0,0.2,0.8,1,1,0.7112578393255723
2.2442396313364057,0.8582677165354331,0.783410138248848,0.3779527559055118,1.3859719148009726,0.40545738234333617,0.5611234079611017,0.8,0.4,0.4,1,1,0.8354533669236566
2.271551724137931,0.9390243902439024,0.7887931034482759,0.4024390243902439,1.3325273338940287,0.386354079058032,0.6194280908326324,1.0,0.8,0.19999999999999996,1,1,0.8266773638339588
2.3684210526315788,2.3157894736842106,0.5789473684210527,0.631578947368421,0.05263157894736814,-0.05263157894736836,0.10526315789473684,0.8,0.6,0.20000000000000007,0,1,0.5211062498611557
2.246376811594203,1.3076923076923077,0.7246376811594203,0.5,0.9386845039018954,0.2246376811594203,0.3029542920847269,0.8,0.6,0.20000000000000007,1,1,0.7332456902106653
0.9739130434782609,1.017467248908297,0.3130434782608696,0.4104803493449782,-0.043554205430036075,-0.09743687108410859,-0.3507879248148851,0.4,0.6,-0.19999999999999996,0,0,0.37604921193675395
1.638655462184874,1.5210084033613445,0.5378151260504201,0.44537815126050423,0.11764705882352944,0.09243697478991592,0.16806722689075637,0.6,0.2,0.39999999999999997,1,1,0.542042042460588
1.6106194690265487,1.0442477876106195,0.7168141592920354,0.3805309734513274,0.5663716814159292,0.336283185840708,0.513274336283186,1.0,0.4,0.6,1,1,0.700757047550921
1.3666666666666667,1.3133333333333332,0.48,0.44666666666666666,0.053333333333333455,0.033333333333333326,-0.040000000000000036,0.6,0.2,0.39999999999999997,0,0,0.49040174568750344
1.1666666666666667,0.9215686274509803,0.3787878787878788,0.3843137254901961,0.2450980392156864,-0.005525846702317316,-0.5228163992869874,0.2,0.4,-0.2,1,0,0.42831459102534125
1.2727272727272727,1.8181818181818181,0.2727272727272727,0.5454545454545454,-0.5454545454545454,-0.2727272727272727,-1.0,0.6,1.0,-0.4,1,0,0.21502300099434377
1.3866666666666667,1.7933333333333332,0.47333333333333333,0.64,-0.4066666666666665,-0.16666666666666669,-0.27333333333333343,0.4,0.6,-0.19999999999999996,1,0,0.3178835943266871
0.8888888888888888,1.0,0.3888888888888889,0.38461538461538464,-0.11111111111111116,0.004273504273504258,0.3547008547008548,0.6,0.0,0.6,1,0,0.4946270801830387
0.8888888888888888,1.4444444444444444,0.1111111111111111,0.0,-0.5555555555555556,0.1111111111111111,0.7777777777777779,0.0,0.0,0.0,0,0,0.4247242795964374
1.46875,1.65625,0.375,0.5,-0.1875,-0.125,-0.1875,0.2,0.6,-0.39999999999999997,0,0,0.36437808412531314
2.284518828451883,0.84,0.7907949790794979,0.16,1.444518828451883,0.6307949790794979,0.9626778242677824,0.8,0.2,0.6000000000000001,1,1,0.881048826682332
1.4093264248704662,1.6062176165803108,0.5699481865284974,0.6476683937823834,-0.1968911917098446,-0.07772020725388595,-0.36787564766839376,1.0,1.0,0.0,0,0,0.3713589888824894
1.9597069597069596,1.3801652892561984,0.6959706959706959,0.48760330578512395,0.5795416704507612,0.208367390185572,0.31837859110586375,0.6,0.6,0.0,0,1,0.6488345809823914
1.25,1.48,0.3333333333333333,0.46,-0.22999999999999998,-0.1266666666666667,-0.8833333333333335,0.6,0.8,-0.20000000000000007,0,0,0.294191974569996
1.0535714285714286,1.4181818181818182,0.3392857142857143,0.45454545454545453,-0.3646103896103896,-0.11525974025974023,-0.22792207792207786,0.0,0.2,-0.2,0,0,0.32367281232662193
1.2857142857142858,1.3058823529411765,0.453416149068323,0.3764705882352941,-0.020168067226890685,0.07694556083302889,0.08417975886006568,0.6,0.6,0.0,0,0,0.46763198240663223
1.4,1.2291666666666667,0.0,0.375,0.17083333333333317,-0.375,-1.445833333333333,0.0,0.2,-0.2,0,0,0.295710373053555
1.3333333333333333,1.5,0.0,0.0,-0.16666666666666674,0.0,-0.33333333333333337,0.0,0.0,0.0,1,0,0.38824183687644725
1.7608695652173914,1.583941605839416,0.6884057971014492,0.5912408759124088,0.17692795937797534,0.09716492118904041,0.2617687506611657,0.6,0.8,-0.20000000000000007,0,1,0.5315468442692887
1.1666666666666667,1.3333333333333333,0.2777777777777778,0.4444444444444444,-0.16666666666666652,-0.16666666666666663,-1.2222222222222219,0.4,0.6,-0.19999999999999996,1,0,0.2675033437007369
1.337837837837838,1.259090909090909,0.4391891891891892,0.4818181818181818,0.0787469287469289,-0.04262899262899261,0.029975429975430012,0.6,0.6,0.0,1,0,0.4722982102326216
1.1142857142857143,1.9714285714285715,0.45714285714285713,0.6285714285714286,-0.8571428571428572,-0.17142857142857143,-0.34285714285714275,0.6,0.8,-0.20000000000000007,0,0,0.2299673136114417
0.8823529411764706,2.2705882352941176,0.29411764705882354,0.7176470588235294,-1.388235294117647,-0.4235294117647059,-0.8431372549019609,0.4,0.8,-0.4,0,0,0.11256513258261498
1.11,1.5841584158415842,0.42,0.5544554455445545,-0.47415841584158414,-0.13445544554455452,-0.19306930693069302,0.6,0.6,0.0,1,0,0.3208122313600799
1.2608695652173914,0.8695652173913043,0.34782608695652173,0.21739130434782608,0.39130434782608703,0.13043478260869565,-0.0869565217391306,0.0,0.4,-0.4,0,1,0.5127241762025732
0.9020979020979021,1.0,0.4195804195804196,0.3448275862068966,-0.09790209790209792,0.07475283337352301,-0.15384615384615374,0.6,0.2,0.39999999999999997,1,0,0.4349593956880307
1.3416666666666666,1.1395348837209303,0.43333333333333335,0.37209302325581395,0.2021317829457363,0.0612403100775194,-0.18507751937984485,0.6,0.6,0.0,1,0,0.48480016762106937
1.0061728395061729,1.2654320987654322,0.3765432098765432,0.4567901234567901,-0.2592592592592593,-0.08024691358024688,-0.006172839506172867,0.6,0.4,0.19999999999999996,0,0,0.39564169045030306
1.34375,0.96875,0.53125,0.28125,0.375,0.25,0.09375,0.4,0.2,0.2,0,1,0.579790234185311
0.9444444444444444,1.3888888888888888,0.36507936507936506,0.4722222222222222,-0.4444444444444444,-0.10714285714285715,0.04365079365079372,0.6,0.2,0.39999999999999997,1,0,0.3706097366166979
1.2137931034482758,1.1885714285714286,0.4,0.4228571428571429,0.025221674876847233,-0.022857142857142854,-0.006305418719211753,0.4,0.6,-0.19999999999999996,1,0,0.4417866106455921
1.7297297297297298,1.0,0.5945945945945946,0.3783783783783784,0.7297297297297298,0.21621621621621623,0.40540540540540526,0.8,0.6,0.20000000000000007,1,1,0.6933688789637946
1.4318181818181819,1.6363636363636365,0.4318181818181818,0.4772727272727273,-0.20454545454545459,-0.04545454545454547,0.09090909090909083,0.6,0.8,-0.20000000000000007,0,0,0.4114001902225316
1.0666666666666667,0.7,0.36666666666666664,0.2,0.3666666666666667,0.16666666666666663,-0.06666666666666665,0.6,0.2,0.39999999999999997,1,1,0.5591557279020055
0.9655172413793104,1.5263157894736843,0.3563218390804598,0.5263157894736842,-0.5607985480943739,-0.1699939503932244,-0.42952208106473067,0.2,0.8,-0.6000000000000001,0,0,0.24633227095250979
1.2926829268292683,2.8048780487804876,0.36585365853658536,0.7317073170731707,-1.5121951219512193,-0.36585365853658536,-0.41463414634146345,0.6,0.8,-0.20000000000000007,0,0,0.13653730241959539
1.2622222222222221,1.018018018018018,0.44,0.36036036036036034,0.24420420420420408,0.07963963963963966,0.3103903903903904,0.6,0.0,0.6,1,1,0.583861952411177
1.5422535211267605,1.7746478873239437,0.5211267605633803,0.5422535211267606,-0.23239436619718323,-0.021126760563380365,-0.16901408450704225,0.8,0.4,0.4,0,0,0.41744239641341885
1.1111111111111112,1.2545454545454546,0.35185185185185186,0.38181818181818183,-0.14343434343434347,-0.029966329966329974,-0.09730639730639723,0.2,0.8,-0.6000000000000001,0,0,0.3695612496305435
1.1297709923664123,1.103448275862069,0.2748091603053435,0.3448275862068966,0.02632271650434337,-0.07001842590155305,-0.4595946301658329,0.0,0.4,-0.4,0,0,0.3720577983860306
1.6292134831460674,1.2152777777777777,0.4606741573033708,0.4166666666666667,0.4139357053682897,0.044007490636704116,-0.029026217228464546,0.4,0.0,0.4,0,1,0.5762998514924389
1.1642857142857144,1.088235294117647,0.5214285714285715,0.4,0.0760504201680674,0.12142857142857144,0.10294117647058831,0.6,0.4,0.19999999999999996,0,1,0.5008155487148486
1.0612244897959184,1.2666666666666666,0.35714285714285715,0.3333333333333333,-0.20544217687074817,0.023809523809523836,-0.09829931972789119,0.4,0.2,0.2,0,0,0.4071027249905292
1.0166666666666666,1.45,0.3416666666666667,0.50625,-0.43333333333333335,-0.1645833333333333,0.07291666666666674,0.4,0.4,0.0,0,0,0.34966759961839
1.1940298507462686,1.9223300970873787,0.3283582089552239,0.5922330097087378,-0.7283002463411101,-0.26387480075351394,-0.3997971308506012,0.4,1.0,-0.6,0,0,0.22388700592282682
1.441747572815534,1.0965909090909092,0.5,0.3977272727272727,0.34515666372462483,0.10227272727272729,0.13735657546337143,0.6,0.6,0.0,0,1,0.5579930131375572
2.2545454545454544,1.5656108597285068,0.7818181818181819,0.669683257918552,0.6889345948169476,0.11213492389962987,0.10966680378445082,0.6,1.0,-0.4,0,1,0.6251788508990194
1.0625,1.575,0.3875,0.5875,-0.5125,-0.2,-0.2749999999999999,0.4,0.2,0.2,1,0,0.3075858807573665
1.6196319018404908,1.098159509202454,0.5644171779141104,0.4294478527607362,0.5214723926380367,0.13496932515337418,0.17791411042944794,0.6,0.6,0.0,1,1,0.6068344652285861
1.6144578313253013,1.3203125,0.608433734939759,0.5859375,0.2941453313253013,0.022496234939759052,0.012518825301204739,0.8,0.8,0.0,1,1,0.5306675400273615
1.12987012987013,1.1428571428571428,0.44805194805194803,0.5,-0.01298701298701288,-0.051948051948051965,-0.1428571428571428,0.2,0.6,-0.39999999999999997,0,0,0.3985475067465768
2.5085714285714285,1.4102564102564104,0.76,0.41025641025641024,1.098315018315018,0.34974358974358977,0.5642490842490842,0.8,0.8,0.0,1,1,0.7864628637909328
0.851063829787234,1.065326633165829,0.3829787234042553,0.48743718592964824,-0.21426280337859505,-0.10445846252539293,-0.06650272639794708,0.6,0.6,0.0,0,0,0.3793393057423414
0.9657142857142857,1.1073170731707318,0.38857142857142857,0.424390243902439,-0.14160278745644606,-0.035818815331010445,-0.17477351916376316,0.4,0.8,-0.4,1,0,0.3684885116857899
1.0,0.7272727272727273,0.18181818181818182,0.18181818181818182,0.2727272727272727,0.0,-0.18181818181818188,0.4,0.2,0.2,0,0,0.4971075489317916
1.2564102564102564,1.7682403433476395,0.47435897435897434,0.703862660944206,-0.5118300869373831,-0.22950368658523168,-0.4876196764608781,0.6,1.0,-0.4,1,0,0.26230407992312754
0.8305084745762712,1.175,0.3305084745762712,0.4125,-0.34449152542372885,-0.08199152542372878,0.13559322033898313,0.6,0.2,0.39999999999999997,1,0,0.400006522620029
1.44,1.68,0.52,0.52,-0.24,0.0,0.2533333333333334,0.2,0.2,0.0,0,0,0.432814456535395
0.9247311827956989,1.1290322580645162,0.27956989247311825,0.4946236559139785,-0.20430107526881736,-0.21505376344086025,-0.3440860215053765,0.4,0.8,-0.4,0,0,0.32318723140033023
2.148936170212766,1.1063829787234043,0.7021276595744681,0.39361702127659576,1.0425531914893618,0.30851063829787234,0.4042553191489362,0.8,0.6,0.20000000000000007,1,1,0.762828823018855
2.240740740740741,0.9545454545454546,0.7824074074074074,0.3333333333333333,1.2861952861952863,0.4490740740740741,0.7058080808080809,0.8,0.4,0.4,1,1,0.835294011732964
1.223463687150838,1.3276836158192091,0.4245810055865922,0.5310734463276836,-0.10421992866837115,-0.10649244074109143,-0.25540510683963014,0.8,0.8,0.0,1,0,0.39421194240442586
2.236842105263158,1.605263157894737,0.6710526315789473,0.5263157894736842,0.631578947368421,0.14473684210526316,0.381578947368421,0.8,0.8,0.0,0,1,0.6703212688375151
1.175,1.6140350877192982,0.425,0.5745614035087719,-0.4390350877192981,-0.14956140350877195,-0.362609649122807,0.6,0.4,0.19999999999999996,0,0,0.32125777522506593
0.875,1.21875,0.34375,0.3125,-0.34375,0.03125,0.09375,0.0,0.8,-0.8,0,0,0.3364384491615958
0.9285714285714286,1.2816901408450705,0.32142857142857145,0.4225352112676056,-0.3531187122736419,-0.10110663983903417,0.5372233400402413,0.2,0.6,-0.39999999999999997,0,0,0.39480166844272796
1.0991735537190082,0.875,0.4214876033057851,0.3671875,0.22417355371900816,0.05430010330578511,0.10879390495867769,0.2,0.2,0.0,1,1,0.5101575806536189
1.2432432432432432,1.2972972972972974,0.2972972972972973,0.3918918918918919,-0.05405405405405417,-0.09459459459459457,-0.28378378378378377,0.4,0.2,0.2,1,0,0.41335224239507956
1.0136986301369864,1.2072072072072073,0.410958904109589,0.3963963963963964,-0.19350857707022096,0.014562507713192618,0.2042453412316425,0.0,0.6,-0.6,1,0,0.3900392064571393
1.3741496598639455,1.2448979591836735,0.4897959183673469,0.4217687074829932,0.12925170068027203,0.0680272108843537,-0.08843537414965996,0.2,0.2,0.0,1,0,0.4770726399586967
1.671875,1.0714285714285714,0.578125,0.14285714285714285,0.6004464285714286,0.43526785714285715,0.8560267857142858,0.4,0.2,0.2,1,1,0.7269643814268002
1.2718446601941749,1.3372093023255813,0.39805825242718446,0.5,-0.06536464213140647,-0.10194174757281554,-0.1734025739444569,0.6,0.6,0.0,1,0,0.4118814687050846
0.968503937007874,1.9606299212598426,0.33070866141732286,0.6456692913385826,-0.9921259842519686,-0.3149606299212598,-0.5118110236220472,0.2,0.8,-0.6000000000000001,0,0,0.1709607507322959
1.1675392670157068,1.2260869565217392,0.450261780104712,0.41739130434782606,-0.058547689506032397,0.03287047575688595,0.08577282039608458,0.6,0.6,0.0,1,0,0.4512015672632396
1.25,1.2894736842105263,0.40131578947368424,0.39473684210526316,-0.03947368421052633,0.006578947368421073,-0.046052631578947345,0.2,0.4,-0.2,0,0,0.4260802934268111
1.2921348314606742,2.1102362204724407,0.4044943820224719,0.6850393700787402,-0.8181013890117665,-0.28054498805626826,-0.6035565778996727,0.8,0.4,0.4,0,0,0.23860487102725456
1.1666666666666667,2.2777777777777777,0.3333333333333333,0.6111111111111112,-1.111111111111111,-0.27777777777777785,-0.4444444444444444,0.2,0.6,-0.39999999999999997,0,0,0.17376492657605974
1.9857142857142858,0.9827586206896551,0.6523809523809524,0.3275862068965517,1.0029556650246305,0.3247947454844007,0.44269293924466346,0.8,0.2,0.6000000000000001,1,1,0.7746310651513376
1.6884615384615385,1.2895752895752897,0.6307692307692307,0.47876447876447875,0.3988862488862488,0.152004752004752,0.16679536679536677,0.6,0.8,-0.20000000000000007,1,1,0.5716652672302326
1.5566037735849056,0.9736842105263158,0.6132075471698113,0.39473684210526316,0.5829195630585898,0.21847070506454813,0.6551638530287984,0.4,0.2,0.2,1,1,0.6823834928608612
1.162162162162162,1.7027027027027026,0.35135135135135137,0.5135135135135135,-0.5405405405405406,-0.16216216216216212,-0.5675675675675675,0.4,0.6,-0.19999999999999996,0,0,0.26293914472107394
1.7936507936507937,1.328125,0.6507936507936508,0.453125,0.4655257936507937,0.1976686507936508,0.18774801587301593,0.8,0.4,0.4,0,1,0.6308700394432216
1.1402439024390243,1.1336633663366336,0.49390243902439024,0.41089108910891087,0.006580536102390733,0.08301134991547937,0.1292562183047572,0.6,0.4,0.19999999999999996,1,0,0.48489052211744277
1.6956521739130435,1.4021739130434783,0.5108695652173914,0.532608695652174,0.2934782608695652,-0.021739130434782594,-0.39130434782608714,0.4,0.4,0.0,1,0,0.48090265466366583
1.4193548387096775,2.0317460317460316,0.5,0.6984126984126984,-0.6123911930363541,-0.19841269841269837,-0.46287762416794687,0.8,1.0,-0.19999999999999996,1,0,0.265086578834272
1.954225352112676,1.926056338028169,0.7535211267605634,0.6830985915492958,0.028169014084507005,0.07042253521126762,0.0035211267605633756,0.2,0.4,-0.2,0,0,0.4692638877165649
1.0434782608695652,1.2391304347826086,0.5,0.5217391304347826,-0.19565217391304346,-0.021739130434782594,0.26086956521739124,0.8,0.6,0.20000000000000007,0,0,0.4449464677298209
0.9090909090909091,1.3232323232323233,0.3333333333333333,0.46464646464646464,-0.41414141414141425,-0.13131313131313133,-0.3535353535353536,0.2,0.6,-0.39999999999999997,0,0,0.2886489688014651
1.652542372881356,1.847457627118644,0.5254237288135594,0.6271186440677966,-0.19491525423728806,-0.10169491525423724,0.0,0.4,1.0,-0.6,1,0,0.37897199508007573
1.5025641025641026,1.3209876543209877,0.5128205128205128,0.3950617283950617,0.1815764482431148,0.11775878442545107,0.5751187084520419,0.2,0.0,0.2,1,1,0.5840194691620699
1.2835820895522387,1.8432835820895523,0.4253731343283582,0.6567164179104478,-0.5597014925373136,-0.23134328358208955,-0.4776119402985075,0.4,0.4,0.0,0,0,0.27360934607609644
1.0357142857142858,1.2312925170068028,0.35714285714285715,0.5238095238095238,-0.19557823129251695,-0.16666666666666669,0.05612244897959173,0.2,0.6,-0.39999999999999997,0,0,0.37096395710057145
1.1363636363636365,1.0454545454545454,0.36363636363636365,0.2727272727272727,0.09090909090909105,0.09090909090909094,0.13636363636363624,0.8,0.0,0.8,0,1,0.5442802669932283
1.2990654205607477,1.0742857142857143,0.514018691588785,0.4,0.2247797062750334,0.11401869158878497,0.14659546061415218,0.6,0.6,0.0,0,1,0.5296443061512222
1.320754716981132,1.368421052631579,0.37735849056603776,0.2631578947368421,-0.04766633565044698,0.11420059582919567,-0.14498510427010936,0.2,0.4,-0.2,1,0,0.4270262162662096
1.3175675675675675,1.6397849462365592,0.42567567567567566,0.553763440860215,-0.3222173786689917,-0.12808776518453935,-0.5230310956117408,0.4,0.4,0.0,0,0,0.32114999297659724
1.5797101449275361,1.0724637681159421,0.6376811594202898,0.391304347826087,0.507246376811594,0.24637681159420283,0.4492753623188407,0.2,0.8,-0.6000000000000001,1,1,0.6040588218862778
1.5486111111111112,1.0416666666666667,0.6388888888888888,0.3958333333333333,0.5069444444444444,0.24305555555555552,0.42361111111111116,1.0,0.2,0.8,1,1,0.6827523406261335
1.587837837837838,1.4,0.5675675675675675,0.4727272727272727,0.18783783783783803,0.09484029484029483,0.13673218673218668,0.6,0.0,0.6,0,1,0.5627639372030283
1.1538461538461537,1.1538461538461537,0.4230769230769231,0.4326923076923077,0.0,-0.009615384615384637,0.08653846153846168,0.4,0.6,-0.19999999999999996,0,0,0.445755349008561
0.5333333333333333,1.2264150943396226,0.2,0.49056603773584906,-0.6930817610062893,-0.29056603773584905,0.3018867924528301,0.4,0.4,0.0,1,0,0.30078101896919246
1.7167832167832169,1.5909090909090908,0.6433566433566433,0.5594405594405595,0.12587412587412605,0.08391608391608385,0.2027972027972027,0.8,0.8,0.0,0,1,0.5258212199912441
1.8888888888888888,1.2222222222222223,0.5333333333333333,0.1111111111111111,0.6666666666666665,0.4222222222222222,-0.3111111111111111,0.4,0.0,0.4,1,1,0.6406940808837518
1.1262135922330097,1.5242718446601942,0.46601941747572817,0.5825242718446602,-0.3980582524271845,-0.11650485436893199,-0.14563106796116498,0.4,0.4,0.0,0,0,0.3394086969630498
1.4782608695652173,2.398406374501992,0.43478260869565216,0.7768924302788844,-0.9201455049367748,-0.3421098215832323,-0.5416248051273168,0.2,1.0,-0.8,0,0,0.178399930772356
1.6491228070175439,1.0,0.4619883040935672,0.37681159420289856,0.6491228070175439,0.08517670989066867,-0.10094075769132971,0.0,0.4,-0.4,1,1,0.5718606743504264
2.783505154639175,1.731958762886598,0.845360824742268,0.5257731958762887,1.0515463917525771,0.31958762886597936,0.7628865979381444,1.0,0.2,0.8,1,1,0.8278164754081595
1.6065573770491803,1.2540983606557377,0.4426229508196721,0.4098360655737705,0.3524590163934427,0.03278688524590162,-0.23770491803278704,0.6,0.6,0.0,1,1,0.5168328485689848
0.9655172413793104,0.8068181818181818,0.39655172413793105,0.3068181818181818,0.15869905956112862,0.08973354231974923,0.06465517241379315,0.4,0.4,0.0,1,0,0.49267811740114964
0.9896907216494846,2.0281124497991967,0.24742268041237114,0.7710843373493976,-1.0384217281497121,-0.5236616569370265,-0.7607336562745829,0.2,0.8,-0.6000000000000001,0,0,0.14096596675457154
0.9324324324324325,0.9594594594594594,0.33783783783783783,0.28378378378378377,-0.027027027027026973,0.05405405405405406,0.31081081081081074,0.2,0.2,0.0,0,0,0.4758536059204928
1.6307692307692307,1.2,0.6615384615384615,0.45714285714285713,0.4307692307692308,0.2043956043956044,0.5780219780219781,0.4,0.8,-0.4,0,1,0.6128401253884265
1.3333333333333333,1.2857142857142858,0.42857142857142855,0.2857142857142857,0.04761904761904745,0.14285714285714285,0.47619047619047616,0.4,0.2,0.2,0,1,0.5453834414290519
1.09375,1.484375,0.4375,0.5390625,-0.390625,-0.1015625,0.0625,0.4,0.6,-0.19999999999999996,1,0,0.3525752360730781
0.875,1.0416666666666667,0.25,0.4166666666666667,-0.16666666666666674,-0.16666666666666669,-0.2916666666666665,0.2,0.2,0.0,1,0,0.3586142178064315
1.9153846153846155,1.876923076923077,0.6384615384615384,0.6461538461538462,0.03846153846153855,-0.007692307692307776,0.007692307692307887,0.6,1.0,-0.4,0,0,0.45721703156604576
1.654320987654321,1.2469135802469136,0.6790123456790124,0.5679012345679012,0.40740740740740744,0.11111111111111116,0.19753086419753085,1.0,0.4,0.6,1,1,0.6198264997330785
1.5,1.169811320754717,0.5625,0.44339622641509435,0.33018867924528306,0.11910377358490565,0.18941627358490565,0.0,1.0,-1.0,0,0,0.49856121636026723
1.2439024390243902,1.670731707317073,0.5365853658536586,0.6829268292682927,-0.42682926829268286,-0.14634146341463417,-0.4024390243902438,0.6,1.0,-0.4,1,0,0.2898887465580684
2.713004484304933,1.0223214285714286,0.7982062780269058,0.39732142857142855,1.6906830557335042,0.40088484945547725,0.3436899423446509,0.6,0.2,0.39999999999999997,1,1,0.8627934968821962
1.4166666666666667,2.0,0.3333333333333333,0.16666666666666666,-0.5833333333333333,0.16666666666666666,0.08333333333333348,0.4,0.4,0.0,0,0,0.3656856050249861
1.2831858407079646,1.0434782608695652,0.5132743362831859,0.30434782608695654,0.2397075798383994,0.20892651019622932,0.22239322816467855,1.0,0.4,0.6,0,1,0.5890532699804437
1.1515151515151516,0.8253968253968254,0.42424242424242425,0.3333333333333333,0.32611832611832625,0.09090909090909094,0.07936507936507953,0.8,0.2,0.6000000000000001,1,1,0.5746916255386589
0.7692307692307693,1.1025641025641026,0.3076923076923077,0.38461538461538464,-0.33333333333333337,-0.07692307692307693,-0.025641025641025772,0.4,0.6,-0.19999999999999996,0,0,0.3489608523610398
1.6,1.3411764705882352,0.5764705882352941,0.4470588235294118,0.2588235294117649,0.12941176470588228,0.12941176470588234,1.0,0.4,0.6,1,1,0.584230516601352
1.2567567567567568,1.027027027027027,0.43243243243243246,0.25675675675675674,0.22972972972972983,0.1756756756756757,0.5135135135135136,0.6,0.0,0.6,1,1,0.6126241093787629
1.382716049382716,1.2660098522167487,0.37037037037037035,0.4876847290640394,0.11670619716596731,-0.11731435869366907,-0.5734355044699873,0.6,0.2,0.39999999999999997,1,0,0.43084509090446044
1.0144927536231885,1.0656934306569343,0.35507246376811596,0.40145985401459855,-0.05120067703374587,-0.046387390246482585,-0.09198138157198765,0.6,0.2,0.39999999999999997,0,0,0.44468518699770765
1.4197530864197532,1.3843283582089552,0.4444444444444444,0.5335820895522388,0.03542472821079801,-0.08913764510779443,-0.5269025244149621,0.2,0.6,-0.39999999999999997,0,0,0.37279634097396475
1.8636363636363635,1.6136363636363635,0.6363636363636364,0.5,0.25,0.13636363636363635,0.4772727272727272,0.8,0.8,0.0,1,1,0.5930857112314826
1.0256410256410255,2.076923076923077,0.48717948717948717,0.717948717948718,-1.0512820512820515,-0.23076923076923078,-0.2564102564102564,0.6,1.0,-0.4,0,0,0.19461898688832183
1.2875,1.1956521739130435,0.325,0.45652173913043476,0.09184782608695663,-0.13152173913043474,-0.763586956521739,0.2,0.2,0.0,0,0,0.3747782912039678
0.8611111111111112,2.2777777777777777,0.3333333333333333,0.7685185185185185,-1.4166666666666665,-0.4351851851851852,-0.9722222222222222,0.0,0.8,-0.8,0,0,0.09371391003441637
1.0939226519337018,1.1506849315068493,0.425414364640884,0.4589041095890411,-0.0567622795731475,-0.033489744948157096,-0.14701430409445226,0.6,0.4,0.19999999999999996,0,0,0.4282966121794242
0.8571428571428571,2.2142857142857144,0.32142857142857145,0.6428571428571429,-1.3571428571428572,-0.32142857142857145,-0.6071428571428572,0.2,1.0,-0.8,1,0,0.119529912093852
1.3298429319371727,1.2774869109947644,0.46596858638743455,0.4712041884816754,0.05235602094240832,-0.005235602094240843,-0.015706806282722585,0.4,0.2,0.2,1,0,0.47428471343257284
1.4460431654676258,1.2301587301587302,0.5359712230215827,0.48412698412698413,0.21588443530889556,0.051844238894598604,0.07765216398309938,0.0,0.6,-0.6,1,0,0.47693945741083366
1.2544378698224852,0.7848101265822784,0.46745562130177515,0.3291139240506329,0.46962774324020673,0.13834169725114226,0.1623099393303873,0.8,0.2,0.6000000000000001,1,1,0.6203160928940659
1.5913461538461537,1.3894230769230769,0.6538461538461539,0.5673076923076923,0.20192307692307687,0.08653846153846156,0.3653846153846154,0.6,0.6,0.0,1,1,0.5540322222340757
2.198581560283688,1.0196078431372548,0.7659574468085106,0.37254901960784315,1.178973717146433,0.3934084272006675,0.5911556111806425,1.0,0.4,0.6,1,1,0.8187631996878533
1.2916666666666667,1.3028169014084507,0.4166666666666667,0.4788732394366197,-0.011150234741784004,-0.062206572769953006,-0.349031690140845,0.4,0.4,0.0,0,0,0.405935104921173
0.8695652173913043,1.3118279569892473,0.34782608695652173,0.4731182795698925,-0.44226273959794293,-0.12529219261337077,-0.025829827021972784,0.0,0.2,-0.2,0,0,0.32275922141413743
1.1396648044692737,1.6145251396648044,0.43575418994413406,0.6480446927374302,-0.4748603351955307,-0.2122905027932961,-0.25698324022346375,0.2,0.4,-0.2,1,0,0.2948703083518686
1.5617977528089888,1.344569288389513,0.48314606741573035,0.40074906367041196,0.21722846441947574,0.08239700374531839,0.32209737827715346,0.4,0.6,-0.19999999999999996,0,1,0.540859570241665
1.1223021582733812,1.391304347826087,0.3669064748201439,0.45410628019323673,-0.2690021895527057,-0.08719980537309285,-0.17405206269766782,0.2,0.6,-0.39999999999999997,0,0,0.34260053874484064
1.515625,0.8382352941176471,0.625,0.3088235294117647,0.6773897058823529,0.3161764705882353,0.49034926470588225,0.8,0.6,0.20000000000000007,1,1,0.6939627433452221
1.3444444444444446,2.7710843373493974,0.3888888888888889,0.8674698795180723,-1.4266398929049529,-0.4785809906291834,-0.7803212851405623,0.6,1.0,-0.4,0,0,0.11641380515631321
1.9063829787234043,1.0082644628099173,0.6468085106382979,0.3140495867768595,0.898118515913487,0.3327589238614384,0.5840689291366274,0.4,0.4,0.0,0,1,0.73991801777204
1.1104294478527608,1.49079754601227,0.49693251533742333,0.6380368098159509,-0.3803680981595092,-0.14110429447852757,-0.4907975460122699,0.2,0.8,-0.6000000000000001,1,0,0.2742975131700614
1.3175355450236967,1.3428571428571427,0.4075829383886256,0.39183673469387753,-0.025321597833446008,0.01574620369474805,0.08488248379920704,0.6,0.0,0.6,1,0,0.4977840365937688
1.2,2.7,0.2,0.5,-1.5000000000000002,-0.3,-0.19999999999999996,0.4,1.0,-0.6,0,0,0.14062444182059655
1.2745098039215685,1.1568627450980393,0.5294117647058824,0.49019607843137253,0.11764705882352922,0.03921568627450983,0.05882352941176472,0.4,0.8,-0.4,1,0,0.46257873123357446
0.9444444444444444,1.6875,0.3333333333333333,0.625,-0.7430555555555556,-0.2916666666666667,-1.0416666666666667,0.4,1.0,-0.6,0,0,0.16860209211485266
1.2272727272727273,1.1055045871559632,0.3333333333333333,0.4954128440366973,0.12176814011676407,-0.16207951070336396,-0.3055323881011953,0.2,0.6,-0.39999999999999997,1,0,0.4029537880255644
1.2653061224489797,1.0404040404040404,0.46938775510204084,0.37373737373737376,0.22490208204493922,0.09565038136466708,-0.07410843125128852,0.4,0.4,0.0,0,1,0.5004205627408397
2.204878048780488,1.0970873786407767,0.7609756097560976,0.49514563106796117,1.1077906701397113,0.2658299786881364,0.4087852237745677,0.8,0.2,0.6000000000000001,1,1,0.7867467400341656
1.1635514018691588,0.9719626168224299,0.4392523364485981,0.3644859813084112,0.19158878504672894,0.07476635514018692,-0.0981308411214954,0.6,0.2,0.39999999999999997,1,1,0.5111137731234736
1.2408163265306122,0.9411764705882353,0.4326530612244898,0.23529411764705882,0.29963985594237696,0.197358943577431,0.04681872749099658,0.4,0.0,0.4,1,1,0.5636792257737552
1.1147540983606556,1.506578947368421,0.4426229508196721,0.6381578947368421,-0.3918248490077654,-0.19553494391717002,-0.5598576358930112,0.2,0.6,-0.39999999999999997,0,0,0.2720817841538382
1.84375,1.6875,0.625,0.5625,0.15625,0.0625,0.21875,1.0,1.0,0.0,0,1,0.5386389047954209
1.3098591549295775,1.5378486055776892,0.5492957746478874,0.649402390438247,-0.2279894506481117,-0.10010661579035962,-0.18466977161775433,1.0,0.6,0.4,0,0,0.40226119987560405
1.1607142857142858,1.0803571428571428,0.5357142857142857,0.41964285714285715,0.08035714285714302,0.11607142857142855,0.3839285714285714,0.2,0.4,-0.2,0,1,0.505306140592249
1.5491071428571428,1.15625,0.5892857142857143,0.4732142857142857,0.3928571428571428,0.1160714285714286,0.1830357142857142,0.6,0.6,0.0,1,1,0.5762651933547465
1.6825396825396826,1.1594202898550725,0.6626984126984127,0.39855072463768115,0.52311939268461,0.2641476880607315,0.4851621808143548,0.8,0.8,0.0,0,1,0.6540752130857937
1.0384615384615385,1.0784313725490196,0.38461538461538464,0.45098039215686275,-0.039969834087481004,-0.06636500754147812,-0.15761689291101044,0.8,0.2,0.6000000000000001,1,0,0.45143115036129766
2.2440944881889764,1.779527559055118,0.7244094488188977,0.5118110236220472,0.46456692913385833,0.21259842519685046,0.6141732283464567,0.4,1.0,-0.6,1,1,0.6320562318079785
1.0676691729323309,1.2781954887218046,0.44360902255639095,0.45864661654135336,-0.21052631578947367,-0.015037593984962405,0.09774436090225547,0.8,0.6,0.20000000000000007,1,0,0.4262099588543802
1.4069767441860466,1.311764705882353,0.4941860465116279,0.5117647058823529,0.09521203830369362,-0.017578659370725003,-0.3061559507523939,0.2,1.0,-0.8,0,0,0.3918050850200045
1.032258064516129,1.2534246575342465,0.1935483870967742,0.4178082191780822,-0.22116659301811747,-0.224259832081308,-0.30269553689792317,0.4,0.4,0.0,1,0,0.34941153333517516
1.1111111111111112,1.2727272727272727,0.3111111111111111,0.18181818181818182,-0.16161616161616155,0.1292929292929293,0.35757575757575744,0.2,0.2,0.0,0,0,0.46717396107323605
1.3529411764705883,1.123456790123457,0.48739495798319327,0.41975308641975306,0.22948438634713142,0.0676418715634402,0.2408963585434174,0.6,0.4,0.19999999999999996,0,1,0.5507670845166451
1.2727272727272727,1.2444444444444445,0.18181818181818182,0.37777777777777777,0.028282828282828243,-0.19595959595959594,-0.1717171717171717,0.2,0.4,-0.2,0,0,0.41123035173184164
1.1405405405405404,1.1189189189189188,0.42162162162162165,0.518918918918919,0.021621621621621623,-0.0972972972972973,-0.22702702702702693,0.4,0.6,-0.19999999999999996,0,0,0.40604038315105695
1.103960396039604,1.1379310344827587,0.45544554455445546,0.4267241379310345,-0.03397063844315462,0.028721406623420986,-0.07417207237965173,0.2,0.6,-0.39999999999999997,1,0,0.408741950603974
1.743801652892562,1.3305785123966942,0.5289256198347108,0.39669421487603307,0.4132231404958677,0.1322314049586777,0.1322314049586777,0.4,0.6,-0.19999999999999996,0,1,0.5708805884527564
0.6,1.0363636363636364,0.2909090909090909,0.38181818181818183,-0.4363636363636364,-0.09090909090909094,0.09090909090909083,0.4,0.2,0.2,0,0,0.35630756220341847
1.0769230769230769,1.110091743119266,0.48520710059171596,0.3577981651376147,-0.03316866619618919,0.12740893545410126,0.3175723359209599,0.0,0.8,-0.8,0,0,0.4359313161822304
2.011173184357542,1.2411347517730495,0.664804469273743,0.41134751773049644,0.7700384325844924,0.2534569515432466,0.6810491699354175,0.6,0.4,0.19999999999999996,1,1,0.734349902262944
1.278688524590164,2.244,0.3442622950819672,0.776,-0.9653114754098362,-0.4317377049180328,-0.7765901639344261,0.4,0.8,-0.4,0,0,0.1641641325200562
1.2615384615384615,1.174757281553398,0.35384615384615387,0.3786407766990291,0.08678117998506352,-0.02479462285287526,0.03196415235250183,0.4,0.4,0.0,0,0,0.47323071066285716
1.1666666666666667,1.75,0.3888888888888889,0.625,-0.5833333333333333,-0.2361111111111111,-0.5158730158730158,0.4,0.6,-0.19999999999999996,0,0,0.25420386750956814
1.202020202020202,0.9202898550724637,0.3939393939393939,0.30434782608695654,0.28173034694773824,0.08959156785243738,-0.028546332894158866,0.8,0.2,0.6000000000000001,0,1,0.5555545714326949
1.0294117647058822,2.727642276422764,0.4176470588235294,0.8617886178861789,-1.6982305117168819,-0.44414155906264946,-0.6353419416547108,0.6,0.8,-0.20000000000000007,0,0,0.1018918215280511
0.918918918918919,1.5277777777777777,0.36486486486486486,0.4166666666666667,-0.6088588588588587,-0.05180180180180183,0.13813813813813813,0.4,0.4,0.0,0,0,0.3297834267585492
1.0614525139664805,1.675977653631285,0.4134078212290503,0.5810055865921788,-0.6145251396648044,-0.16759776536312854,0.06145251396648033,0.6,0.6,0.0,0,0,0.3158831187525863
1.7389162561576355,2.0935960591133007,0.5517241379310345,0.7438423645320197,-0.35467980295566526,-0.1921182266009852,-0.20197044334975378,0.8,0.8,0.0,0,0,0.35624947057179734
1.5430711610486891,1.7078651685393258,0.43820224719101125,0.5468164794007491,-0.16479400749063666,-0.10861423220973782,-0.2996254681647941,0.2,0.2,0.0,1,0,0.3817245058084955
1.2916666666666667,1.7868852459016393,0.4166666666666667,0.6557377049180327,-0.4952185792349726,-0.23907103825136605,-0.19945355191256842,0.4,0.6,-0.19999999999999996,0,0,0.300887513002276
0.9411764705882353,1.6059113300492611,0.4117647058823529,0.625615763546798,-0.6647348594610258,-0.21385105766444512,-0.0883801796580701,0.8,1.0,-0.19999999999999996,0,0,0.2771267362643933
1.4875,1.1125,0.575,0.475,0.375,0.09999999999999998,0.29999999999999993,0.4,0.8,-0.4,0,1,0.5571210854819597
1.180327868852459,1.1971830985915493,0.48633879781420764,0.5023474178403756,-0.01685522973909026,-0.016008620026167986,-0.002539829138767047,0.4,0.6,-0.19999999999999996,0,0,0.43115918951292626
1.2818181818181817,1.5818181818181818,0.5363636363636364,0.5,-0.30000000000000004,0.036363636363636376,0.2272727272727273,0.4,0.4,0.0,1,0,0.4172790359756228
1.3928571428571428,1.1666666666666667,0.5714285714285714,0.375,0.22619047619047605,0.1964285714285714,0.1428571428571428,0.4,0.2,0.2,0,1,0.5497140279186973
1.8617021276595744,1.1,0.7553191489361702,0.26666666666666666,0.7617021276595743,0.4886524822695036,1.0382978723404255,0.6,0.4,0.19999999999999996,1,1,0.7756796336076458
1.0886075949367089,0.7954545454545454,0.3227848101265823,0.3181818181818182,0.2931530494821635,0.004602991944764101,-0.2036823935558112,0.4,0.2,0.2,0,0,0.499521108411887
1.3548387096774193,1.2401433691756272,0.5125448028673835,0.45161290322580644,0.11469534050179209,0.060931899641577025,0.007168458781362075,0.8,0.2,0.6000000000000001,0,1,0.5242796327586722
1.6363636363636365,2.272727272727273,0.36363636363636365,0.36363636363636365,-0.6363636363636365,0.0,0.36363636363636354,0.6,0.6,0.0,0,0,0.37753722821212216
1.3472222222222223,1.1538461538461537,0.5833333333333334,0.45604395604395603,0.19337606837606858,0.12728937728937734,0.19024725274725274,0.4,0.4,0.0,1,1,0.527572016281976
1.6059322033898304,0.7678571428571429,0.6779661016949152,0.32142857142857145,0.8380750605326875,0.35653753026634377,0.5369249394673122,0.6,0.6,0.0,1,1,0.7203096090485348
1.0909090909090908,1.3818181818181818,0.36363636363636365,0.45454545454545453,-0.290909090909091,-0.09090909090909088,-0.2545454545454544,0.4,0.2,0.2,0,0,0.3627897785590091
1.2545454545454546,1.1754385964912282,0.43636363636363634,0.3684210526315789,0.07910685805422646,0.06794258373205742,-0.10749601275917064,0.6,0.4,0.19999999999999996,1,0,0.47693422345525627
1.5605381165919283,0.9357798165137615,0.5381165919282511,0.3669724770642202,0.6247583000781668,0.17114411486403092,0.0993540955280372,0.8,0.4,0.4,1,1,0.64494117015459
1.0576271186440678,1.3496503496503496,0.44745762711864406,0.48951048951048953,-0.2920232310062818,-0.04205286239184547,-0.11331041839516409,0.8,0.4,0.4,0,0,0.39447751065866904
1.4,0.9743589743589743,0.425,0.2564102564102564,0.42564102564102557,0.1685897435897436,0.3730769230769231,0.6,0.0,0.6,1,1,0.6406735481540482
1.1428571428571428,0.8571428571428571,0.6190476190476191,0.2857142857142857,0.2857142857142857,0.33333333333333337,0.4285714285714287,0.8,0.4,0.4,0,1,0.6131514518455445
1.0634920634920635,1.22,0.3333333333333333,0.41,-0.15650793650793648,-0.07666666666666666,-0.36317460317460326,0.4,0.6,-0.19999999999999996,1,0,0.3569570152931047
1.3076923076923077,0.9903381642512077,0.4378698224852071,0.40096618357487923,0.3173541434411,0.036903638910327885,-0.2163622330846411,0.6,0.6,0.0,1,1,0.5019023308521771
1.0952380952380953,1.0740740740740742,0.2857142857142857,0.37037037037037035,0.021164021164021163,-0.08465608465608465,-0.1248677248677248,0.4,0.6,-0.19999999999999996,1,0,0.4197751879419917
1.1842105263157894,1.3043478260869565,0.39473684210526316,0.3826086956521739,-0.12013729977116716,0.012128146453089239,0.1254004576659038,0.4,0.6,-0.19999999999999996,0,0,0.4288560079167355
2.6339285714285716,1.0178571428571428,0.8571428571428571,0.44642857142857145,1.6160714285714288,0.41071428571428564,0.5535714285714285,0.8,0.6,0.20000000000000007,0,1,0.8605494949343656
1.4505494505494505,1.2747252747252746,0.46153846153846156,0.5274725274725275,0.17582417582417587,-0.06593406593406592,-0.2857142857142856,0.4,0.6,-0.19999999999999996,1,0,0.44436809100259517
1.2195121951219512,1.6585365853658536,0.3902439024390244,0.4634146341463415,-0.4390243902439024,-0.07317073170731708,-0.14634146341463428,0.8,0.2,0.6000000000000001,0,0,0.37601853616760067
1.401360544217687,1.1946902654867257,0.4421768707482993,0.39823008849557523,0.20667027873096133,0.04394678225272408,-0.04039491902955872,0.4,0.6,-0.19999999999999996,0,0,0.48864340863057676
1.7647058823529411,1.2941176470588236,0.5630252100840336,0.49411764705882355,0.47058823529411753,0.06890756302521006,0.03361344537815136,0.8,0.6,0.20000000000000007,1,1,0.5922608666237248
1.1319444444444444,1.0902777777777777,0.3402777777777778,0.3194444444444444,0.04166666666666674,0.02083333333333337,0.10416666666666674,0.4,0.2,0.2,1,0,0.4841088443692864
2.101449275362319,1.1897810218978102,0.7681159420289855,0.3722627737226277,0.9116682534645086,0.39585316830635775,0.7643605204696923,0.4,0.2,0.2,1,1,0.773713543294681
1.194915254237288,1.4913793103448276,0.3898305084745763,0.625,-0.29646405610753956,-0.2351694915254237,-0.43220338983050843,0.2,0.8,-0.6000000000000001,0,0,0.2905831358786886
1.248,1.4467005076142132,0.424,0.5025380710659898,-0.1987005076142132,-0.07853807106598981,0.18054822335025378,0.4,0.8,-0.4,1,0,0.39988939317827915
2.1636363636363636,1.490909090909091,0.7090909090909091,0.6727272727272727,0.6727272727272726,0.036363636363636376,-0.10909090909090902,1.0,0.8,0.19999999999999996,1,1,0.6266003207845819
1.08994708994709,1.4115044247787611,0.4074074074074074,0.5442477876106194,-0.32155733483167115,-0.13684038020321204,-0.180292175867397,0.4,0.2,0.2,0,0,0.3593822449486287
1.162962962962963,1.2783505154639174,0.45925925925925926,0.38144329896907214,-0.11538755250095445,0.07781596029018711,0.5587628865979382,0.4,0.2,0.2,0,1,0.5070730827374718
0.7222222222222222,1.1283422459893049,0.2777777777777778,0.41711229946524064,-0.40612002376708267,-0.13933452168746285,-0.3318478906714202,0.6,0.2,0.39999999999999997,0,0,0.3306118241036616
1.236842105263158,1.2941176470588236,0.5,0.5882352941176471,-0.05727554179566563,-0.08823529411764708,-0.3513931888544891,1.0,0.6,0.4,1,0,0.4186222759044965
1.1904761904761905,0.7333333333333333,0.4380952380952381,0.2,0.4571428571428572,0.23809523809523808,0.04761904761904745,0.2,0.6,-0.39999999999999997,1,1,0.5505120647347157
1.0555555555555556,1.5769230769230769,0.2777777777777778,0.4807692307692308,-0.5213675213675213,-0.202991452991453,-0.6559829059829059,0.4,0.6,-0.19999999999999996,0,0,0.2534615053497745
1.7513513513513514,0.9873417721518988,0.5567567567567567,0.3037974683544304,0.7640095791994527,0.25295928840232634,0.6773862470065002,0.4,0.4,0.0,0,1,0.7165876057533576
1.2847222222222223,0.9333333333333333,0.4583333333333333,0.3,0.351388888888889,0.15833333333333333,0.1444444444444446,0.6,0.4,0.19999999999999996,0,1,0.5728012739863754
1.3204633204633205,1.3741496598639455,0.47104247104247104,0.5340136054421769,-0.05368633940062506,-0.06297113439970586,-0.2824048538334252,0.2,0.6,-0.39999999999999997,0,0,0.3799792478061899
1.1071428571428572,1.3095238095238095,0.40476190476190477,0.5119047619047619,-0.20238095238095233,-0.1071428571428571,-0.1071428571428572,0.2,0.6,-0.39999999999999997,0,0,0.35936787159708633
1.0068493150684932,1.3883495145631068,0.3698630136986301,0.5679611650485437,-0.38150019949461367,-0.19809815134991354,-0.20308551669104946,0.0,0.6,-0.6,1,0,0.293720808422806
1.1538461538461537,1.1538461538461537,0.23076923076923078,0.23076923076923078,0.0,0.0,0.0,0.4,0.2,0.2,1,0,0.46438281805460924
1.3205574912891986,1.2773722627737227,0.47735191637630664,0.4744525547445255,0.043185228515475904,0.0028993616317811166,0.07258577278160683,0.6,0.4,0.19999999999999996,0,0,0.4846382633862558
1.4134615384615385,1.0818713450292399,0.5480769230769231,0.39766081871345027,0.3315901934322987,0.15041610436347286,0.19767768780926676,0.6,0.6,0.0,1,1,0.5648178150045111
1.1404255319148937,1.2727272727272727,0.41702127659574467,0.3409090909090909,-0.132301740812379,0.07611218568665379,0.20802707930367514,0.8,0.4,0.4,1,0,0.47911474622930034
1.03125,2.18848167539267,0.4322916666666667,0.7539267015706806,-1.1572316753926701,-0.32163503490401396,-0.4594240837696335,0.8,0.8,0.0,0,0,0.1776327031811963
1.1304347826086956,1.373913043478261,0.2391304347826087,0.3739130434782609,-0.24347826086956537,-0.13478260869565217,-0.23478260869565215,0.6,0.2,0.39999999999999997,0,0,0.3867992363853745
1.0342857142857143,1.101010101010101,0.41714285714285715,0.3333333333333333,-0.06672438672438674,0.08380952380952383,-0.10972582972582967,0.4,0.6,-0.19999999999999996,0,0,0.41530627679343235
1.6766917293233083,1.8571428571428572,0.5789473684210527,0.6616541353383458,-0.18045112781954886,-0.08270676691729317,-0.24060150375939848,1.0,0.6,0.4,1,0,0.4193732244665753
1.1428571428571428,0.9142857142857143,0.42857142857142855,0.45714285714285713,0.22857142857142854,-0.02857142857142858,-0.20000000000000018,0.6,0.4,0.19999999999999996,0,0,0.4844608728155638
1.4620253164556962,1.240506329113924,0.620253164556962,0.45569620253164556,0.22151898734177222,0.16455696202531644,0.40506329113924044,0.6,0.2,0.39999999999999997,1,1,0.5897299348120653
0.9647058823529412,0.7142857142857143,0.4,0.2857142857142857,0.2504201680672269,0.11428571428571432,-0.16190476190476177,0.4,0.4,0.0,1,0,0.48868840149531495
1.4814814814814814,1.6415094339622642,0.5,0.5094339622641509,-0.16002795248078283,-0.009433962264150941,0.09888190076869319,0.8,0.6,0.20000000000000007,1,0,0.45051724019356304
0.8214285714285714,1.5714285714285714,0.21428571428571427,0.5357142857142857,-0.75,-0.3214285714285714,-0.7857142857142856,0.2,0.6,-0.39999999999999997,0,0,0.18777762457088398
1.4736842105263157,1.1578947368421053,0.42105263157894735,0.29473684210526313,0.3157894736842104,0.12631578947368421,0.5052631578947369,0.2,0.2,0.0,0,1,0.59421166448223
1.268041237113402,0.9491525423728814,0.5670103092783505,0.4067796610169492,0.3188886947405206,0.16023064826140132,-0.0249868949851475,0.4,0.8,-0.4,1,1,0.5070184485179087
1.0517241379310345,0.9655172413793104,0.3620689655172414,0.3620689655172414,0.08620689655172409,0.0,-0.10344827586206895,0.6,0.4,0.19999999999999996,0,0,0.4664683497375964
2.073170731707317,1.0,0.6097560975609756,0.3902439024390244,1.0731707317073171,0.2195121951219512,0.19512195121951215,0.8,0.6,0.20000000000000007,1,1,0.7425983419151831
1.1033333333333333,1.364864864864865,0.39666666666666667,0.5,-0.26153153153153164,-0.10333333333333333,-0.32765765765765775,0.0,0.8,-0.8,0,0,0.30373174095164956
0.9743589743589743,1.145077720207254,0.3076923076923077,0.38860103626943004,-0.17071874584827962,-0.08090872857712234,-0.1640759930915372,0.2,0.4,-0.2,0,0,0.370606455800066
1.4625850340136055,1.653061224489796,0.40816326530612246,0.5170068027210885,-0.19047619047619047,-0.108843537414966,0.09523809523809512,0.4,0.4,0.0,0,0,0.41955547166474744
1.0119760479041917,1.553191489361702,0.38323353293413176,0.46808510638297873,-0.5412154414575103,-0.08485157344884697,-0.15581602751942936,0.6,0.6,0.0,0,0,0.314272913052748
0.7875,1.5,0.3,0.675,-0.7125,-0.37500000000000006,-0.5249999999999999,0.6,0.4,0.19999999999999996,0,0,0.23321593744890196
1.0208333333333333,1.5520833333333333,0.4270833333333333,0.4895833333333333,-0.53125,-0.0625,-0.03125,0.2,0.6,-0.39999999999999997,0,0,0.30612003936110305
1.1290322580645162,1.5040650406504066,0.49193548387096775,0.5691056910569106,-0.37503278258589035,-0.07717020718594281,0.09828219249934445,0.6,1.0,-0.4,0,0,0.3527047364347281
1.688715953307393,1.0599078341013826,0.6342412451361867,0.4055299539170507,0.6288081192060104,0.22871129121913603,0.12946260467284687,0.8,0.6,0.20000000000000007,0,1,0.6457049210603433
1.265,1.4873949579831933,0.445,0.5672268907563025,-0.22239495798319342,-0.1222268907563025,-0.021260504201680686,0.4,0.6,-0.19999999999999996,1,0,0.38028613504908026
0.8928571428571429,1.3873239436619718,0.14285714285714285,0.5,-0.49446680080482885,-0.35714285714285715,-0.37022132796780705,0.2,0.0,0.2,0,0,0.28601925273146783
2.089430894308943,1.1788617886178863,0.7723577235772358,0.3821138211382114,0.9105691056910568,0.39024390243902435,0.6747967479674797,1.0,0.2,0.8,1,1,0.7938705121418881
1.3045977011494252,1.670731707317073,0.46551724137931033,0.5284552845528455,-0.3661340061676479,-0.06293804317353519,0.05438744042612842,0.8,0.4,0.4,0,0,0.40361841188275926
1.3060498220640568,1.1728395061728396,0.47686832740213525,0.5061728395061729,0.13321031589121723,-0.029304512104037617,-0.20315451869425782,0.4,0.8,-0.4,0,0,0.431530285163994
1.6071428571428572,1.5,0.4642857142857143,0.5357142857142857,0.1071428571428572,-0.0714285714285714,0.1785714285714286,1.0,0.8,0.19999999999999996,1,1,0.5169241746141244
0.96,1.6285714285714286,0.384,0.42857142857142855,-0.6685714285714286,-0.04457142857142854,-0.04228571428571426,0.6,0.4,0.19999999999999996,0,0,0.314292898334811
1.1025641025641026,0.8666666666666667,0.36752136752136755,0.26666666666666666,0.23589743589743595,0.10085470085470088,-0.36923076923076925,0.8,0.4,0.4,0,0,0.49359499250551536
2.374015748031496,1.4745762711864407,0.7322834645669292,0.4406779661016949,0.8994394768450551,0.29160549846523426,0.3337781929801147,0.8,0.6,0.20000000000000007,1,1,0.7381820094984807
1.8269230769230769,1.9807692307692308,0.5769230769230769,0.6730769230769231,-0.15384615384615397,-0.09615384615384626,-0.17307692307692313,0.6,0.8,-0.20000000000000007,1,0,0.3980559984151378
1.7428571428571429,1.0303030303030303,0.5571428571428572,0.3939393939393939,0.7125541125541126,0.16320346320346324,-0.1341991341991342,0.8,0.0,0.8,1,1,0.6636794306798758
1.1046511627906976,0.8604651162790697,0.3953488372093023,0.32558139534883723,0.2441860465116279,0.06976744186046507,0.2790697674418605,0.4,0.6,-0.19999999999999996,0,1,0.5263278249385598
0.631578947368421,1.1473684210526316,0.21052631578947367,0.4,-0.5157894736842106,-0.18947368421052635,0.16842105263157903,0.4,0.4,0.0,0,0,0.33186201731077547
2.765957446808511,1.2765957446808511,0.8404255319148937,0.40425531914893614,1.4893617021276597,0.4361702127659575,0.7978723404255319,1.0,0.4,0.6,1,1,0.8761468589683835
1.3428571428571427,1.048913043478261,0.42857142857142855,0.4076086956521739,0.2939440993788818,0.020962732919254656,-0.503105590062112,0.4,0.2,0.2,0,0,0.4738368505408219
1.7985347985347986,1.2720588235294117,0.6043956043956044,0.4852941176470588,0.5264759750053869,0.11910148674854554,0.04519500107735386,0.8,0.6,0.20000000000000007,1,1,0.6101239965795286
1.1549295774647887,1.0140845070422535,0.36619718309859156,0.38028169014084506,0.14084507042253525,-0.014084507042253502,-0.014084507042253502,0.2,0.2,0.0,0,0,0.4745830168173776
1.0558139534883721,1.2183098591549295,0.4046511627906977,0.4295774647887324,-0.16249590566655736,-0.024926301998034694,0.03596462495905661,0.4,0.6,-0.19999999999999996,0,0,0.4019602935083395
0.6818181818181818,1.2758620689655173,0.2727272727272727,0.4827586206896552,-0.5940438871473356,-0.2100313479623825,-0.05094043887147337,0.4,0.4,0.0,0,0,0.29461202465244296
1.2727272727272727,1.8311688311688312,0.44155844155844154,0.5454545454545454,-0.5584415584415585,-0.10389610389610388,0.038961038961039085,0.4,0.6,-0.19999999999999996,0,0,0.32360763917860474
0.8333333333333334,1.3181818181818181,0.08333333333333333,0.4318181818181818,-0.48484848484848475,-0.3484848484848485,0.10227272727272729,0.2,0.4,-0.2,0,0,0.3132620715195633
1.7647058823529411,1.2352941176470589,0.5294117647058824,0.23529411764705882,0.5294117647058822,0.29411764705882354,0.9411764705882353,0.8,0.2,0.6000000000000001,1,1,0.7363901307013635
1.816326530612245,1.29296875,0.6904761904761905,0.54296875,0.5233577806122449,0.14750744047619047,0.2499734268707483,0.6,0.8,-0.20000000000000007,0,1,0.6090397613028534
1.564,2.44,0.568,0.792,-0.8759999999999999,-0.2240000000000001,-0.41999999999999993,0.2,1.0,-0.8,0,0,0.20018464100590463
1.3333333333333333,1.5833333333333333,0.4166666666666667,0.3333333333333333,-0.25,0.08333333333333337,0.33333333333333326,0.8,0.4,0.4,1,0,0.47593864874677494
1.1829268292682926,1.4234693877551021,0.32926829268292684,0.5051020408163265,-0.2405425584868095,-0.17583374813339964,-0.061722249875559854,0.8,0.6,0.20000000000000007,0,0,0.39276739115520165
0.6,0.8,0.0,0.0,-0.20000000000000007,0.0,-0.4,0.0,0.0,0.0,1,0,0.35069570035685577
1.2459016393442623,1.56,0.4262295081967213,0.5771428571428572,-0.3140983606557377,-0.1509133489461359,-0.5727400468384074,0.0,0.8,-0.8,0,0,0.2712613549361007
1.746606334841629,1.0939226519337018,0.6334841628959276,0.4143646408839779,0.6526836829079272,0.21911952201194967,0.047948801279968034,1.0,0.8,0.19999999999999996,1,1,0.6445925651646052
1.1965317919075145,1.0115606936416186,0.5028901734104047,0.32947976878612717,0.18497109826589586,0.17341040462427748,0.4335260115606936,0.2,0.2,0.0,0,1,0.5525966789788996
1.875,0.84375,0.5625,0.34375,1.03125,0.21875,0.4375,1.0,0.4,0.6,1,1,0.770809845797886
0.9626168224299065,1.2393822393822393,0.37383177570093457,0.42857142857142855,-0.2767654169523328,-0.05473965287049398,-0.09461263666871145,0.2,0.2,0.0,0,0,0.3688232862734635
1.12,1.19,0.5,0.53,-0.06999999999999984,-0.030000000000000027,-0.1299999999999999,0.4,0.4,0.0,1,0,0.4137227617969963
0.972972972972973,1.1604938271604939,0.3963963963963964,0.4567901234567901,-0.18752085418752085,-0.0603937270603937,0.15648982315648974,0.6,0.8,-0.20000000000000007,0,0,0.4058781615150404
2.5625,1.625,0.5,0.4375,0.9375,0.0625,0.1875,1.0,0.6,0.4,1,1,0.732890365915355
0.8409090909090909,1.8333333333333333,0.2727272727272727,0.6794871794871795,-0.9924242424242423,-0.4067599067599068,-0.9848484848484848,0.4,1.0,-0.6,1,0,0.13731224256403485
0.6428571428571429,2.5714285714285716,0.14285714285714285,0.6428571428571429,-1.9285714285714288,-0.5,-0.1428571428571428,0.0,1.0,-1.0,0,0,0.08219018107647988
1.62,1.25,0.52,0.39285714285714285,0.3700000000000001,0.12714285714285717,-0.39142857142857146,0.2,0.4,-0.2,0,0,0.49576267535847746
1.46,0.76,0.42,0.3,0.7,0.12,0.21999999999999997,0.2,0.0,0.2,1,1,0.6502347997160529
1.3695652173913044,1.1720430107526882,0.532608695652174,0.44086021505376344,0.1975222066386162,0.09174848059841051,-0.024193548387096753,0.6,0.6,0.0,0,1,0.504179867720899
1.335135135135135,1.3027027027027027,0.4918918918918919,0.4648648648648649,0.03243243243243232,0.02702702702702703,0.1567567567567567,0.4,0.6,-0.19999999999999996,1,0,0.46910980401634805
1.1264367816091954,1.8512396694214877,0.367816091954023,0.6446280991735537,-0.7248028878122923,-0.2768120072195307,-0.5668281561698488,0.4,0.8,-0.4,0,0,0.21629462072548267
1.1159420289855073,1.0467289719626167,0.36231884057971014,0.4766355140186916,0.0692130570228906,-0.11431667343898144,-0.4702695381281321,0.2,0.4,-0.2,0,0,0.38596431425159505
1.6701388888888888,1.3937282229965158,0.6527777777777778,0.5017421602787456,0.27641066589237306,0.15103561749903216,0.30320847851335664,1.0,0.2,0.8,0,1,0.6210135565379675
1.255952380952381,0.9226190476190477,0.4642857142857143,0.35714285714285715,0.33333333333333326,0.10714285714285715,0.3214285714285716,0.6,0.4,0.19999999999999996,1,1,0.5825631109891974
0.8620689655172413,0.8214285714285714,0.27586206896551724,0.25,0.04064039408866993,0.025862068965517238,-0.020935960591133007,0.2,0.2,0.0,0,0,0.4484675858643023
0.8829787234042553,1.7935222672064777,0.2553191489361702,0.708502024291498,-0.9105435438022224,-0.4531828753553278,-0.7106124558532172,0.4,1.0,-0.6,0,0,0.16047810282901517
1.5909090909090908,1.2727272727272727,0.5,0.4090909090909091,0.3181818181818181,0.09090909090909088,-0.5909090909090908,0.6,0.4,0.19999999999999996,0,0,0.48521997685271595
0.9367088607594937,1.0886075949367089,0.31645569620253167,0.2911392405063291,-0.15189873417721522,0.025316455696202556,0.3037974683544302,0.6,0.4,0.19999999999999996,1,0,0.4619998285016861
1.9539473684210527,1.131578947368421,0.6447368421052632,0.39473684210526316,0.8223684210526316,0.25,0.27631578947368407,0.4,0.2,0.2,0,1,0.7028230417543976
1.1935483870967742,1.7230769230769232,0.3548387096774194,0.5846153846153846,-0.5295285359801489,-0.22977667493796528,-0.32258064516129026,0.2,0.2,0.0,1,0,0.29032885535963526
1.9642857142857142,1.3482142857142858,0.6607142857142857,0.4642857142857143,0.6160714285714284,0.1964285714285714,0.25,0.4,0.4,0.0,0,1,0.6467010130001626
0.9907407407407407,1.375,0.3333333333333333,0.3625,-0.3842592592592593,-0.029166666666666674,0.19212962962962954,0.2,0.4,-0.2,0,0,0.37124074475926266
1.4935064935064934,0.8717948717948718,0.5584415584415584,0.358974358974359,0.6217116217116216,0.19946719946719943,0.33166833166833154,0.8,0.6,0.20000000000000007,0,1,0.657847336396507
1.121212121212121,1.3111111111111111,0.4484848484848485,0.4,-0.18989898989899,0.048484848484848464,0.3111111111111111,0.6,0.2,0.39999999999999997,0,0,0.472539166405941
1.1076923076923078,1.78125,0.5538461538461539,0.640625,-0.6735576923076922,-0.08677884615384612,0.2459134615384615,0.4,0.8,-0.4,0,0,0.3072020635413214
0.9142857142857143,1.8571428571428572,0.37142857142857144,0.7714285714285715,-0.942857142857143,-0.4,-0.5142857142857143,0.0,1.0,-1.0,0,0,0.15626772245279769
1.2814814814814814,1.113744075829384,0.362962962962963,0.43601895734597157,0.1677374056520975,-0.07305599438300858,-0.2566965069334737,0.2,0.6,-0.39999999999999997,1,0,0.427927772470374
1.0845070422535212,1.3943661971830985,0.36619718309859156,0.5633802816901409,-0.3098591549295773,-0.1971830985915493,-0.21126760563380276,0.6,0.6,0.0,1,0,0.3444429896241306
1.3548387096774193,1.064516129032258,0.4838709677419355,0.3225806451612903,0.29032258064516125,0.16129032258064518,0.4193548387096775,0.8,0.2,0.6000000000000001,1,1,0.6173028211243667
0.8571428571428571,0.9761904761904762,0.40476190476190477,0.47619047619047616,-0.11904761904761907,-0.0714285714285714,0.04761904761904756,0.8,0.8,0.0,1,0,0.41605575739805944
1.9375,0.6666666666666666,0.6778846153846154,0.2222222222222222,1.2708333333333335,0.4556623931623932,0.48076923076923084,1.0,0.6,0.4,1,1,0.8153036067918735
0.8947368421052632,1.105263157894737,0.2982456140350877,0.37894736842105264,-0.21052631578947378,-0.08070175438596494,-0.07719298245614037,0.2,0.4,-0.2,0,0,0.3695911744299641
1.008130081300813,1.4470588235294117,0.3252032520325203,0.4823529411764706,-0.4389287422285988,-0.15714968914395028,-0.36078431372549025,0.8,0.8,0.0,0,0,0.3090958125927837
1.1566265060240963,1.78714859437751,0.43775100401606426,0.5863453815261044,-0.6305220883534137,-0.14859437751004012,-0.34538152610441775,0.0,0.6,-0.6,0,0,0.24631946527460855
0.9395973154362416,0.9393939393939394,0.3926174496644295,0.2727272727272727,0.00020337604230213913,0.11989017693715681,0.6337197478137075,0.8,0.2,0.6000000000000001,1,1,0.565242026101014
1.069767441860465,1.0,0.37209302325581395,0.46511627906976744,0.06976744186046502,-0.09302325581395349,-0.2558139534883721,0.2,0.8,-0.6000000000000001,0,0,0.3872644533849711
1.3944444444444444,1.3722222222222222,0.4777777777777778,0.43333333333333335,0.022222222222222143,0.04444444444444445,0.016666666666666607,0.6,0.8,-0.20000000000000007,0,0,0.4571368789474549
1.1428571428571428,1.1071428571428572,0.39285714285714285,0.4642857142857143,0.03571428571428559,-0.07142857142857145,-0.2142857142857142,0.4,0.6,-0.19999999999999996,1,0,0.41357375442230826
1.537313432835821,1.3793103448275863,0.5970149253731343,0.5517241379310345,0.1580030880082346,0.0452907874420998,-0.010293360782295258,0.6,0.6,0.0,1,0,0.49711739775968994
0.9830508474576272,1.4745762711864407,0.3898305084745763,0.6101694915254238,-0.4915254237288136,-0.22033898305084748,-0.39830508474576265,0.4,0.6,-0.19999999999999996,1,0,0.27608570191201415
0.8020833333333334,1.3692307692307693,0.3020833333333333,0.46153846153846156,-0.5671474358974359,-0.15945512820512825,-0.487179487179487,0.0,0.6,-0.6,1,0,0.23653039745896515
1.3414634146341464,1.2580645161290323,0.4878048780487805,0.4838709677419355,0.08339889850511417,0.003933910306844979,0.07992394440073447,0.6,0.8,-0.20000000000000007,0,0,0.4710584172660324
1.3392857142857142,2.46875,0.4107142857142857,0.765625,-1.1294642857142858,-0.3549107142857143,-0.578125,0.6,1.0,-0.4,0,0,0.1632691362967166
1.1153846153846154,1.1538461538461537,0.4230769230769231,0.34615384615384615,-0.038461538461538325,0.07692307692307693,0.6153846153846154,0.4,0.6,-0.19999999999999996,0,1,0.5052849598744708
1.165991902834008,0.9298245614035088,0.44129554655870445,0.40350877192982454,0.23616734143049922,0.037786774628879916,-0.05263157894736836,0.2,0.4,-0.2,0,0,0.4827042645684485
1.1384615384615384,1.476923076923077,0.47692307692307695,0.47692307692307695,-0.3384615384615386,0.0,0.06153846153846154,0.6,0.6,0.0,0,0,0.38596116497812777
1.3216783216783217,1.493006993006993,0.583916083916084,0.6398601398601399,-0.17132867132867124,-0.05594405594405594,-0.104895104895105,0.6,0.8,-0.20000000000000007,1,0,0.3888782931093744
1.6494845360824741,1.2142857142857142,0.5670103092783505,0.38095238095238093,0.43519882179675995,0.18605792832596957,0.4916543937162494,1.0,0.2,0.8,0,1,0.6755681995669576
1.206896551724138,1.3275862068965518,0.3793103448275862,0.3793103448275862,-0.12068965517241392,0.0,-0.2586206896551726,0.4,0.4,0.0,0,0,0.3975480318671801
1.2125,1.0,0.425,0.4,0.2124999999999999,0.024999999999999967,-0.30000000000000004,0.4,0.4,0.0,0,0,0.4639181228108025
1.3103448275862069,1.1282051282051282,0.5344827586206896,0.4230769230769231,0.18213969938107866,0.11140583554376654,0.19120247568523419,0.4,0.8,-0.4,1,0,0.4998508852773282
1.0,1.6244725738396624,0.41379310344827586,0.6413502109704642,-0.6244725738396624,-0.22755710752218833,-0.3973519569329259,0.6,0.8,-0.20000000000000007,0,0,0.2551858393860019
1.646153846153846,1.5454545454545454,0.6461538461538462,0.6060606060606061,0.10069930069930066,0.04009324009324011,0.15361305361305355,0.4,0.8,-0.4,1,0,0.4803462095810442
1.4150943396226414,1.2830188679245282,0.4339622641509434,0.32075471698113206,0.13207547169811318,0.11320754716981135,0.11320754716981152,0.8,0.4,0.4,1,1,0.5373569918363515
0.9771689497716894,0.954337899543379,0.4018264840182648,0.3561643835616438,0.022831050228310446,0.045662100456621,0.13242009132420085,0.8,0.0,0.8,1,1,0.5184800743150099
1.4938271604938271,1.6296296296296295,0.6419753086419753,0.6604938271604939,-0.1358024691358024,-0.0185185185185186,0.043209876543209846,0.8,0.8,0.0,0,0,0.4342117426480895
1.2790697674418605,1.1688311688311688,0.3488372093023256,0.38961038961038963,0.11023859861069174,-0.04077318030806404,0.2389006342494715,0.4,0.2,0.2,1,1,0.5126917577892082
1.3582089552238805,1.0298507462686568,0.373134328358209,0.2835820895522388,0.3283582089552237,0.08955223880597019,0.1343283582089554,0.8,0.0,0.8,1,1,0.6005838178393177
1.617391304347826,1.1,0.5739130434782609,0.4260869565217391,0.517391304347826,0.14782608695652177,0.09565217391304337,0.8,0.2,0.6000000000000001,1,1,0.6333415506321715
1.0792079207920793,1.3564356435643565,0.45544554455445546,0.46534653465346537,-0.27722772277227725,-0.00990099009900991,0.06930693069306937,0.2,0.4,-0.2,0,0,0.38172256457228565
1.1923076923076923,1.3653846153846154,0.5576923076923077,0.4807692307692308,-0.17307692307692313,0.07692307692307693,0.23076923076923062,0.6,0.6,0.0,1,0,0.4465951230758526
0.8191489361702128,1.2554347826086956,0.35106382978723405,0.4782608695652174,-0.4362858464384828,-0.12719703977798336,-0.12095282146160957,0.8,0.8,0.0,1,0,0.3298403604574826
1.387434554973822,1.0,0.5654450261780105,0.3816793893129771,0.38743455497382207,0.1837656368650334,0.15982574637304658,0.8,0.8,0.0,1,1,0.5762216642947001
1.202247191011236,1.4763636363636363,0.42696629213483145,0.5563636363636364,-0.2741164453524003,-0.12939734422880494,-0.4497242083758939,0.6,0.6,0.0,0,0,0.3355776903269608
2.3,1.6,0.4,0.4,0.6999999999999997,0.0,1.4,0.8,0.8,0.0,0,1,0.7694962811645373
1.223809523809524,1.9428571428571428,0.45714285714285713,0.6571428571428571,-0.7190476190476189,-0.2,-0.32380952380952377,0.2,0.6,-0.39999999999999997,0,0,0.2419738559543709
1.173913043478261,1.9565217391304348,0.2608695652173913,0.5217391304347826,-0.7826086956521738,-0.2608695652173913,-0.5217391304347825,0.4,0.6,-0.19999999999999996,0,0,0.223318619823052
1.353658536585366,1.0476190476190477,0.4695121951219512,0.4444444444444444,0.3060394889663183,0.025067750677506773,-0.16298877274487023,0.4,0.4,0.0,0,1,0.5033493870812596
1.5,0.8,0.2,0.3,0.7,-0.09999999999999998,0.0,0.4,0.6,-0.19999999999999996,0,1,0.5907914718621582
1.127906976744186,1.2946428571428572,0.42441860465116277,0.5089285714285714,-0.16673588039867115,-0.08450996677740863,-0.12562292358803973,0.6,1.0,-0.4,0,0,0.37050918118936066
1.2920353982300885,1.0619469026548674,0.46017699115044247,0.504424778761062,0.23008849557522115,-0.04424778761061948,-0.2743362831858408,0.2,0.8,-0.6000000000000001,0,0,0.42859040869889925
1.1155778894472361,1.3768844221105527,0.4120603015075377,0.6080402010050251,-0.2613065326633166,-0.1959798994974874,-0.321608040201005,0.2,0.6,-0.39999999999999997,1,0,0.3182282409190903
1.90990990990991,1.5405405405405406,0.5765765765765766,0.4864864864864865,0.36936936936936937,0.09009009009009006,0.054054054054053946,0.4,0.4,0.0,1,1,0.5650317562129308
1.3280423280423281,1.7777777777777777,0.37037037037037035,0.6137566137566137,-0.44973544973544954,-0.24338624338624337,-0.5978835978835979,0.2,1.0,-0.8,1,0,0.24441108809133327
1.305699481865285,1.4093264248704662,0.46632124352331605,0.49222797927461137,-0.10362694300518127,-0.025906735751295318,-0.160621761658031,0.4,0.4,0.0,0,0,0.4108063025208362
0.65,1.2,0.3,0.4,-0.5499999999999999,-0.10000000000000003,-0.25,0.4,0.2,0.2,0,0,0.30129842910691357
0.9,1.7,0.2,0.2,-0.7999999999999999,0.0,-0.19999999999999996,0.4,0.4,0.0,0,0,0.2702584956161698
1.05,2.560344827586207,0.45,0.75,-1.5103448275862068,-0.3,-0.2732758620689655,0.6,1.0,-0.4,1,0,0.13710986895851976
1.0546448087431695,1.4205607476635513,0.4098360655737705,0.4392523364485981,-0.3659159389203819,-0.02941627087482762,0.17767223328737036,0.2,1.0,-0.8,0,0,0.3413767096272687
1.4558823529411764,1.7058823529411764,0.47058823529411764,0.5294117647058824,-0.25,-0.05882352941176472,-0.11764705882352944,0.6,0.6,0.0,1,0,0.38930234562541877
1.0512820512820513,1.0555555555555556,0.391025641025641,0.3333333333333333,-0.004273504273504258,0.05769230769230771,-0.08760683760683774,0.8,0.4,0.4,1,0,0.4681104290465439
1.6,1.6481481481481481,0.4666666666666667,0.6666666666666666,-0.04814814814814805,-0.19999999999999996,-0.31851851851851853,0.8,0.6,0.20000000000000007,0,0,0.41267656173601536
2.1894736842105265,1.236842105263158,0.7526315789473684,0.4473684210526316,0.9526315789473685,0.30526315789473685,0.4736842105263157,0.8,0.6,0.20000000000000007,1,1,0.7546688689140739
1.5,1.352112676056338,0.43661971830985913,0.36619718309859156,0.147887323943662,0.07042253521126757,0.13380281690140827,0.6,0.4,0.19999999999999996,0,1,0.527868868518465
1.452296819787986,2.176678445229682,0.4876325088339223,0.7526501766784452,-0.7243816254416959,-0.26501766784452296,-0.35689045936395747,0.8,0.8,0.0,1,0,0.2609957891289709
1.1073825503355705,1.4093959731543624,0.47651006711409394,0.5704697986577181,-0.30201342281879184,-0.09395973154362414,0.0,0.4,0.8,-0.4,0,0,0.3528487439871308
1.0300751879699248,1.058252427184466,0.40601503759398494,0.42718446601941745,-0.028177239214541183,-0.021169428425432513,0.10862106723118492,0.8,0.8,0.0,0,0,0.4528113913767276
0.9736842105263158,2.3421052631578947,0.34210526315789475,0.6578947368421053,-1.3684210526315788,-0.31578947368421056,-0.10526315789473673,0.4,1.0,-0.6,0,0,0.15377289772811567
1.7714285714285714,1.1608391608391608,0.5959183673469388,0.43356643356643354,0.6105894105894105,0.16235193378050528,0.20034251462822872,0.6,0.4,0.19999999999999996,0,1,0.6449425164093195
1.2378048780487805,1.0,0.42073170731707316,0.08333333333333333,0.23780487804878048,0.33739837398373984,0.7357723577235773,0.2,0.0,0.2,0,1,0.6274261279269797
1.0333333333333334,1.0466666666666666,0.35,0.37333333333333335,-0.013333333333333197,-0.023333333333333373,-0.2333333333333334,0.2,0.4,-0.2,1,0,0.4014570525637679
1.0909090909090908,1.0363636363636364,0.44545454545454544,0.4727272727272727,0.05454545454545445,-0.027272727272727282,-0.1454545454545455,1.0,0.6,0.4,1,0,0.46748842802949847
1.528301886792453,0.8962264150943396,0.6226415094339622,0.3584905660377358,0.6320754716981133,0.2641509433962264,0.5471698113207547,0.8,0.6,0.20000000000000007,0,1,0.687155823324165
0.9571428571428572,1.3428571428571427,0.5285714285714286,0.4714285714285714,-0.38571428571428557,0.05714285714285716,0.2857142857142857,0.8,0.6,0.20000000000000007,1,0,0.4125810420533476
1.6267942583732058,1.985645933014354,0.5789473684210527,0.6555023923444976,-0.3588516746411483,-0.07655502392344493,0.009569377990430672,1.0,1.0,0.0,1,0,0.3866603042952221
1.0240963855421688,2.185840707964602,0.3855421686746988,0.7345132743362832,-1.161744322422433,-0.3489711056615844,-0.42904360806056074,0.6,0.6,0.0,0,0,0.17674967936869404
1.8860759493670887,1.2682926829268293,0.7215189873417721,0.4634146341463415,0.6177832664402594,0.2581043531954306,0.3831429453535041,1.0,0.8,0.19999999999999996,1,1,0.6784852251241814
1.2788844621513944,1.1924398625429553,0.4581673306772908,0.5154639175257731,0.08644459960843909,-0.05729658684848232,-0.20337892416587944,0.6,0.8,-0.20000000000000007,1,0,0.4319189677056104
1.2352941176470589,1.6470588235294117,0.35294117647058826,0.47058823529411764,-0.4117647058823528,-0.11764705882352938,-0.7647058823529411,0.4,0.6,-0.19999999999999996,0,0,0.27226876843528214
1.0887573964497042,0.9139784946236559,0.4378698224852071,0.3978494623655914,0.17477890182604827,0.04002036011961574,-0.22008016797098673,0.4,0.6,-0.19999999999999996,0,0,0.45028254123041855
1.5034013605442176,1.2394366197183098,0.5170068027210885,0.4507042253521127,0.2639647408259078,0.06630257736897577,0.10817284660342996,0.6,0.4,0.19999999999999996,0,1,0.5474546197226549
0.8333333333333334,1.1097560975609757,0.16666666666666666,0.47560975609756095,-0.27642276422764234,-0.3089430894308943,0.5284552845528455,0.0,0.6,-0.6,1,0,0.37602956160062423
1.1428571428571428,1.7142857142857142,0.14285714285714285,0.14285714285714285,-0.5714285714285714,0.0,0.0,0.0,0.0,0.0,1,0,0.33517950241595834
1.032258064516129,1.4838709677419355,0.3225806451612903,0.6129032258064516,-0.4516129032258065,-0.2903225806451613,-0.35483870967741926,0.2,0.8,-0.6000000000000001,0,0,0.263364423991489
1.469387755102041,1.0985915492957747,0.6360544217687075,0.4154929577464789,0.37079620580626615,0.22056146402222865,0.4320206956021845,0.6,0.6,0.0,1,1,0.6059077665671517
1.1762295081967213,1.25,0.4057377049180328,0.25,-0.07377049180327866,0.1557377049180328,0.3883196721311475,0.6,0.6,0.0,0,0,0.4961946102848368
1.0,1.6818181818181819,0.2727272727272727,0.5909090909090909,-0.6818181818181819,-0.31818181818181823,-0.7272727272727273,0.6,0.4,0.19999999999999996,0,0,0.23124687184717124
1.0512820512820513,1.0769230769230769,0.3333333333333333,0.4358974358974359,-0.02564102564102555,-0.10256410256410259,-0.0769230769230771,0.4,0.4,0.0,1,0,0.4226587243361781
1.4210526315789473,1.236842105263158,0.6842105263157895,0.39473684210526316,0.18421052631578938,0.2894736842105263,0.5,0.6,0.4,0.19999999999999996,0,1,0.5908202129217627
1.2166666666666666,1.2083333333333333,0.3,0.3541666666666667,0.008333333333333304,-0.054166666666666696,0.2645833333333334,0.0,0.4,-0.4,1,0,0.4522979127913268
1.4934497816593886,1.519650655021834,0.39737991266375544,0.462882096069869,-0.026200873362445476,-0.06550218340611358,-0.2707423580786026,0.2,1.0,-0.8,0,0,0.3714617139892148
1.148936170212766,1.8888888888888888,0.5531914893617021,0.3333333333333333,-0.7399527186761228,0.21985815602836883,0.2600472813238771,0.6,0.0,0.6,1,0,0.3803908476745176
1.1730769230769231,0.8787878787878788,0.38461538461538464,0.25757575757575757,0.29428904428904434,0.12703962703962707,0.23543123543123556,0.2,0.4,-0.2,1,1,0.5384428386490733
1.1020408163265305,1.735042735042735,0.22448979591836735,0.47863247863247865,-0.6330019187162046,-0.25414268271411133,-0.24646781789638927,0.4,0.8,-0.4,0,0,0.2601716553220321
1.8035714285714286,1.1607142857142858,0.6428571428571429,0.32142857142857145,0.6428571428571428,0.32142857142857145,0.9285714285714285,0.6,0.4,0.19999999999999996,1,1,0.735473727146794
1.2740740740740741,1.0149253731343284,0.4222222222222222,0.3283582089552239,0.25914870093974574,0.09386401326699834,0.2880044223327807,0.6,0.8,-0.20000000000000007,1,1,0.5402483066211298
1.0769230769230769,0.8461538461538461,0.38461538461538464,0.2692307692307692,0.23076923076923073,0.11538461538461542,0.038461538461538325,0.6,0.2,0.39999999999999997,1,1,0.537251893361881
1.6,2.2051282051282053,0.0,0.717948717948718,-0.6051282051282052,-0.717948717948718,0.0461538461538461,0.0,0.8,-0.8,1,0,0.24989226307401669
1.2675438596491229,0.75,0.41228070175438597,0.375,0.5175438596491229,0.03728070175438597,-0.5679824561403508,0.0,0.6,-0.6,0,0,0.46219142998086893
0.9661016949152542,1.2449799196787148,0.4067796610169492,0.43373493975903615,-0.2788782247634606,-0.026955278742086974,0.038050507113198684,0.8,0.4,0.4,1,0,0.4130454504728268
1.3660714285714286,1.3303571428571428,0.4732142857142857,0.42857142857142855,0.03571428571428581,0.04464285714285715,0.02678571428571419,0.6,1.0,-0.4,0,0,0.44856113898941874
1.218274111675127,0.9111111111111111,0.4873096446700508,0.3333333333333333,0.3071630005640159,0.15397631133671746,0.25403271291596163,0.8,0.6,0.20000000000000007,0,1,0.5744763465830828
1.7835051546391754,1.1587301587301588,0.6185567010309279,0.42857142857142855,0.6247749959090165,0.1899852724594993,0.5873015873015872,0.6,0.4,0.19999999999999996,1,1,0.6892807456077933
2.1518324607329844,2.0,0.8115183246073299,0.6770833333333334,0.1518324607329844,0.1344349912739965,0.042348385689354284,0.8,0.8,0.0,0,1,0.5298047507472999
1.0330188679245282,1.2358490566037736,0.4009433962264151,0.4339622641509434,-0.2028301886792454,-0.033018867924528295,0.08962264150943389,0.6,0.0,0.6,1,0,0.44606367638615224
1.3139013452914798,1.427027027027027,0.4663677130044843,0.5027027027027027,-0.11312568173554727,-0.036334989698218356,-0.10973215367834199,0.6,0.4,0.19999999999999996,1,0,0.42714326154799115
1.5335570469798658,1.325503355704698,0.6073825503355704,0.5771812080536913,0.20805369127516782,0.030201342281879096,0.07046979865771807,0.4,0.2,0.2,0,1,0.5248742804719742
1.1595744680851063,1.1012658227848102,0.48404255319148937,0.4936708860759494,0.058308645300296114,-0.009628332884460022,-0.12489900350121186,0.8,0.4,0.4,0,0,0.4720363270785844
1.0338983050847457,0.9322033898305084,0.2542372881355932,0.423728813559322,0.10169491525423724,-0.1694915254237288,-0.6101694915254237,0.6,0.6,0.0,0,0,0.3863731414429935
2.1363636363636362,1.4545454545454546,0.5454545454545454,0.36363636363636365,0.6818181818181817,0.18181818181818177,0.045454545454545414,0.6,0.4,0.19999999999999996,0,1,0.6569846943477347
1.1570247933884297,2.3813229571984436,0.3140495867768595,0.7354085603112841,-1.2242981638100139,-0.4213589735344246,-0.8740392963951507,0.0,0.8,-0.8,0,0,0.1179202823387891
0.782608695652174,0.9565217391304348,0.2608695652173913,0.2608695652173913,-0.17391304347826086,0.0,0.17391304347826075,0.4,0.4,0.0,0,0,0.42248774543166706
1.9313725490196079,1.1568627450980393,0.6372549019607843,0.4411764705882353,0.7745098039215685,0.196078431372549,0.05882352941176472,0.6,0.8,-0.20000000000000007,1,1,0.6478700942752029
1.2848837209302326,0.78125,0.42441860465116277,0.234375,0.5036337209302326,0.19004360465116277,0.4938226744186047,0.4,0.4,0.0,0,1,0.6324989989469944
1.131578947368421,2.517543859649123,0.39473684210526316,0.7456140350877193,-1.3859649122807018,-0.3508771929824561,-0.48684210526315796,0.6,0.8,-0.20000000000000007,0,0,0.14319415875792524
1.870503597122302,1.3021582733812949,0.6258992805755396,0.4460431654676259,0.5683453237410072,0.17985611510791366,0.17266187050359716,0.4,0.4,0.0,0,1,0.625224353414797
2.1621621621621623,1.5135135135135136,0.7162162162162162,0.5135135135135135,0.6486486486486487,0.20270270270270274,0.2702702702702703,1.0,1.0,0.0,0,1,0.6661073585245139
1.4548611111111112,1.2126436781609196,0.5763888888888888,0.41379310344827586,0.2422174329501916,0.16259578544061298,0.19779693486590055,0.6,0.6,0.0,0,1,0.5481725445117203
1.1666666666666667,1.3055555555555556,0.16666666666666666,0.5277777777777778,-0.13888888888888884,-0.36111111111111116,-0.36111111111111116,0.0,0.4,-0.4,0,0,0.3266069061715339
2.3797468354430378,1.0,0.7088607594936709,0.43037974683544306,1.3797468354430378,0.27848101265822783,0.15189873417721533,1.0,0.6,0.4,1,1,0.8043512556196772
1.1111111111111112,1.5555555555555556,0.1111111111111111,0.2222222222222222,-0.4444444444444444,-0.1111111111111111,-0.3333333333333335,0.0,0.0,0.0,0,0,0.3150628454488006
1.2142857142857142,1.3571428571428572,0.35714285714285715,0.21428571428571427,-0.14285714285714302,0.14285714285714288,0.1428571428571428,0.8,0.6,0.20000000000000007,0,0,0.46835330572454065
0.9795918367346939,1.6064981949458483,0.2857142857142857,0.6101083032490975,-0.6269063582111545,-0.3243940175348118,-0.6422308995800488,0.2,0.8,-0.6000000000000001,0,0,0.20968358858690075
1.1746724890829694,1.2017543859649122,0.4890829694323144,0.5,-0.027081896881942846,-0.010917030567685615,0.08417605148241791,0.8,0.6,0.20000000000000007,0,0,0.4663002604458814
1.0694444444444444,1.1156462585034013,0.2777777777777778,0.3469387755102041,-0.04620181405895685,-0.06916099773242629,0.12046485260770967,0.4,0.4,0.0,1,0,0.44565956274236523
1.6153846153846154,1.8846153846153846,0.5865384615384616,0.6153846153846154,-0.26923076923076916,-0.028846153846153855,0.1923076923076923,0.6,0.6,0.0,1,0,0.4254925934742697
0.9591836734693877,2.2462311557788945,0.30612244897959184,0.8090452261306532,-1.2870474823095068,-0.5029227771510614,-0.7853553481694185,0.4,0.8,-0.4,0,0,0.12182031325112334
2.2323232323232323,1.1767676767676767,0.8080808080808081,0.4393939393939394,1.0555555555555556,0.3686868686868687,0.7979797979797979,0.8,0.4,0.4,1,1,0.8074660373183142
2.3814814814814813,1.17,0.7407407407407407,0.39,1.2114814814814814,0.3507407407407407,0.6922222222222223,0.8,0.2,0.6000000000000001,1,1,0.8297860245725748
1.296551724137931,1.0205479452054795,0.4827586206896552,0.410958904109589,0.2760037789324514,0.07179971658006618,0.03216816249409549,0.6,0.4,0.19999999999999996,0,1,0.5354748433693483
1.7962085308056872,2.080568720379147,0.5781990521327014,0.7440758293838863,-0.28436018957345977,-0.16587677725118488,-0.2559241706161137,0.4,0.8,-0.4,1,0,0.3429342625217634
1.267605633802817,1.1830985915492958,0.5774647887323944,0.5070422535211268,0.08450704225352124,0.07042253521126762,0.2535211267605634,0.4,0.6,-0.19999999999999996,0,0,0.49144011814388555
1.7,1.1129032258064515,0.66,0.3709677419354839,0.5870967741935484,0.28903225806451616,0.3764516129032257,0.8,0.2,0.6000000000000001,1,1,0.6891387037599501
1.309782608695652,0.9728260869565217,0.5,0.3423913043478261,0.3369565217391304,0.1576086956521739,0.04347826086956519,1.0,0.4,0.6,0,1,0.5853360962594876
1.5238095238095237,1.723809523809524,0.5333333333333333,0.6666666666666666,-0.20000000000000018,-0.1333333333333333,-0.4571428571428572,0.0,0.8,-0.8,1,0,0.30968176054940405
1.5520833333333333,1.2083333333333333,0.6770833333333334,0.53125,0.34375,0.14583333333333337,0.23958333333333337,0.8,0.0,0.8,1,1,0.6209035039797844
1.5063291139240507,1.1012658227848102,0.6835443037974683,0.4177215189873418,0.40506329113924044,0.26582278481012656,0.4177215189873419,0.4,0.8,-0.4,0,1,0.5914876730695396
2.207373271889401,1.2881355932203389,0.7695852534562212,0.4519774011299435,0.9192376786690619,0.3176078523262777,0.6171209872686089,0.8,0.6,0.20000000000000007,1,1,0.7625942808198551
1.2439024390243902,0.9108910891089109,0.43902439024390244,0.3465346534653465,0.3330113499154793,0.09248973677855593,0.29847862835063976,0.2,0.2,0.0,1,1,0.5631769968273437
1.5948275862068966,1.325,0.5172413793103449,0.35,0.2698275862068966,0.16724137931034488,0.41465517241379324,0.8,0.4,0.4,1,1,0.6093388497739077
1.5325670498084292,1.2298850574712643,0.6245210727969349,0.42911877394636017,0.30268199233716486,0.19540229885057475,0.30268199233716464,0.2,0.4,-0.2,0,1,0.5621281761024305
1.0751879699248121,1.105263157894737,0.41353383458646614,0.4456140350877193,-0.03007518796992481,-0.03208020050125315,-0.22556390977443597,0.2,0.6,-0.39999999999999997,0,0,0.3868955695973513
1.1964285714285714,1.445945945945946,0.4419642857142857,0.4594594594594595,-0.24951737451737466,-0.017495173745173787,0.354850386100386,0.2,0.8,-0.6000000000000001,0,0,0.3993318416009957
1.9259259259259258,1.3333333333333333,0.6296296296296297,0.48148148148148145,0.5925925925925926,0.1481481481481482,0.2592592592592593,0.6,0.8,-0.20000000000000007,1,1,0.6287950485728849
0.8414634146341463,1.543103448275862,0.32926829268292684,0.43103448275862066,-0.7016400336417158,-0.10176619007569382,-0.0060975609756097615,0.4,0.4,0.0,0,0,0.2927453546493239
0.8541666666666666,1.0408163265306123,0.34375,0.3673469387755102,-0.18664965986394566,-0.023596938775510223,-0.14094387755102034,0.2,0.4,-0.2,0,0,0.3707583801610943
0.8982035928143712,1.2325581395348837,0.3532934131736527,0.40310077519379844,-0.33435454672051246,-0.04980736202014574,-0.1936127744510978,0.6,0.6,0.0,0,0,0.34958365226269517
1.065934065934066,1.065934065934066,0.5054945054945055,0.4065934065934066,0.0,0.09890109890109888,0.19780219780219777,0.4,0.2,0.2,1,0,0.48813383929032844
0.8253968253968254,1.736842105263158,0.3333333333333333,0.543859649122807,-0.9114452798663326,-0.21052631578947373,-0.29490392648287367,0.0,0.4,-0.4,0,0,0.20596883835498866
1.0188679245283019,1.4835164835164836,0.41509433962264153,0.5494505494505495,-0.4646485589881817,-0.13435620982790797,-0.061579929504457676,0.6,0.6,0.0,0,0,0.33310126409912993
0.8064516129032258,1.1290322580645162,0.25806451612903225,0.41935483870967744,-0.3225806451612905,-0.16129032258064518,-0.19354838709677424,0.2,0.6,-0.39999999999999997,0,0,0.3161804094339171
1.6813186813186813,1.2637362637362637,0.6648351648351648,0.45054945054945056,0.41758241758241765,0.21428571428571425,0.25274725274725274,0.8,0.4,0.4,1,1,0.6259420705388137
0.7727272727272727,1.5,0.29545454545454547,0.0,-0.7272727272727273,0.29545454545454547,1.1893939393939392,0.2,0.0,0.2,0,0,0.4594637947498443
1.0895522388059702,0.9701492537313433,0.4626865671641791,0.5223880597014925,0.11940298507462688,-0.05970149253731338,-0.28358208955223885,0.4,1.0,-0.6,0,0,0.3982472576393906
1.1568627450980393,1.2941176470588236,0.3333333333333333,0.49019607843137253,-0.13725490196078427,-0.1568627450980392,-0.43137254901960786,0.2,0.6,-0.39999999999999997,0,0,0.3366489750261331
1.7475728155339805,1.1538461538461537,0.6116504854368932,0.46153846153846156,0.5937266616878267,0.1501120238984316,0.14473487677371177,1.0,0.2,0.8,1,1,0.6692515951656679
2.6724137931034484,1.3275862068965518,0.7931034482758621,0.43103448275862066,1.3448275862068966,0.36206896551724144,0.6034482758620691,0.8,0.4,0.4,1,1,0.8389514519267961
1.462686567164179,1.1194029850746268,0.47761194029850745,0.3283582089552239,0.34328358208955234,0.14925373134328357,0.7014925373134329,0.4,0.0,0.4,1,1,0.6455846629531219
1.3461538461538463,1.5041322314049588,0.4951923076923077,0.4132231404958678,-0.15797838525111252,0.08196916719643993,0.2482120152574696,0.6,0.2,0.39999999999999997,1,0,0.48241044325072807
1.4222222222222223,0.875,0.5111111111111111,0.125,0.5472222222222223,0.38611111111111107,0.6833333333333333,0.6,0.0,0.6,0,1,0.7126148830356269
1.1598173515981736,1.3,0.4703196347031963,0.4388888888888889,-0.14018264840182648,0.03143074581430744,0.15692541856925413,0.4,0.4,0.0,1,0,0.43933249149163944
1.0,1.3888888888888888,0.16666666666666666,0.3888888888888889,-0.38888888888888884,-0.22222222222222224,-0.38888888888888884,0.2,0.6,-0.39999999999999997,0,0,0.2876064786131919
1.1912568306010929,1.289655172413793,0.3825136612021858,0.42758620689655175,-0.09839834181270013,-0.04507254569436597,-0.032598454870925275,0.4,0.8,-0.4,0,0,0.39919258136084707
2.0185185185185186,0.9814814814814815,0.5925925925925926,0.37037037037037035,1.0370370370370372,0.2222222222222222,0.5925925925925926,0.4,0.4,0.0,1,1,0.7581159397625366
2.125714285714286,1.1314285714285715,0.7485714285714286,0.41714285714285715,0.9942857142857144,0.3314285714285714,0.6514285714285714,0.8,0.8,0.0,1,1,0.7676661683310124
1.103448275862069,2.6206896551724137,0.367816091954023,0.8275862068965517,-1.5172413793103448,-0.45977011494252873,-0.67816091954023,0.2,1.0,-0.8,0,0,0.10052349036142869
1.2971698113207548,1.410569105691057,0.419811320754717,0.4878048780487805,-0.11339929437030216,-0.06799355729406348,-0.20068262003374748,0.4,0.6,-0.19999999999999996,0,0,0.3896222471687699
1.1176470588235294,1.9893048128342246,0.3697478991596639,0.7112299465240641,-0.8716577540106951,-0.34148204736440024,-0.7807486631016042,0.6,1.0,-0.4,0,0,0.17802474209101646
1.0217391304347827,1.1593406593406594,0.32608695652173914,0.47802197802197804,-0.13760152890587674,-0.1519350215002389,-0.19386048733874817,0.4,0.4,0.0,1,0,0.38129110019148127
1.1240875912408759,1.6572769953051643,0.5255474452554745,0.6338028169014085,-0.5331894040642884,-0.10825537164593402,-0.10794695178369496,0.8,0.8,0.0,0,0,0.32089440886865495
0.8484848484848485,1.5938697318007662,0.30303030303030304,0.5440613026819924,-0.7453848833159177,-0.24103099965168934,-0.09508881922675028,0.2,0.8,-0.6000000000000001,0,0,0.23809417629805465
1.7452830188679245,1.0666666666666667,0.6745283018867925,0.4095238095238095,0.6786163522012578,0.26500449236298296,0.4663522012578617,0.4,0.4,0.0,1,1,0.6797863621154103
1.196969696969697,1.3333333333333333,0.5,0.42424242424242425,-0.13636363636363624,0.07575757575757575,0.2272727272727273,0.4,0.6,-0.19999999999999996,0,0,0.4415541878361868
0.9387755102040817,1.54,0.3979591836734694,0.648,-0.6012244897959184,-0.25004081632653063,-0.25828571428571423,0.4,0.4,0.0,0,0,0.2758793223413477
1.0404624277456647,1.4534883720930232,0.4277456647398844,0.5581395348837209,-0.4130259443473585,-0.13039387014383652,0.05393870143836521,0.4,0.2,0.2,0,0,0.36477053563844614
1.75,0.65625,0.5625,0.28125,1.09375,0.28125,0.4375,0.6,0.2,0.39999999999999997,1,1,0.7704998807600645
1.0,1.3516483516483517,0.31868131868131866,0.46153846153846156,-0.35164835164835173,-0.1428571428571429,-0.18681318681318682,0.6,0.4,0.19999999999999996,0,0,0.352926535414294
1.0721649484536082,1.0309278350515463,0.4948453608247423,0.4639175257731959,0.04123711340206193,0.030927835051546393,0.268041237113402,0.4,0.6,-0.19999999999999996,1,0,0.4748138087389171
1.1300448430493273,1.695067264573991,0.4304932735426009,0.6502242152466368,-0.5650224215246638,-0.21973094170403584,-0.36322869955156944,0.6,0.6,0.0,0,0,0.2813194867261058
0.5813953488372093,1.302325581395349,0.2558139534883721,0.4418604651162791,-0.7209302325581396,-0.18604651162790697,-0.4418604651162792,0.0,0.8,-0.8,1,0,0.20315987516983577
1.2158273381294964,1.1357142857142857,0.48201438848920863,0.5285714285714286,0.08011305241521072,-0.04655704008221995,-0.31711202466598154,0.8,0.6,0.20000000000000007,1,0,0.4413865340748766
2.2,0.9,0.4,0.2,1.3000000000000003,0.2,0.7000000000000001,0.8,0.4,0.4,1,1,0.8259865502233139
0.972972972972973,1.0675675675675675,0.3108108108108108,0.28378378378378377,-0.09459459459459452,0.02702702702702703,0.3513513513513513,0.0,0.4,-0.4,0,0,0.44007192198968853
0.983739837398374,1.146341463414634,0.3333333333333333,0.3983739837398374,-0.16260162601626005,-0.06504065040650409,-0.22764227642276436,0.6,0.4,0.19999999999999996,0,0,0.3926957446744656
1.0140845070422535,1.232394366197183,0.3591549295774648,0.45774647887323944,-0.2183098591549295,-0.09859154929577463,-0.07746478873239426,0.4,0.4,0.0,0,0,0.38190888413642876
1.0625,1.09009009009009,0.28125,0.4864864864864865,-0.027590090090090058,-0.2052364864864865,-0.40850225225225234,0.6,0.2,0.39999999999999997,0,0,0.4016040011952947
1.173913043478261,1.9565217391304348,0.2608695652173913,0.6434782608695652,-0.7826086956521738,-0.38260869565217387,-0.7043478260869567,0.4,0.4,0.0,0,0,0.2087433103179805
1.756,1.764,0.588,0.528,-0.008000000000000007,0.05999999999999994,0.3959999999999999,0.6,0.6,0.0,1,1,0.5176130737342333
0.4666666666666667,0.8666666666666667,0.2,0.4,-0.4,-0.2,-0.19999999999999996,0.2,0.6,-0.39999999999999997,1,0,0.289362190073879
1.2244897959183674,1.0574712643678161,0.3469387755102041,0.3793103448275862,0.16701853155055124,-0.03237156931738211,-0.018531550551255105,0.6,0.2,0.39999999999999997,0,1,0.508107964531601
1.4470588235294117,1.3529411764705883,0.47058823529411764,0.43529411764705883,0.09411764705882342,0.03529411764705881,-0.0352941176470587,1.0,0.4,0.6,0,1,0.5185313572396473
1.7009345794392523,0.9906542056074766,0.6822429906542056,0.4205607476635514,0.7102803738317757,0.2616822429906542,0.30841121495327106,0.8,0.8,0.0,1,1,0.6715192928440032
1.170731707317073,1.625,0.43902439024390244,0.25,-0.4542682926829269,0.18902439024390244,-0.19207317073170738,0.2,0.0,0.2,1,0,0.36311258113477657
1.3055555555555556,1.0,0.5,0.0,0.3055555555555556,0.5,-0.962962962962963,0.6,0.0,0.6,1,0,0.4955659545799034
1.782122905027933,0.7777777777777778,0.6089385474860335,0.2222222222222222,1.0043451272501551,0.3867163252638113,-0.2563625077591558,0.4,0.0,0.4,1,1,0.7014420975363748
0.7647058823529411,1.668639053254438,0.17647058823529413,0.6627218934911243,-0.9039331709014968,-0.48625130525583016,0.00591715976331364,0.0,0.4,-0.4,0,0,0.2118647579850379
0.9761904761904762,1.8571428571428572,0.35714285714285715,0.6428571428571429,-0.880952380952381,-0.28571428571428575,-0.7857142857142856,0.6,1.0,-0.4,0,0,0.17714540896426242
1.1964285714285714,0.8488372093023255,0.4107142857142857,0.3372093023255814,0.34759136212624586,0.07350498338870431,-0.1789867109634551,0.2,0.4,-0.2,1,0,0.49728882074090586
1.4382022471910112,1.2921348314606742,0.4606741573033708,0.449438202247191,0.146067415730337,0.011235955056179803,-0.2359550561797754,0.4,0.8,-0.4,1,0,0.43949308809953075
1.0833333333333333,1.5833333333333333,0.08333333333333333,0.3333333333333333,-0.5,-0.25,-0.6666666666666667,0.0,0.4,-0.4,0,0,0.24438768605603461
2.341708542713568,1.4522613065326633,0.7085427135678392,0.46733668341708545,0.8894472361809047,0.2412060301507537,0.37688442211055273,1.0,0.2,0.8,0,1,0.7638759399552574
1.1610169491525424,1.3076923076923077,0.3898305084745763,0.2692307692307692,-0.14667535853976532,0.12059973924380707,0.5462842242503259,0.2,0.2,0.0,1,0,0.49103008375698837
1.0559006211180124,1.250909090909091,0.39751552795031053,0.4581818181818182,-0.19500846979107855,-0.06066629023150766,-0.20566911349520045,0.2,0.6,-0.39999999999999997,1,0,0.3533460355244389
1.2753623188405796,1.0942028985507246,0.45652173913043476,0.4057971014492754,0.181159420289855,0.05072463768115937,-0.0869565217391306,0.4,0.6,-0.19999999999999996,0,0,0.4739193843075473
1.7952380952380953,1.0865384615384615,0.580952380952381,0.3173076923076923,0.7086996336996338,0.2636446886446887,0.6281135531135531,0.6,0.2,0.39999999999999997,0,1,0.7248898056388182
1.3296703296703296,1.0769230769230769,0.43956043956043955,0.4175824175824176,0.25274725274725274,0.021978021978021955,-0.13186813186813184,0.4,0.6,-0.19999999999999996,1,0,0.4832819852330486
1.2087912087912087,1.6923076923076923,0.4065934065934066,0.5054945054945055,-0.4835164835164836,-0.09890109890109888,-0.16483516483516492,0.2,0.4,-0.2,0,0,0.3146396606250631
2.3095238095238093,0.8695652173913043,0.7142857142857143,0.32608695652173914,1.439958592132505,0.38819875776397517,0.8095238095238095,0.8,0.0,0.8,1,1,0.8683426628056954
0.7916666666666666,1.0,0.20833333333333334,0.43548387096774194,-0.20833333333333337,-0.2271505376344086,-0.1586021505376345,0.2,0.8,-0.6000000000000001,0,0,0.32509884943640094
1.7638888888888888,1.2752808988764044,0.6851851851851852,0.47752808988764045,0.48860799001248445,0.20765709529754478,0.33447773616312937,1.0,0.6,0.4,1,1,0.6519117543746029
0.9180327868852459,1.2295081967213115,0.47540983606557374,0.5737704918032787,-0.3114754098360656,-0.09836065573770492,0.0,0.6,0.6,0.0,1,0,0.368071499853479
1.85,1.2159468438538206,0.69,0.48172757475083056,0.6340531561461795,0.2082724252491694,0.2628349944629014,0.8,0.4,0.4,1,1,0.6730947257072513
0.6,1.4375,0.13333333333333333,0.125,-0.8375,0.008333333333333331,-0.3791666666666669,0.0,0.4,-0.4,1,0,0.2227032763152176
1.3333333333333333,0.8125,0.47619047619047616,0.3125,0.5208333333333333,0.16369047619047616,0.14236111111111116,0.2,0.2,0.0,0,1,0.5940480598448112
1.268041237113402,2.0463917525773194,0.4896907216494845,0.7525773195876289,-0.7783505154639174,-0.26288659793814434,-0.3711340206185566,0.6,0.8,-0.20000000000000007,0,0,0.23626785088826774
1.4489795918367347,1.3928571428571428,0.5051020408163265,0.5051020408163265,0.056122448979591955,0.0,-0.10204081632653073,0.8,0.6,0.20000000000000007,0,0,0.47303582429836105
0.9748743718592965,1.2553191489361701,0.39195979899497485,0.44680851063829785,-0.28044477707687365,-0.054848711643323,0.03891799422645148,0.0,1.0,-1.0,0,0,0.3267112760701467
0.9591836734693877,1.368421052631579,0.30612244897959184,0.3157894736842105,-0.4092373791621913,-0.009667024704618665,-0.6122448979591837,0.2,0.2,0.0,1,0,0.29683060568174385
1.5669291338582678,1.8779527559055118,0.484251968503937,0.6653543307086615,-0.311023622047244,-0.18110236220472448,-0.28740157480314954,0.6,0.4,0.19999999999999996,1,0,0.36166952651475964
1.4390243902439024,1.3902439024390243,0.5487804878048781,0.4878048780487805,0.04878048780487809,0.060975609756097615,0.07317073170731692,0.6,0.4,0.19999999999999996,1,0,0.49445925612090624
1.169811320754717,1.0510638297872341,0.5283018867924528,0.4425531914893617,0.11874749096748283,0.08574869530309115,0.17762612070119088,0.6,0.4,0.19999999999999996,0,1,0.514795130590014
1.4755244755244756,1.6470588235294117,0.5629370629370629,0.6020761245674741,-0.17153434800493605,-0.03913906163041114,-0.008299658818690103,0.8,0.6,0.20000000000000007,1,0,0.4315198406381814
0.6666666666666666,1.0909090909090908,0.2727272727272727,0.3333333333333333,-0.4242424242424242,-0.06060606060606061,0.2727272727272727,0.6,0.6,0.0,0,0,0.3742269216690296
0.9241379310344827,1.1045454545454545,0.3448275862068966,0.4954545454545455,-0.18040752351097178,-0.1506269592476489,-0.17962382445141056,0.0,0.6,-0.6,0,0,0.33493844032960796
1.0169491525423728,1.3426966292134832,0.3728813559322034,0.6235955056179775,-0.32574747667111037,-0.2507141496857741,-0.38354599123976385,0.2,0.4,-0.2,1,0,0.30351453067565526
1.1235294117647059,1.8705882352941177,0.4,0.6647058823529411,-0.7470588235294118,-0.2647058823529411,-0.3764705882352941,0.4,0.6,-0.19999999999999996,1,0,0.23679558944643408
1.1363636363636365,1.1136363636363635,0.3181818181818182,0.3181818181818182,0.02272727272727293,0.0,0.06818181818181812,0.2,0.2,0.0,1,0,0.4607790763429679
1.3544303797468353,1.5738396624472575,0.4978902953586498,0.540084388185654,-0.21940928270042215,-0.04219409282700415,-0.11392405063291133,0.2,0.8,-0.6000000000000001,1,0,0.3567297604348162
1.2828947368421053,0.9894736842105263,0.42105263157894735,0.3473684210526316,0.293421052631579,0.07368421052631574,-0.044736842105263186,0.2,0.4,-0.2,1,1,0.5039424465825438
1.0434782608695652,0.9880952380952381,0.30434782608695654,0.42857142857142855,0.05538302277432705,-0.124223602484472,-0.3545548654244306,0.2,0.6,-0.39999999999999997,0,0,0.3823346426142659
2.02755905511811,1.0866141732283465,0.7716535433070866,0.3858267716535433,0.9409448818897637,0.3858267716535433,0.5039370078740156,0.8,0.4,0.4,1,1,0.7655776106044629
1.173913043478261,1.25,0.3695652173913043,0.16666666666666666,-0.07608695652173902,0.20289855072463767,0.16666666666666674,0.2,0.2,0.0,1,0,0.4720004571095161
1.130952380952381,1.6557377049180328,0.39285714285714285,0.5655737704918032,-0.5247853239656519,-0.1727166276346604,-0.3866120218579234,0.4,0.4,0.0,0,0,0.2891040084003785
1.4836601307189543,2.6943231441048034,0.477124183006536,0.7903930131004366,-1.2106630133858491,-0.31326883009390066,-0.44441590318805835,0.6,0.6,0.0,1,0,0.18005381943869514
1.6865671641791045,1.462686567164179,0.582089552238806,0.4626865671641791,0.22388059701492535,0.11940298507462688,0.5074626865671643,0.2,0.4,-0.2,1,1,0.5672014786546014
1.6511627906976745,1.1627906976744187,0.6511627906976745,0.4186046511627907,0.4883720930232558,0.23255813953488375,0.5116279069767443,0.8,0.2,0.6000000000000001,0,1,0.6780476601944138
2.0948275862068964,1.3675213675213675,0.7327586206896551,0.5982905982905983,0.7273062186855288,0.13446802239905686,0.46315944591806657,1.0,0.4,0.6,1,1,0.7207764420706606
1.2857142857142858,1.492063492063492,0.4126984126984127,0.4603174603174603,-0.20634920634920628,-0.047619047619047616,0.0,0.2,0.6,-0.39999999999999997,1,0,0.381339859151957
1.44,1.04,0.4,0.36,0.3999999999999999,0.040000000000000036,-0.15999999999999992,0.6,0.8,-0.20000000000000007,0,1,0.5198171089859591
2.0,1.2272727272727273,0.45454545454545453,0.3181818181818182,0.7727272727272727,0.13636363636363635,0.27272727272727293,0.4,0.8,-0.4,0,1,0.6573410083890157
0.9655172413793104,0.896551724137931,0.3793103448275862,0.20689655172413793,0.06896551724137934,0.17241379310344826,0.1724137931034484,0.4,0.6,-0.19999999999999996,1,0,0.4829793394665942
0.8125,1.4210526315789473,0.25,0.5394736842105263,-0.6085526315789473,-0.2894736842105263,-0.6546052631578947,0.4,0.6,-0.19999999999999996,0,0,0.22781844932098733
2.1140939597315436,1.4496644295302012,0.7583892617449665,0.5906040268456376,0.6644295302013423,0.16778523489932884,0.5302013422818791,0.8,0.6,0.20000000000000007,1,1,0.6979312631492033
1.0666666666666667,0.8333333333333334,0.3333333333333333,0.3,0.23333333333333328,0.033333333333333326,-0.5666666666666667,0.2,0.4,-0.2,0,0,0.42239480156773296
1.5597014925373134,1.0833333333333333,0.5373134328358209,0.2916666666666667,0.4763681592039801,0.2456467661691542,0.5066853233830846,0.4,0.4,0.0,1,1,0.6404432598424612
2.706896551724138,0.8095238095238095,0.7844827586206896,0.3333333333333333,1.8973727422003284,0.4511494252873563,0.3464696223316912,0.4,0.2,0.2,1,1,0.8788163403685284
1.5585106382978724,0.8660714285714286,0.6117021276595744,0.35714285714285715,0.6924392097264438,0.2545592705167173,0.23746200607902745,0.8,0.0,0.8,1,1,0.6983460288471465
2.205263157894737,0.9736842105263158,0.8105263157894737,0.39473684210526316,1.2315789473684209,0.4157894736842105,0.5631578947368421,1.0,0.6,0.4,1,1,0.8174236282795115
0.9477124183006536,1.130718954248366,0.37254901960784315,0.45098039215686275,-0.18300653594771243,-0.0784313725490196,-0.0980392156862746,0.2,0.2,0.0,1,0,0.3844000077258407
1.5294117647058822,2.088235294117647,0.4411764705882353,0.5882352941176471,-0.5588235294117649,-0.1470588235294118,-0.23529411764705888,0.4,0.6,-0.19999999999999996,1,0,0.30056722848382594
0.9454545454545454,1.6938775510204083,0.38181818181818183,0.6653061224489796,-0.7484230055658628,-0.28348794063079774,-0.3948051948051948,0.4,1.0,-0.6,1,0,0.21327655017546587
0.8846153846153846,1.0980392156862746,0.15384615384615385,0.30392156862745096,-0.21342383107089002,-0.1500754147812971,-0.024886877828054432,0.4,0.6,-0.19999999999999996,0,0,0.37233052994148363
0.875,1.24,0.1875,0.46,-0.365,-0.2725,-0.44500000000000006,0.2,0.4,-0.2,0,0,0.288016764502887
1.6160714285714286,1.625,0.5267857142857143,0.5535714285714286,-0.008928571428571397,-0.0267857142857143,-0.09821428571428581,0.6,0.6,0.0,1,0,0.4486913341213463
0.9649122807017544,1.1318681318681318,0.3684210526315789,0.42857142857142855,-0.16695585116637746,-0.06015037593984962,-0.13302486986697515,0.4,0.4,0.0,0,0,0.3881374025003464
1.103896103896104,1.103896103896104,0.38961038961038963,0.38961038961038963,0.0,0.0,0.22077922077922074,0.6,0.6,0.0,1,0,0.47460787304022006
1.5430463576158941,1.6466666666666667,0.5364238410596026,0.6133333333333333,-0.10362030905077257,-0.07690949227373067,-0.18503311258278132,0.8,0.8,0.0,0,0,0.41345729403758413
2.3270142180094786,1.1066666666666667,0.7014218009478673,0.25333333333333335,1.220347551342812,0.44808846761453397,0.9120379146919431,0.6,0.2,0.39999999999999997,1,1,0.841919245354063
1.5338983050847457,1.08,0.4322033898305085,0.22,0.4538983050847456,0.2122033898305085,0.2542372881355932,0.6,0.2,0.39999999999999997,1,1,0.6310629557666169
1.238709677419355,1.1806451612903226,0.4645161290322581,0.43870967741935485,0.058064516129032295,0.025806451612903236,0.058064516129032295,0.4,0.0,0.4,0,0,0.4957198450849233
1.5,1.1451612903225807,0.46774193548387094,0.3548387096774194,0.35483870967741926,0.11290322580645157,0.0,0.8,0.2,0.6000000000000001,0,1,0.5849641245714865
1.1219512195121952,1.297872340425532,0.3821138211382114,0.3404255319148936,-0.17592112091333667,0.0416882892233178,0.08476042207230572,0.4,0.0,0.4,1,0,0.44858370087522026
1.640625,1.444954128440367,0.59375,0.5321100917431193,0.19567087155963292,0.061639908256880704,0.06038560779816504,1.0,0.8,0.19999999999999996,0,1,0.5342191514088054
1.6666666666666667,1.0833333333333333,0.5416666666666666,0.3541666666666667,0.5833333333333335,0.18749999999999994,-0.04166666666666652,0.4,0.4,0.0,1,1,0.6007036515392362
1.2587412587412588,1.223809523809524,0.4370629370629371,0.5428571428571428,0.03493173493173485,-0.10579420579420573,-0.30166500166500176,0.4,0.6,-0.19999999999999996,0,0,0.4033760571007108
1.0505050505050506,1.73109243697479,0.40404040404040403,0.634453781512605,-0.6805873864697394,-0.23041337747220098,-0.0769883711060182,0.6,0.8,-0.20000000000000007,0,0,0.2757318385690282
1.644808743169399,1.4098360655737705,0.5956284153005464,0.4972677595628415,0.23497267759562845,0.09836065573770492,0.1420765027322406,0.6,0.4,0.19999999999999996,1,1,0.551686550373656
1.3495934959349594,1.951219512195122,0.4634146341463415,0.6504065040650406,-0.6016260162601625,-0.18699186991869915,0.016260162601626105,0.4,0.8,-0.4,1,0,0.2980477336225083
1.2421052631578948,1.105263157894737,0.43157894736842106,0.43157894736842106,0.13684210526315788,0.0,-0.021052631578947434,0.6,0.2,0.39999999999999997,1,1,0.5035494438004486
1.0909090909090908,1.2545454545454546,0.41818181818181815,0.5636363636363636,-0.1636363636363638,-0.14545454545454545,-0.1636363636363637,0.4,0.6,-0.19999999999999996,0,0,0.3693381852439305
1.0,1.4150943396226414,0.125,0.4858490566037736,-0.4150943396226414,-0.3608490566037736,-0.8113207547169812,0.0,0.2,-0.2,0,0,0.24302456621892052
1.098360655737705,1.0421052631578946,0.26229508196721313,0.24210526315789474,0.05625539257981038,0.02018981880931839,0.2352027610008629,0.2,0.2,0.0,0,0,0.48881469389110754
1.6705882352941177,0.6666666666666666,0.5411764705882353,0.0,1.003921568627451,0.5411764705882353,0.010457516339869466,1.0,0.0,1.0,1,1,0.7675125989727383
1.12,1.61,0.39,0.57,-0.49,-0.17999999999999994,-0.04999999999999982,0.6,0.4,0.19999999999999996,0,0,0.3394689663687042
1.2564102564102564,1.0232558139534884,0.441025641025641,0.23255813953488372,0.23315444245676797,0.2084675014907573,-0.07406082289803217,0.2,0.2,0.0,1,1,0.5120509015178628
0.7727272727272727,1.1904761904761905,0.3181818181818182,0.3333333333333333,-0.41774891774891776,-0.015151515151515138,-0.2186147186147187,0.4,0.2,0.2,1,0,0.3398105049630108
1.0147058823529411,1.4980544747081712,0.35294117647058826,0.5603112840466926,-0.4833485923552301,-0.20737010757610436,-0.203879606317235,0.6,0.0,0.6,1,0,0.3410304932354999
1.5027624309392265,1.3149171270718232,0.5138121546961326,0.4696132596685083,0.18784530386740328,0.04419889502762431,0.19889502762430933,0.4,0.6,-0.19999999999999996,1,1,0.5140159213728474
0.8771929824561403,1.2,0.2982456140350877,0.4,-0.32280701754385965,-0.10175438596491232,-0.1897243107769424,0.0,0.2,-0.2,0,0,0.33189051035144784
1.4108108108108108,1.1258278145695364,0.42702702702702705,0.3973509933774834,0.28498299624127443,0.02967603364954363,-0.18074100590656883,0.2,0.0,0.2,0,1,0.5100521650974292
1.3775510204081634,1.3333333333333333,0.5408163265306123,0.26666666666666666,0.04421768707483009,0.2741496598639456,0.5795918367346939,0.8,0.6,0.20000000000000007,0,1,0.5726219669361851
0.835820895522388,1.1194029850746268,0.31343283582089554,0.4626865671641791,-0.28358208955223874,-0.14925373134328357,-0.25373134328358216,0.6,0.4,0.19999999999999996,0,0,0.35340474938826427
1.0416666666666667,1.1458333333333333,0.2916666666666667,0.3125,-0.10416666666666652,-0.020833333333333315,0.2708333333333335,0.6,0.4,0.19999999999999996,1,0,0.4678064005357646
0.8920863309352518,1.0253164556962024,0.3597122302158273,0.34177215189873417,-0.13323012476095064,0.017940078317093155,-0.24961296785356524,0.4,0.0,0.4,1,0,0.41027165451025566
1.53125,1.6575342465753424,0.40625,0.5342465753424658,-0.12628424657534243,-0.12799657534246578,-0.329195205479452,0.2,0.4,-0.2,0,0,0.37352684510941225
1.380952380952381,1.3452380952380953,0.48214285714285715,0.5,0.03571428571428559,-0.01785714285714285,-0.06547619047619047,0.6,0.4,0.19999999999999996,0,0,0.46721296438414484
1.463768115942029,1.3623188405797102,0.5507246376811594,0.3333333333333333,0.10144927536231885,0.2173913043478261,0.9999999999999999,0.6,0.6,0.0,0,1,0.6144530323320916
1.1929824561403508,1.4104046242774566,0.4152046783625731,0.4913294797687861,-0.2174221681371058,-0.07612480140621303,0.08210796741371729,0.4,0.2,0.2,0,0,0.4179560876892421
1.7853107344632768,2.4293785310734464,0.6101694915254238,0.7288135593220338,-0.6440677966101696,-0.11864406779661008,-0.062146892655367214,0.4,1.0,-0.6,1,0,0.2892149241438261
1.4700854700854702,1.7470355731225296,0.4358974358974359,0.5849802371541502,-0.27695010303705936,-0.14908280125671425,-0.17502787068004455,0.4,0.4,0.0,1,0,0.36836184446977405
1.2857142857142858,1.4230769230769231,0.40476190476190477,0.5705128205128205,-0.13736263736263732,-0.16575091575091572,-0.18131868131868134,0.6,0.6,0.0,0,0,0.3903832214076213
2.2857142857142856,1.3571428571428572,0.35714285714285715,0.2857142857142857,0.9285714285714284,0.07142857142857145,-0.2142857142857144,0.6,0.4,0.19999999999999996,1,1,0.6753294040348811
1.2696629213483146,1.550561797752809,0.42696629213483145,0.42696629213483145,-0.2808988764044944,0.0,0.1348314606741572,0.6,0.4,0.19999999999999996,1,0,0.42257825534591265
0.8404255319148937,0.9705882352941176,0.30851063829787234,0.3235294117647059,-0.13016270337922398,-0.015018773466833557,-0.01001251564455563,0.6,0.4,0.19999999999999996,1,0,0.42397252180751827
1.1826923076923077,1.2058823529411764,0.33653846153846156,0.3235294117647059,-0.023190045248868696,0.013009049773755665,-0.3523755656108596,0.0,0.4,-0.4,0,0,0.38218260853921765
1.350194552529183,1.336322869955157,0.4163424124513619,0.4977578475336323,0.013871682574025934,-0.0814154350822704,-0.3506133203050026,0.0,0.4,-0.4,0,0,0.38460104361958497
1.0128205128205128,1.8461538461538463,0.2564102564102564,0.7692307692307693,-0.8333333333333335,-0.5128205128205129,-1.2307692307692308,0.2,0.8,-0.6000000000000001,0,0,0.13693790126387378
1.170731707317073,1.6585365853658536,0.2926829268292683,0.4634146341463415,-0.4878048780487805,-0.1707317073170732,0.12195121951219501,0.2,0.8,-0.6000000000000001,0,0,0.3163463707014798
1.5,1.452755905511811,0.41338582677165353,0.4881889763779528,0.04724409448818889,-0.07480314960629925,-0.23228346456692917,0.2,0.8,-0.6000000000000001,1,0,0.4005690396531206
0.9431818181818182,1.7954545454545454,0.375,0.6931818181818182,-0.8522727272727272,-0.31818181818181823,-0.3181818181818181,0.6,0.4,0.19999999999999996,1,0,0.23581397281248992
1.4666666666666666,0.8738738738738738,0.2,0.3063063063063063,0.5927927927927927,-0.10630630630630628,0.07567567567567557,0.4,0.2,0.2,1,1,0.5981889929632414
1.1683168316831682,0.9206349206349206,0.39603960396039606,0.4126984126984127,0.24768191104824766,-0.016658808738016617,-0.3246896118183247,0.4,0.4,0.0,0,0,0.46337339910360903
1.2105263157894737,1.3157894736842106,0.42105263157894735,0.42105263157894735,-0.10526315789473695,0.0,0.5789473684210527,0.2,0.8,-0.6000000000000001,0,0,0.4569796113751501
1.3064516129032258,1.2473118279569892,0.46774193548387094,0.43548387096774194,0.05913978494623651,0.032258064516129004,-0.043010752688172005,0.4,0.2,0.2,1,0,0.47558776355061283
1.7695473251028806,1.354066985645933,0.5925925925925926,0.49760765550239233,0.4154803394569475,0.09498493709020023,0.12706007442849532,0.4,0.6,-0.19999999999999996,1,1,0.5665855551406237
1.1528662420382165,0.7142857142857143,0.40764331210191085,0.2857142857142857,0.4385805277525022,0.12192902638762515,0.3603275705186535,0.6,0.6,0.0,1,1,0.5962080444102934
1.7063829787234042,1.1666666666666667,0.6085106382978723,0.46464646464646464,0.5397163120567374,0.1438641736514077,0.17191059531485076,0.4,0.8,-0.4,1,1,0.5882032352571531
1.3911111111111112,2.780730897009967,0.47555555555555556,0.7973421926910299,-1.3896197858988557,-0.32178663713547434,-0.41445551864156527,0.6,1.0,-0.4,0,0,0.1461772481813562
1.2119815668202765,0.9320388349514563,0.42857142857142855,0.3592233009708738,0.2799427318688201,0.06934812760055475,-0.029528880139590985,0.2,0.4,-0.2,0,0,0.4997362410362391
1.4492753623188406,0.8888888888888888,0.7246376811594203,0.2222222222222222,0.5603864734299517,0.5024154589371981,0.24637681159420288,0.6,0.0,0.6,0,1,0.6798309807153002
2.662857142857143,1.4098360655737705,0.7657142857142857,0.4262295081967213,1.2530210772833723,0.3394847775175644,0.8417798594847775,0.8,0.6,0.20000000000000007,1,1,0.8356093508017964
1.78,1.1293103448275863,0.5733333333333334,0.3879310344827586,0.6506896551724137,0.18540229885057474,0.20942528735632182,0.8,0.6,0.20000000000000007,1,1,0.6582506742683374
0.8679245283018868,1.617391304347826,0.3018867924528302,0.6,-0.7494667760459393,-0.2981132075471698,-0.5908121410992617,0.6,0.8,-0.20000000000000007,0,0,0.2135786908908149
1.1111111111111112,1.2278481012658229,0.3333333333333333,0.46835443037974683,-0.11673699015471173,-0.13502109704641352,0.14345991561181437,0.0,0.2,-0.2,0,0,0.4118275553076916
1.2926829268292683,1.7621951219512195,0.4146341463414634,0.6158536585365854,-0.4695121951219512,-0.20121951219512196,-0.4024390243902438,0.2,0.2,0.0,0,0,0.29758324739133696
1.0,3.0,0.17647058823529413,0.6470588235294118,-2.0,-0.47058823529411764,-0.7058823529411765,0.4,1.0,-0.6,0,0,0.0716569444600112
2.091703056768559,1.1219512195121952,0.7379912663755459,0.36585365853658536,0.9697518372563638,0.37213760783896055,0.7825824546455071,0.6,0.6,0.0,1,1,0.7754249683406328
1.5228426395939085,1.5380710659898478,0.4213197969543147,0.4010152284263959,-0.015228426395939243,0.020304568527918787,0.12690355329949243,0.2,0.2,0.0,1,0,0.4727721327809085
1.1986301369863013,1.3785046728971964,0.4246575342465753,0.43457943925233644,-0.17987453591089508,-0.009921905005761122,0.11125336064524394,0.4,0.4,0.0,0,0,0.4240755163570235
1.0844155844155845,1.0324675324675325,0.42207792207792205,0.5,0.051948051948051965,-0.07792207792207795,-0.4025974025974026,0.6,0.6,0.0,0,0,0.40620173466506554
1.2222222222222223,1.1428571428571428,0.4126984126984127,0.3968253968253968,0.07936507936507953,0.015873015873015872,-0.015873015873015817,0.4,0.6,-0.19999999999999996,0,0,0.45602562361711846
0.8979591836734694,1.2653061224489797,0.3877551020408163,0.42857142857142855,-0.3673469387755103,-0.040816326530612235,0.5918367346938775,0.6,0.6,0.0,1,0,0.4281526548472246
1.864,1.536,0.664,0.448,0.32800000000000007,0.21600000000000003,0.544,0.4,0.6,-0.19999999999999996,1,1,0.6084541875028322
1.2391304347826086,1.25,0.4782608695652174,0.16666666666666666,-0.010869565217391353,0.3115942028985508,0.09420289855072461,0.6,0.0,0.6,1,1,0.5279421995439353
1.2619047619047619,0.95,0.44285714285714284,0.45,0.3119047619047619,-0.007142857142857173,-0.3404761904761906,0.6,0.4,0.19999999999999996,1,0,0.49215435701062465
1.3620689655172413,2.2241379310344827,0.47701149425287354,0.8103448275862069,-0.8620689655172413,-0.3333333333333333,-0.7241379310344827,0.4,0.6,-0.19999999999999996,1,0,0.19339872583123974
1.0526315789473684,1.0344827586206897,0.21052631578947367,0.3563218390804598,0.01814882032667864,-0.1457955232909861,-0.3411978221415608,0.4,0.6,-0.19999999999999996,1,0,0.3894361677752354
1.5454545454545454,2.272727272727273,0.2727272727272727,0.36363636363636365,-0.7272727272727275,-0.09090909090909094,0.8181818181818181,0.6,0.8,-0.20000000000000007,0,0,0.387225146665989
1.274390243902439,1.3489208633093526,0.42073170731707316,0.5107913669064749,-0.07453061940691352,-0.09005965958940171,-0.49425337778557643,0.6,0.8,-0.20000000000000007,0,0,0.36483932901540567
2.1641791044776117,1.0810810810810811,0.7014925373134329,0.35135135135135137,1.0830980233965306,0.3501411859620815,0.5147236789027834,1.0,0.6,0.4,1,1,0.7904159965455267
1.3785714285714286,1.553191489361702,0.55,0.5815602836879432,-0.17462006079027348,-0.03156028368794317,0.034498480243161156,0.8,0.6,0.20000000000000007,1,0,0.4333796953961225
1.4054054054054055,1.2162162162162162,0.5675675675675675,0.5135135135135135,0.18918918918918926,0.05405405405405406,-0.04054054054054057,0.6,0.8,-0.20000000000000007,1,0,0.4854014038522383
1.242603550295858,1.3136094674556213,0.48520710059171596,0.44970414201183434,-0.07100591715976345,0.035502958579881616,0.18343195266272194,0.8,0.0,0.8,1,1,0.5108619230094769
0.9772727272727273,1.3541666666666667,0.38636363636363635,0.5791666666666667,-0.37689393939393945,-0.19280303030303036,-0.29621212121212115,0.2,0.4,-0.2,0,0,0.30637559938809106
1.5405405405405406,2.6486486486486487,0.5135135135135135,0.8243243243243243,-1.1081081081081081,-0.31081081081081086,-0.3513513513513514,0.6,1.0,-0.4,0,0,0.1861959779472512
1.1538461538461537,1.4615384615384615,0.3076923076923077,0.3076923076923077,-0.3076923076923077,0.0,-0.46153846153846145,0.6,0.6,0.0,0,0,0.3406054200746413
0.9090909090909091,1.1818181818181819,0.3090909090909091,0.4,-0.2727272727272728,-0.09090909090909094,-0.054545454545454675,0.2,0.4,-0.2,1,0,0.3590409095708176
1.1904761904761905,0.7380952380952381,0.42857142857142855,0.2857142857142857,0.45238095238095233,0.14285714285714285,0.30952380952380953,0.2,0.2,0.0,0,1,0.592546721479415
1.273972602739726,0.9487179487179487,0.3835616438356164,0.3076923076923077,0.32525465402177733,0.07586933614330871,-0.05584826132771337,0.2,0.8,-0.6000000000000001,1,0,0.48654631743909615
1.2638036809815951,1.6557971014492754,0.43558282208588955,0.6014492753623188,-0.39199342046768026,-0.1658664532764293,-0.256068284875967,0.0,0.8,-0.8,0,0,0.286154247562611
1.0557620817843867,1.1818181818181819,0.4349442379182156,0.39826839826839827,-0.1260561000337952,0.036675839649817354,0.2703133297928837,0.8,0.4,0.4,0,0,0.48017291735858114
1.9698492462311559,1.0892857142857142,0.6482412060301508,0.39285714285714285,0.8805635319454417,0.25538406317300794,0.26235343383584575,1.0,0.4,0.6,1,1,0.7361287249759404
1.0923076923076922,1.676923076923077,0.3384615384615385,0.5538461538461539,-0.5846153846153848,-0.2153846153846154,-0.46153846153846145,0.2,1.0,-0.8,0,0,0.23153663564146687
1.1415094339622642,1.1981132075471699,0.4339622641509434,0.44339622641509435,-0.05660377358490565,-0.009433962264150941,0.08490566037735858,0.4,0.4,0.0,1,0,0.44472144634544575
1.3085106382978724,1.032258064516129,0.475177304964539,0.3655913978494624,0.2762525737817434,0.10958590711507665,0.17318691374971396,0.4,0.6,-0.19999999999999996,1,1,0.5305369408141742
1.283720930232558,1.134387351778656,0.4604651162790698,0.4189723320158103,0.14933357845390205,0.041492784263259475,0.1024542696939057,0.8,0.4,0.4,0,1,0.5273359649062722
1.1813725490196079,1.5555555555555556,0.47549019607843135,0.6324786324786325,-0.3741830065359477,-0.1569884364002011,-0.3984414278531925,0.4,0.4,0.0,0,0,0.3163035430830427
1.1810344827586208,1.3728813559322033,0.40086206896551724,0.4830508474576271,-0.1918468731735825,-0.08218877849210987,-0.3443161893629456,0.4,0.6,-0.19999999999999996,0,0,0.3539894046526989
0.9724770642201835,1.4954128440366972,0.3944954128440367,0.6605504587155964,-0.5229357798165136,-0.26605504587155965,-0.3853211009174312,0.6,0.6,0.0,0,0,0.2788379339278959
1.2641509433962264,0.7450980392156863,0.4339622641509434,0.19607843137254902,0.5190529041805401,0.2378838327783944,0.702552719200888,0.8,0.4,0.4,0,1,0.6851199765222546
1.3212121212121213,1.5829145728643217,0.503030303030303,0.4472361809045226,-0.2617024516522004,0.05579412212578044,0.3188975178924929,0.4,0.2,0.2,1,0,0.4511314198281805
1.5890410958904109,1.15625,0.565068493150685,0.390625,0.43279109589041087,0.17444349315068497,0.12200342465753433,0.8,0.2,0.6000000000000001,1,1,0.6211618542913228
1.3277591973244147,1.1954022988505748,0.4816053511705686,0.5210727969348659,0.1323568984738399,-0.03946744576429728,-0.2264252489140044,0.8,0.6,0.20000000000000007,1,0,0.46725370960311485
1.4285714285714286,1.188073394495413,0.5515873015873016,0.46788990825688076,0.24049803407601567,0.08369739333042087,0.1632445026940441,0.6,0.8,-0.20000000000000007,1,1,0.5237245752961563
1.3617021276595744,1.7037037037037037,0.40425531914893614,0.6666666666666666,-0.3420015760441293,-0.2624113475177305,-0.46467034410296804,0.2,0.6,-0.39999999999999997,0,0,0.2915392727531181
1.4121863799283154,1.6571428571428573,0.5053763440860215,0.6035714285714285,-0.24495647721454183,-0.09819508448540704,-0.18323092677931396,0.4,0.8,-0.4,0,0,0.3535736456647123
1.2592592592592593,1.566137566137566,0.4497354497354497,0.6137566137566137,-0.30687830687830675,-0.164021164021164,-0.28042328042328046,0.4,0.8,-0.4,0,0,0.3221410060497592
2.743478260869565,1.382608695652174,0.8652173913043478,0.508695652173913,1.3608695652173912,0.35652173913043483,0.6304347826086957,0.6,0.6,0.0,1,1,0.8285910716806278
0.9298245614035088,1.2413793103448276,0.3684210526315789,0.43103448275862066,-0.31155474894131885,-0.06261343012704174,-0.09437386569872941,0.6,0.4,0.19999999999999996,0,0,0.3749347657642093
1.0,0.9615384615384616,0.39285714285714285,0.23076923076923078,0.038461538461538436,0.16208791208791207,0.3530219780219781,0.4,0.4,0.0,0,1,0.5087791199968876
0.7441860465116279,0.8604651162790697,0.3023255813953488,0.32558139534883723,-0.11627906976744184,-0.023255813953488413,0.09302325581395365,0.2,0.4,-0.2,0,0,0.40755758843624607
1.2297297297297298,1.5538461538461539,0.42342342342342343,0.5923076923076923,-0.32411642411642405,-0.16888426888426888,-0.33866943866943866,0.0,0.6,-0.6,0,0,0.29901013746432165
2.08,1.9803921568627452,0.64,0.6666666666666666,0.0996078431372549,-0.026666666666666616,-0.4125490196078432,0.8,0.8,0.0,0,0,0.45159606207033137
1.1048951048951048,1.3951612903225807,0.4195804195804196,0.5483870967741935,-0.29026618542747595,-0.12880667719377392,-0.1442871644484549,0.2,0.8,-0.6000000000000001,0,0,0.32578203677791645
0.8571428571428571,1.8095238095238095,0.19047619047619047,0.38095238095238093,-0.9523809523809524,-0.19047619047619047,-0.2857142857142856,0.4,0.6,-0.19999999999999996,0,0,0.2154759569799718
2.1666666666666665,2.2083333333333335,0.625,0.625,-0.04166666666666696,0.0,-0.29166666666666674,0.6,0.8,-0.20000000000000007,0,0,0.42807734434740735
1.1666666666666667,1.54,0.4090909090909091,0.44,-0.3733333333333333,-0.030909090909090886,-0.11484848484848476,0.2,0.2,0.0,0,0,0.35590068254585094
1.0731707317073171,1.4933333333333334,0.36585365853658536,0.49333333333333335,-0.42016260162601626,-0.127479674796748,-0.31447154471544714,0.4,0.2,0.2,0,0,0.32782692207552266
0.9722222222222222,1.3231292517006803,0.35,0.47619047619047616,-0.3509070294784581,-0.1261904761904762,0.013492063492063444,0.2,0.4,-0.2,0,0,0.34888911562827085
1.438943894389439,1.0596026490066226,0.5676567656765676,0.3509933774834437,0.37934124538281644,0.21666338819312392,0.484011977356676,0.2,0.2,0.0,1,1,0.6095333389656377
0.8,1.8,0.0,0.0,-1.0,0.0,-0.8,0.0,0.0,0.0,1,0,0.1900154698269132
1.162162162162162,1.6158940397350994,0.3783783783783784,0.5496688741721855,-0.4537318775729373,-0.17129049579380706,-0.4181134777161266,0.4,0.6,-0.19999999999999996,1,0,0.2901164297559019
0.9230769230769231,1.2115384615384615,0.3269230769230769,0.4807692307692308,-0.2884615384615383,-0.15384615384615385,-0.23076923076923084,0.2,1.0,-0.8,0,0,0.3014734946504276
1.516304347826087,0.8888888888888888,0.6195652173913043,0.37037037037037035,0.6274154589371981,0.24919484702093397,0.2183977455716587,0.8,0.0,0.8,1,1,0.6828188701968785
1.064516129032258,0.8181818181818182,0.3978494623655914,0.30303030303030304,0.24633431085043977,0.09481915933528834,0.3890518084066472,0.0,0.2,-0.2,0,1,0.5364741827623867
0.71875,2.21875,0.15625,0.65625,-1.5,-0.5,-1.28125,0.0,0.6,-0.6,0,0,0.07833183911236827
1.0982142857142858,2.0267857142857144,0.375,0.7946428571428571,-0.9285714285714286,-0.4196428571428571,-0.7589285714285713,0.4,0.8,-0.4,0,0,0.16642284659785092
1.2852233676975946,1.2153846153846153,0.4742268041237113,0.4461538461538462,0.06983875231297931,0.028072957969865142,0.05799629923341265,0.2,0.2,0.0,1,0,0.4743212278563667
0.9883720930232558,0.8392857142857143,0.38372093023255816,0.39285714285714285,0.1490863787375415,-0.009136212624584694,-0.05232558139534893,0.4,0.2,0.2,0,0,0.4800337284898321
1.5135135135135136,1.3928571428571428,0.6036036036036037,0.5714285714285714,0.1206563706563708,0.03217503217503226,0.3324485199485201,0.4,0.4,0.0,1,1,0.5240266102055017
1.0681818181818181,1.7732558139534884,0.4090909090909091,0.686046511627907,-0.7050739957716703,-0.27695560253699786,-0.3786116983791402,0.0,0.8,-0.8,0,0,0.2130711445295897
0.7551020408163265,0.8163265306122449,0.2653061224489796,0.30612244897959184,-0.061224489795918435,-0.040816326530612235,-0.20408163265306123,0.4,0.4,0.0,1,0,0.3987932921621136
1.8196078431372549,2.376470588235294,0.6431372549019608,0.7333333333333333,-0.5568627450980392,-0.09019607843137245,-0.08627450980392148,0.8,0.8,0.0,0,0,0.33956883434365165
1.6,1.411764705882353,0.45714285714285713,0.38235294117647056,0.18823529411764706,0.07478991596638657,0.44285714285714284,0.6,0.2,0.39999999999999997,0,1,0.5861876661214654
0.9655172413793104,1.1864406779661016,0.3793103448275862,0.4067796610169492,-0.22092343658679126,-0.02746931618936299,-0.14465225014611338,0.4,0.4,0.0,0,0,0.3790152957209827
0.9292929292929293,1.2773722627737227,0.35353535353535354,0.36496350364963503,-0.34807933348079345,-0.011428150114281499,0.20629654206296544,0.2,0.2,0.0,1,0,0.3904167165214195
1.4,1.0972222222222223,0.4,0.4166666666666667,0.3027777777777776,-0.016666666666666663,-0.4819444444444443,0.2,0.6,-0.39999999999999997,1,0,0.43978674302441934
1.1,1.073469387755102,0.25,0.40816326530612246,0.026530612244898055,-0.15816326530612246,-0.9071428571428573,0.2,0.0,0.2,0,0,0.35060934878556727
1.75,1.5833333333333333,0.25,0.5,0.16666666666666674,-0.25,0.08333333333333348,0.6,0.8,-0.20000000000000007,0,0,0.4824196501011431
1.5635359116022098,1.3566433566433567,0.6022099447513812,0.5874125874125874,0.20689255495885317,0.014797357338793837,0.03531275354479768,0.6,0.6,0.0,1,1,0.510383675600739
1.1368421052631579,1.4361702127659575,0.3894736842105263,0.5531914893617021,-0.2993281075027996,-0.16371780515117584,-0.3669652855543113,0.6,0.6,0.0,0,0,0.33477084999383594
1.528735632183908,1.1149425287356323,0.5977011494252874,0.47126436781609193,0.4137931034482758,0.12643678160919547,0.2068965517241379,0.8,0.4,0.4,0,1,0.608037910058309
1.3108108108108107,1.1849315068493151,0.5495495495495496,0.4041095890410959,0.1258793039614956,0.1454399605084537,0.2691595705294334,0.6,0.2,0.39999999999999997,1,1,0.5489950174416901
1.76,0.8163265306122449,0.63,0.2653061224489796,0.9436734693877551,0.3646938775510204,0.4214285714285715,0.8,0.2,0.6000000000000001,1,1,0.7615678895754754
1.180327868852459,1.6188524590163935,0.45081967213114754,0.639344262295082,-0.4385245901639345,-0.18852459016393447,-0.430327868852459,0.6,0.4,0.19999999999999996,1,0,0.3109023792911269
2.3333333333333335,2.2222222222222223,0.6888888888888889,0.6666666666666666,0.11111111111111116,0.022222222222222254,-0.1333333333333333,0.8,1.0,-0.19999999999999996,1,0,0.4867977170791532
1.1235294117647059,1.68,0.4470588235294118,0.655,-0.556470588235294,-0.20794117647058824,-0.49029411764705877,0.4,0.6,-0.19999999999999996,0,0,0.2609072019449425
1.2705882352941176,1.1063829787234043,0.43529411764705883,0.3829787234042553,0.16420525657071328,0.052315394242803515,0.09061326658322888,0.6,0.2,0.39999999999999997,1,1,0.5283520628595709
2.057142857142857,1.8571428571428572,0.5714285714285714,0.45714285714285713,0.19999999999999973,0.11428571428571427,-0.17142857142857149,0.8,0.6,0.20000000000000007,1,1,0.5271479665639779
1.2142857142857142,1.3571428571428572,0.35714285714285715,0.39285714285714285,-0.14285714285714302,-0.0357142857142857,-0.25,0.6,0.6,0.0,1,0,0.39307312904978786
1.219298245614035,2.1052631578947367,0.39473684210526316,0.7280701754385965,-0.8859649122807016,-0.33333333333333337,-0.5964912280701754,0.0,0.8,-0.8,0,0,0.17359620865294462
0.9629629629629629,1.5509259259259258,0.3611111111111111,0.6620370370370371,-0.5879629629629629,-0.300925925925926,-0.46759259259259267,0.0,0.8,-0.8,0,0,0.21956824961742769
0.9956521739130435,0.625,0.40869565217391307,0.25,0.3706521739130435,0.15869565217391307,0.06902173913043486,0.4,0.4,0.0,1,1,0.5458901435059632
2.1875,1.139240506329114,0.75,0.4177215189873418,1.048259493670886,0.3322784810126582,0.5670886075949366,0.8,1.0,-0.19999999999999996,0,1,0.7620865489693632
1.0736842105263158,0.9578947368421052,0.4105263157894737,0.35789473684210527,0.11578947368421055,0.05263157894736842,-0.08421052631578951,0.2,0.0,0.2,0,0,0.4761024565056135
1.5263157894736843,1.3984962406015038,0.5864661654135338,0.5413533834586466,0.1278195488721805,0.045112781954887216,0.007518796992481258,0.8,0.6,0.20000000000000007,1,1,0.5063325074390524
1.4232558139534883,1.2405498281786942,0.48372093023255813,0.46048109965635736,0.18270598577479413,0.02323983057620077,-0.07395508670982176,0.8,0.4,0.4,0,1,0.5168095141681508
1.1935483870967742,1.1935483870967742,0.3870967741935484,0.45161290322580644,0.0,-0.06451612903225806,-0.032258064516129004,0.8,0.8,0.0,1,0,0.44447017436872327
1.3764705882352941,1.2142857142857142,0.4823529411764706,0.40816326530612246,0.16218487394957992,0.07418967587034814,-0.12136854741896763,0.4,0.6,-0.19999999999999996,0,0,0.4713586262392278
0.7142857142857143,0.7142857142857143,0.21428571428571427,0.21428571428571427,0.0,0.0,-0.07142857142857162,0.6,0.2,0.39999999999999997,1,0,0.45504084771371917
1.4593301435406698,1.062200956937799,0.5598086124401914,0.4449760765550239,0.3971291866028708,0.11483253588516751,-0.10526315789473695,0.6,0.8,-0.20000000000000007,0,1,0.5303767641279337
1.7754010695187166,1.7058823529411764,0.7005347593582888,0.5989304812834224,0.06951871657754016,0.10160427807486638,0.49197860962566853,0.6,0.6,0.0,0,1,0.5474391465172908
1.588235294117647,1.2352941176470589,0.5294117647058824,0.29411764705882354,0.3529411764705881,0.23529411764705882,0.9411764705882353,0.8,0.2,0.6000000000000001,1,1,0.6960806249207705
1.37,1.2875,0.605,0.475,0.08250000000000002,0.13,0.38249999999999995,0.6,0.4,0.19999999999999996,0,1,0.5403130789161977
1.345679012345679,2.117283950617284,0.46296296296296297,0.7839506172839507,-0.771604938271605,-0.3209876543209877,-0.6481481481481483,0.6,0.8,-0.20000000000000007,0,0,0.21337006672542536
1.7816091954022988,1.02,0.6781609195402298,0.38,0.7616091954022988,0.29816091954022983,0.2744827586206896,0.8,0.6,0.20000000000000007,0,1,0.6935784790175031
0.7719298245614035,1.4035087719298245,0.3333333333333333,0.7368421052631579,-0.631578947368421,-0.40350877192982454,-0.5087719298245614,0.4,0.8,-0.4,0,0,0.21750597125591373
1.5689655172413792,1.0632183908045978,0.6149425287356322,0.39655172413793105,0.5057471264367814,0.2183908045977011,0.32183908045977017,0.8,0.2,0.6000000000000001,0,1,0.6589588045407281
1.7275747508305648,1.2994652406417113,0.6478405315614618,0.42245989304812837,0.42810951018885346,0.22538063851333345,0.8439426510561943,1.0,0.6,0.4,1,1,0.6929935497411082
1.4426229508196722,2.097560975609756,0.5491803278688525,0.8048780487804879,-0.654938024790084,-0.25569772091163534,-0.35099293615886984,0.4,0.8,-0.4,0,0,0.2512337539659567
0.9024390243902439,1.3170731707317074,0.32926829268292684,0.573170731707317,-0.41463414634146345,-0.24390243902439018,0.012195121951219523,0.6,0.6,0.0,0,0,0.3380730172632261
1.7431192660550459,0.8571428571428571,0.6146788990825688,0.14285714285714285,0.8859764089121888,0.47182175622542594,0.7234600262123196,0.6,0.0,0.6,1,1,0.7833365021135399
1.0,2.1607142857142856,0.39285714285714285,0.7142857142857143,-1.1607142857142856,-0.32142857142857145,-0.375,0.4,1.0,-0.6,0,0,0.16041812852204704
1.6334661354581674,1.6904761904761905,0.5976095617529881,0.6031746031746031,-0.05701005501802303,-0.005565041421615069,0.05519193068993866,0.6,0.6,0.0,0,0,0.4572048866205722
1.2313432835820894,1.191860465116279,0.417910447761194,0.5,0.039482818465810476,-0.08208955223880599,-0.3835473793821591,0.4,0.2,0.2,0,0,0.4199282572401577
1.5822784810126582,1.7848101265822784,0.5949367088607594,0.6708860759493671,-0.20253164556962022,-0.07594936708860767,-0.025316455696202556,0.4,0.4,0.0,0,0,0.4071996377877112
1.0342465753424657,1.2445652173913044,0.363013698630137,0.44021739130434784,-0.21031864204883877,-0.07720369267421084,-0.1011018463371054,0.0,0.2,-0.2,1,0,0.36884968529512535
1.4322033898305084,1.365979381443299,0.4491525423728814,0.4639175257731959,0.06622400838720943,-0.014764983400314513,0.012930281320985504,0.6,0.4,0.19999999999999996,0,0,0.4854073029989811
1.163265306122449,1.8979591836734695,0.3877551020408163,0.7142857142857143,-0.7346938775510206,-0.326530612244898,-0.44897959183673464,0.4,1.0,-0.6,0,0,0.21314673594119585
1.062015503875969,1.1304347826086956,0.5038759689922481,0.463768115942029,-0.06841927873272646,0.04010785305021908,-0.1027974384900574,0.6,0.2,0.39999999999999997,0,0,0.4471255917883878
1.7647058823529411,0.9583333333333334,0.6058823529411764,0.3125,0.8063725490196078,0.2933823529411764,0.3448529411764707,0.6,0.2,0.39999999999999997,1,1,0.7167062940048655
1.1428571428571428,1.4444444444444444,0.0,0.5555555555555556,-0.3015873015873016,-0.5555555555555556,-0.9587301587301587,0.0,1.0,-1.0,0,0,0.20667856871412496
1.3584905660377358,1.179245283018868,0.49056603773584906,0.4339622641509434,0.17924528301886777,0.05660377358490565,0.047169811320754595,0.8,0.4,0.4,0,1,0.530881084532593
1.1085714285714285,1.3722627737226278,0.4514285714285714,0.5912408759124088,-0.2636913451511993,-0.1398123044838374,-0.14160583941605842,0.6,0.6,0.0,1,0,0.3651880197302305
1.8375,2.0125,0.5375,0.6875,-0.17500000000000027,-0.15000000000000002,-0.17500000000000004,0.8,1.0,-0.19999999999999996,0,0,0.39132080869644187
1.8309859154929577,2.028169014084507,0.6408450704225352,0.6830985915492958,-0.19718309859154926,-0.04225352112676051,-0.1901408450704225,0.8,0.4,0.4,1,0,0.4276381224351191
1.098360655737705,1.0,0.4098360655737705,0.3548387096774194,0.09836065573770503,0.05499735589635113,0.254362771020624,0.6,0.4,0.19999999999999996,0,1,0.5160986164831456
2.3402777777777777,1.0272727272727273,0.7291666666666666,0.2545454545454545,1.3130050505050503,0.4746212121212121,1.1470959595959593,0.8,0.4,0.4,1,1,0.8672488939194494
1.3043478260869565,1.2173913043478262,0.4608695652173913,0.5043478260869565,0.08695652173913038,-0.04347826086956519,-0.19999999999999996,0.6,0.6,0.0,0,0,0.4462418323336057
1.2340425531914894,1.054054054054054,0.48404255319148937,0.4189189189189189,0.17998849913743542,0.06512363427257045,0.35595169637722845,0.2,0.4,-0.2,0,1,0.5216869406208237
1.9562841530054644,1.1714285714285715,0.644808743169399,0.4142857142857143,0.784855581576893,0.23052302888368464,0.5281030444964872,0.8,0.2,0.6000000000000001,1,1,0.7400850766352803
1.3466666666666667,1.0666666666666667,0.44,0.32,0.28,0.12,0.026666666666666616,0.4,0.2,0.2,1,1,0.5412870065205627
1.411764705882353,1.239819004524887,0.4235294117647059,0.39819004524886875,0.17194570135746612,0.025339366515837125,0.17647058823529393,0.6,0.2,0.39999999999999997,1,1,0.5421508300898811
1.4195121951219511,1.0364963503649636,0.4878048780487805,0.25547445255474455,0.3830158447569876,0.23233042549403593,0.792131030799359,0.4,0.4,0.0,1,1,0.6473856423784712
1.0175438596491229,0.9464285714285714,0.47368421052631576,0.26785714285714285,0.07111528822055146,0.20582706766917291,0.375,0.8,0.4,0.4,1,1,0.5489716580036604
1.5833333333333333,1.28125,0.5104166666666666,0.4583333333333333,0.30208333333333326,0.052083333333333315,0.19791666666666652,0.6,0.8,-0.20000000000000007,0,1,0.543706816766063
1.4357541899441342,0.7037037037037037,0.4860335195530726,0.18518518518518517,0.7320504862404305,0.30084833436788744,0.1512518104696876,0.8,0.0,0.8,1,1,0.6997606856709198
1.027027027027027,1.108910891089109,0.3783783783783784,0.44554455445544555,-0.08188386406208203,-0.06716617607706715,0.20916956560520916,0.4,0.8,-0.4,0,0,0.42164161196024513
1.7692307692307692,1.5384615384615385,0.46153846153846156,0.5384615384615384,0.23076923076923062,-0.07692307692307687,-0.03846153846153855,0.8,0.6,0.20000000000000007,1,1,0.5215650410591619
1.0769230769230769,1.5655737704918034,0.31952662721893493,0.5368852459016393,-0.4886506935687265,-0.2173586186827044,-0.36126200407411013,0.4,0.6,-0.19999999999999996,0,0,0.2840855738336707
1.3577981651376148,1.0277777777777777,0.47706422018348627,0.39814814814814814,0.3300203873598371,0.07891607203533813,0.0490146109412164,0.6,0.2,0.39999999999999997,0,1,0.5633682998392343
1.2822085889570551,1.4163090128755365,0.4294478527607362,0.4678111587982833,-0.13410042391848132,-0.03836330603754706,0.028542089049211405,0.2,0.2,0.0,0,0,0.4223262400234538
1.592783505154639,1.6082474226804124,0.4536082474226804,0.4896907216494845,-0.015463917525773363,-0.03608247422680411,-0.134020618556701,0.6,0.0,0.6,0,0,0.47822859912833654
1.2542372881355932,1.4,0.3220338983050847,0.48148148148148145,-0.1457627118644067,-0.15944758317639673,-0.02485875706214702,0.2,0.6,-0.39999999999999997,1,0,0.3807677113746978
1.2941176470588236,1.411764705882353,0.3235294117647059,0.4117647058823529,-0.11764705882352944,-0.08823529411764702,-0.11764705882352944,0.4,0.8,-0.4,0,0,0.38643805242612783
1.4761904761904763,0.9545454545454546,0.5714285714285714,0.36363636363636365,0.5216450216450217,0.20779220779220775,0.2272727272727273,0.8,0.6,0.20000000000000007,1,1,0.6273730452434267
1.66875,0.8653846153846154,0.5875,0.2980769230769231,0.8033653846153845,0.28942307692307695,0.5673076923076923,0.4,0.0,0.4,0,1,0.7322145557989767
1.0812182741116751,1.131979695431472,0.43147208121827413,0.4467005076142132,-0.050761421319796884,-0.015228426395939076,-0.13197969543147203,0.0,0.0,0.0,1,0,0.4152098717092603
1.966542750929368,1.0886075949367089,0.6988847583643123,0.45569620253164556,0.8779351559926591,0.24318855583266674,0.4116041598042446,0.4,0.8,-0.4,0,1,0.6947769293310248
1.1232876712328768,1.6575342465753424,0.410958904109589,0.5342465753424658,-0.5342465753424657,-0.12328767123287676,-0.1095890410958904,0.4,0.6,-0.19999999999999996,0,0,0.3077222483068428
1.7164179104477613,1.6567164179104477,0.5373134328358209,0.582089552238806,0.059701492537313605,-0.04477611940298509,-0.28358208955223896,0.8,0.8,0.0,0,0,0.4455362006106996
1.150375939849624,0.9473684210526315,0.5263157894736842,0.3684210526315789,0.20300751879699253,0.15789473684210525,0.26315789473684204,1.0,0.8,0.19999999999999996,0,1,0.5529397271809711
1.2266666666666666,1.393103448275862,0.3333333333333333,0.43448275862068964,-0.1664367816091954,-0.10114942528735632,-0.1839080459770115,0.4,0.2,0.2,0,0,0.39939694649253715
1.288888888888889,2.4232558139534883,0.5111111111111111,0.7674418604651163,-1.1343669250645994,-0.25633074935400524,-0.5235142118863049,0.8,0.8,0.0,0,0,0.1844842483291012
0.7857142857142857,1.2857142857142858,0.21428571428571427,0.2857142857142857,-0.5000000000000001,-0.07142857142857142,0.5,0.4,0.6,-0.19999999999999996,1,0,0.37460219151364393
1.1428571428571428,1.2040816326530612,0.3469387755102041,0.40816326530612246,-0.061224489795918435,-0.06122448979591838,0.0,0.4,0.4,0.0,0,0,0.43085553100947094
1.2722772277227723,1.1343283582089552,0.4207920792079208,0.3582089552238806,0.13794886951381713,0.0625831239840402,0.1646963203783065,0.0,0.2,-0.2,0,0,0.49138948492401896
1.4074074074074074,1.2718446601941749,0.37037037037037035,0.39805825242718446,0.13556274721323258,-0.027687882056814106,-0.017979144192736385,0.4,0.4,0.0,0,0,0.48231414506566617
1.8,1.36,0.56,0.42,0.43999999999999995,0.14000000000000007,0.26,0.6,0.0,0.6,0,1,0.639126329443772
1.0,1.1724137931034482,0.2857142857142857,0.25862068965517243,-0.17241379310344818,0.027093596059113267,0.31773399014778314,0.4,0.4,0.0,0,0,0.4486260376539727
1.5738255033557047,1.9259259259259258,0.6073825503355704,0.7508417508417509,-0.3521004225702211,-0.14345920050618044,-0.2519603190744131,0.6,0.8,-0.20000000000000007,1,0,0.33731885549239393
1.611336032388664,1.105263157894737,0.6032388663967612,0.46558704453441296,0.5060728744939271,0.1376518218623482,0.020242914979757165,0.8,0.2,0.6000000000000001,1,1,0.6212884616286153
2.0,1.0555555555555556,0.6944444444444444,0.4722222222222222,0.9444444444444444,0.2222222222222222,0.2777777777777777,1.0,0.4,0.6,1,1,0.7453434457189769
1.2947368421052632,2.783625730994152,0.3894736842105263,0.8713450292397661,-1.488888888888889,-0.4818713450292398,-0.7508771929824561,0.4,1.0,-0.6,1,0,0.10624830315253389
1.518181818181818,1.6272727272727272,0.45454545454545453,0.5363636363636364,-0.10909090909090913,-0.08181818181818185,-0.19090909090909092,0.6,0.6,0.0,1,0,0.41013015223466526
1.6742424242424243,1.162162162162162,0.5946969696969697,0.43243243243243246,0.5120802620802622,0.16226453726453727,0.15335790335790334,0.4,0.4,0.0,1,1,0.6042496221658048
1.0,1.1666666666666667,0.3333333333333333,0.4166666666666667,-0.16666666666666674,-0.08333333333333337,-0.5416666666666666,0.2,0.4,-0.2,0,0,0.33220427991685064
2.0606060606060606,1.121212121212121,0.6666666666666666,0.48484848484848486,0.9393939393939394,0.18181818181818177,0.24242424242424243,0.8,0.6,0.20000000000000007,1,1,0.7202131672581139
1.2290076335877862,0.9015151515151515,0.48091603053435117,0.30303030303030304,0.3274924820726347,0.17788572750404813,-0.025734443673375074,0.6,0.4,0.19999999999999996,0,1,0.5482425098484061
1.0289855072463767,1.1159420289855073,0.2753623188405797,0.37681159420289856,-0.0869565217391306,-0.10144927536231885,-0.46376811594202905,0.0,0.4,-0.4,0,0,0.34333012269693164
1.3406593406593406,1.2,0.5054945054945055,0.4,0.1406593406593406,0.10549450549450545,-0.35457875457875454,1.0,0.4,0.6,1,0,0.4946877626545202
1.4421768707482994,1.4899328859060403,0.5170068027210885,0.5302013422818792,-0.04775601515774097,-0.013194539560790752,0.3137926311464183,0.6,0.4,0.19999999999999996,1,0,0.4946361497352547
1.1142857142857143,1.6714285714285715,0.45714285714285713,0.5857142857142857,-0.5571428571428572,-0.12857142857142861,-0.17142857142857137,0.6,0.6,0.0,0,0,0.307729802447982
1.5233644859813085,0.8691588785046729,0.7009345794392523,0.3364485981308411,0.6542056074766356,0.3644859813084112,0.7850467289719626,1.0,0.2,0.8,1,1,0.7497920467210007
1.1552346570397112,1.3140794223826715,0.5054151624548736,0.47653429602888087,-0.15884476534296033,0.028880866425992746,0.2743682310469313,0.4,0.2,0.2,0,0,0.45920407034964145
1.0642857142857143,1.5324074074074074,0.32142857142857145,0.5277777777777778,-0.46812169312169316,-0.20634920634920634,-0.30992063492063493,0.2,0.4,-0.2,0,0,0.2913783019719681
1.323076923076923,1.5769230769230769,0.36923076923076925,0.5153846153846153,-0.25384615384615383,-0.14615384615384608,-0.2846153846153847,0.2,0.2,0.0,1,0,0.35634636425191185
1.5966850828729282,1.0939226519337018,0.6022099447513812,0.43646408839779005,0.5027624309392265,0.16574585635359118,0.3370165745856353,0.6,0.4,0.19999999999999996,0,1,0.6327871576641559
1.7787610619469028,1.4513274336283186,0.5575221238938053,0.4690265486725664,0.32743362831858414,0.08849557522123891,0.18584070796460184,0.6,0.4,0.19999999999999996,0,1,0.580273795101003
1.1384615384615384,1.3076923076923077,0.36923076923076925,0.4153846153846154,-0.1692307692307693,-0.046153846153846156,-0.03076923076923066,0.4,0.6,-0.19999999999999996,0,0,0.3946910713454258
0.7454545454545455,1.3818181818181818,0.32727272727272727,0.41818181818181815,-0.6363636363636364,-0.09090909090909088,0.09090909090909105,0.6,0.4,0.19999999999999996,0,0,0.3238574845436161
0.8412698412698413,0.9682539682539683,0.3492063492063492,0.3333333333333333,-0.12698412698412698,0.015873015873015872,0.03174603174603163,0.4,0.4,0.0,0,0,0.4181276469243456
1.3770491803278688,1.1065573770491803,0.5819672131147541,0.4918032786885246,0.2704918032786885,0.0901639344262295,-0.049180327868852514,0.8,0.4,0.4,1,1,0.5413347331913388
2.778947368421053,1.1157894736842104,0.8421052631578947,0.37894736842105264,1.6631578947368424,0.46315789473684205,0.6631578947368421,1.0,0.4,0.6,1,1,0.8864701610487031
1.3733333333333333,1.2266666666666666,0.49333333333333335,0.42,0.14666666666666672,0.07333333333333336,-0.08000000000000007,0.4,0.4,0.0,1,0,0.48412991251735904
0.9876543209876543,1.382716049382716,0.37037037037037035,0.43209876543209874,-0.3950617283950617,-0.06172839506172839,0.2098765432098766,0.6,0.6,0.0,0,0,0.3817948013536893
1.3882978723404256,0.8641975308641975,0.5,0.2962962962962963,0.5241003414762281,0.20370370370370372,0.3368794326241136,0.8,0.2,0.6000000000000001,1,1,0.6591699469537093
1.625,1.5,0.125,0.125,0.125,0.0,0.375,0.0,0.0,0.0,1,1,0.5365872428046954
0.9382716049382716,1.50354609929078,0.3333333333333333,0.6312056737588653,-0.5652744943525085,-0.29787234042553196,-0.5321775676385605,0.6,0.6,0.0,0,0,0.25618794322229654
1.4408602150537635,1.2881355932203389,0.41935483870967744,0.4915254237288136,0.1527246218334246,-0.07217058501913615,0.018407144158921085,0.2,0.4,-0.2,1,0,0.4719411418318849
1.0555555555555556,1.875,0.37037037037037035,0.5454545454545454,-0.8194444444444444,-0.17508417508417506,-0.34553872053872037,0.8,0.6,0.20000000000000007,1,0,0.2539230059772559
1.069767441860465,1.0465116279069768,0.37209302325581395,0.27906976744186046,0.02325581395348819,0.09302325581395349,0.37209302325581395,0.4,0.4,0.0,1,1,0.5035370690285687
1.7,1.0,0.62,0.48,0.7,0.14,0.20000000000000007,0.8,0.6,0.20000000000000007,1,1,0.6591077306209642
1.0661764705882353,1.7118055555555556,0.36764705882352944,0.5833333333333334,-0.6456290849673203,-0.21568627450980393,-0.5533088235294117,0.4,0.4,0.0,0,0,0.24917993678074774
0.9636363636363636,2.018181818181818,0.38181818181818183,0.6,-1.0545454545454545,-0.21818181818181814,-0.6,0.4,0.6,-0.19999999999999996,1,0,0.17722970939025218
2.025,2.1375,0.6875,0.79375,-0.11250000000000027,-0.10624999999999996,-0.04999999999999993,1.0,0.8,0.19999999999999996,0,0,0.45067176194399433
1.5387596899224807,1.4689922480620154,0.44573643410852715,0.40310077519379844,0.06976744186046524,0.0426356589147287,-0.14341085271317833,0.2,0.2,0.0,0,0,0.46231387038195043
1.0,1.042857142857143,0.3333333333333333,0.35714285714285715,-0.04285714285714293,-0.023809523809523836,-0.051058201058201025,0.6,0.6,0.0,0,0,0.43003589328102326
1.2592592592592593,1.0307692307692307,0.3333333333333333,0.4076923076923077,0.22849002849002864,-0.07435897435897437,0.04928774928774926,0.4,0.4,0.0,1,1,0.5005403999328054
2.0384615384615383,0.8461538461538461,0.6153846153846154,0.2692307692307692,1.192307692307692,0.3461538461538462,0.1923076923076923,0.6,0.2,0.39999999999999997,1,1,0.7764742670220198
1.0943396226415094,2.723404255319149,0.46540880503144655,0.7872340425531915,-1.6290646326776395,-0.32182523752174497,-0.33924795932021934,0.6,0.8,-0.20000000000000007,0,0,0.12705097852897318
1.547945205479452,1.2123287671232876,0.589041095890411,0.4520547945205479,0.3356164383561644,0.13698630136986306,0.20547945205479445,0.8,0.6,0.20000000000000007,1,1,0.5823935095256894
1.1567567567567567,1.5837837837837838,0.4810810810810811,0.6432432432432432,-0.4270270270270271,-0.16216216216216212,-0.3567567567567568,0.6,0.6,0.0,0,0,0.31113994800157857
1.3493975903614457,0.8846153846153846,0.463855421686747,0.28846153846153844,0.4647822057460611,0.17539388322520855,0.027803521779425244,0.4,0.2,0.2,1,1,0.5851537313505103
1.5,1.0675675675675675,0.5,0.3783783783783784,0.43243243243243246,0.1216216216216216,0.21621621621621623,0.4,1.0,-0.6,0,1,0.5522485262904526
1.1162790697674418,1.430232558139535,0.36046511627906974,0.5465116279069767,-0.31395348837209314,-0.18604651162790697,-0.4418604651162792,0.6,0.4,0.19999999999999996,1,0,0.3327710656676615
1.3928571428571428,0.6428571428571429,0.6071428571428571,0.35714285714285715,0.7499999999999999,0.24999999999999994,-0.1428571428571429,0.8,0.8,0.0,1,1,0.6227377327988463
1.0483870967741935,1.2849462365591398,0.40860215053763443,0.45698924731182794,-0.23655913978494625,-0.048387096774193505,0.12903225806451624,0.2,0.2,0.0,1,0,0.40387597845306794
1.4166666666666667,1.3333333333333333,0.4166666666666667,0.4583333333333333,0.08333333333333348,-0.04166666666666663,-0.6666666666666667,0.4,0.4,0.0,0,0,0.3965703712516357
1.625,1.125,0.5416666666666666,0.2916666666666667,0.5,0.24999999999999994,0.4166666666666665,0.8,0.2,0.6000000000000001,0,1,0.6735088049183499
1.2,0.5454545454545454,0.5,0.18181818181818182,0.6545454545454545,0.3181818181818182,0.6803030303030302,0.4,0.4,0.0,1,1,0.6879285821248161
1.874251497005988,1.0847457627118644,0.5868263473053892,0.3389830508474576,0.7895057342941236,0.24784329645793157,0.283872932101898,0.4,0.6,-0.19999999999999996,0,1,0.675866970499686
1.7108843537414966,1.0688073394495412,0.6428571428571429,0.42201834862385323,0.6420770142919554,0.22083879423328967,0.3597640891218874,0.8,0.0,0.8,1,1,0.7021139494181492
1.2952380952380953,1.0476190476190477,0.47619047619047616,0.41904761904761906,0.24761904761904763,0.057142857142857106,0.12380952380952381,0.6,0.4,0.19999999999999996,0,1,0.538490971064339
1.01,1.0396039603960396,0.43,0.37623762376237624,-0.02960396039603963,0.053762376237623755,-0.10257425742574267,0.4,0.4,0.0,1,0,0.4312149291333458
0.9850746268656716,1.4285714285714286,0.3880597014925373,0.2857142857142857,-0.443496801705757,0.10234541577825162,-0.26865671641791056,0.6,0.0,0.6,0,0,0.36941721718379594
1.6108949416342413,1.0544747081712063,0.6108949416342413,0.4357976653696498,0.556420233463035,0.17509727626459148,0.21789883268482502,0.8,0.2,0.6000000000000001,0,1,0.6553575392436272
1.6363636363636365,0.8181818181818182,0.36363636363636365,0.09090909090909091,0.8181818181818182,0.2727272727272727,0.0,0.6,0.2,0.39999999999999997,1,1,0.6845718705038698
1.2372881355932204,0.7272727272727273,0.423728813559322,0.18181818181818182,0.5100154083204931,0.2419106317411402,0.9098613251155623,0.6,0.4,0.19999999999999996,1,1,0.691708408793523
0.9285714285714286,1.4514563106796117,0.30612244897959184,0.5145631067961165,-0.5228848821081831,-0.20844065781652465,-0.3734892015058451,0.6,1.0,-0.4,0,0,0.26615910460712683
1.532258064516129,1.7903225806451613,0.42473118279569894,0.6075268817204301,-0.25806451612903225,-0.1827956989247312,-0.564516129032258,0.4,0.4,0.0,1,0,0.33064014066727165
1.0303030303030303,1.5481927710843373,0.25,0.40963855421686746,-0.517889740781307,-0.15963855421686746,-0.4184921504198613,0.2,0.0,0.2,1,0,0.2961472169854894
1.5595238095238095,1.2962962962962963,0.5714285714285714,0.4074074074074074,0.26322751322751325,0.164021164021164,0.15476190476190466,0.6,0.6,0.0,1,1,0.5515925909300893
1.63013698630137,0.9863013698630136,0.6164383561643836,0.3972602739726027,0.6438356164383563,0.21917808219178087,0.4520547945205481,0.4,0.6,-0.19999999999999996,1,1,0.6546642738602699
1.152542372881356,0.8983050847457628,0.3983050847457627,0.3644067796610169,0.2542372881355932,0.03389830508474578,-0.2966101694915253,0.2,0.2,0.0,0,0,0.47054869340439553
1.0,1.25,0.25,0.3333333333333333,-0.25,-0.08333333333333331,-0.5833333333333333,0.4,0.6,-0.19999999999999996,0,0,0.3158177631640916
1.05,1.05,0.36666666666666664,0.36666666666666664,0.0,0.0,0.050000000000000044,0.6,0.6,0.0,0,0,0.4538199688569785
1.9574468085106382,0.9375,0.723404255319149,0.2708333333333333,1.0199468085106382,0.45257092198581567,0.651595744680851,0.6,0.4,0.19999999999999996,1,1,0.7832305654400614
2.672727272727273,1.490909090909091,0.7818181818181819,0.5272727272727272,1.1818181818181819,0.25454545454545463,0.19999999999999984,0.8,0.2,0.6000000000000001,1,1,0.7911585262418556
1.2535211267605635,1.7477064220183487,0.3732394366197183,0.6100917431192661,-0.4941852952577852,-0.23685230649954775,-0.3576043416462076,0.6,0.6,0.0,0,0,0.29731728399178287
1.1919191919191918,1.3434343434343434,0.42424242424242425,0.494949494949495,-0.1515151515151516,-0.07070707070707072,-0.19191919191919204,0.6,0.4,0.19999999999999996,0,0,0.40342758715777627
1.8925925925925926,1.0518518518518518,0.6518518518518519,0.43333333333333335,0.8407407407407408,0.21851851851851856,0.23703703703703716,0.6,0.6,0.0,1,1,0.6893412078666615
1.243421052631579,1.4504504504504505,0.4144736842105263,0.5135135135135135,-0.20702939781887153,-0.09903982930298716,-0.09844713134186822,0.4,0.6,-0.19999999999999996,1,0,0.377195031257647
1.0454545454545454,0.95,0.2727272727272727,0.45,0.09545454545454546,-0.1772727272727273,-0.6045454545454546,0.4,0.6,-0.19999999999999996,1,0,0.37202943454970466
1.0357142857142858,1.0562913907284768,0.44642857142857145,0.44039735099337746,-0.020577105014190966,0.006031220435193996,0.023237937559129618,0.4,0.0,0.4,1,0,0.4663664830905185
1.4642857142857142,1.6971830985915493,0.42857142857142855,0.6690140845070423,-0.23289738430583506,-0.2404426559356137,-0.4004024144869216,0.8,0.6,0.20000000000000007,0,0,0.35905560098661904
1.4513274336283186,1.5140562248995983,0.4336283185840708,0.41767068273092367,-0.06272879127127973,0.015957635853147134,0.264349433130753,0.2,0.6,-0.39999999999999997,0,0,0.45170837754076515
0.7142857142857143,1.0898876404494382,0.14285714285714285,0.39325842696629215,-0.3756019261637239,-0.2504012841091493,0.2423756019261636,0.4,0.4,0.0,0,0,0.36479165485249015
1.055045871559633,1.688073394495413,0.3577981651376147,0.5596330275229358,-0.63302752293578,-0.20183486238532106,0.00917431192660545,0.2,0.6,-0.39999999999999997,1,0,0.28238304896763466
1.7676767676767677,1.3096446700507614,0.6919191919191919,0.5076142131979695,0.4580320976260064,0.18430497872122242,0.2484233194893093,0.6,0.6,0.0,0,1,0.6088424489626614
1.0389610389610389,1.0909090909090908,0.5324675324675324,0.4025974025974026,-0.051948051948051965,0.1298701298701298,0.24675324675324672,0.8,0.6,0.20000000000000007,0,0,0.48829142465487
1.2109704641350212,1.1914893617021276,0.459915611814346,0.40425531914893614,0.019481102432893582,0.05566029266540984,0.09623844151180538,0.4,0.4,0.0,0,0,0.4705142443561438
1.3575418994413408,1.2275862068965517,0.4301675977653631,0.4206896551724138,0.12995569254478911,0.009477942592949318,0.007204777499518311,0.6,0.6,0.0,1,0,0.48675781984453037
1.051643192488263,0.9615384615384616,0.4084507042253521,0.2692307692307692,0.09010473094980143,0.1392199349945829,0.6928494041170097,0.4,0.0,0.4,0,1,0.5805651934433578
1.1812080536912752,1.749003984063745,0.42953020134228187,0.5617529880478087,-0.5677959303724698,-0.13222278670552684,-0.0007219444370170081,0.2,0.8,-0.6000000000000001,0,0,0.29132832582191753
1.684873949579832,1.3571428571428572,0.6554621848739496,0.5798319327731093,0.32773109243697474,0.07563025210084029,0.10504201680672265,0.6,0.6,0.0,1,1,0.5531334194454907
0.8958333333333334,0.9583333333333334,0.375,0.375,-0.0625,0.0,-0.20833333333333326,0.4,0.4,0.0,1,0,0.40457384774879407
1.1754385964912282,0.8695652173913043,0.4473684210526316,0.38405797101449274,0.30587337909992385,0.06331045003813884,-0.006483600305110526,0.6,0.4,0.19999999999999996,0,1,0.5330612674496117
1.0833333333333333,1.2674418604651163,0.375,0.5232558139534884,-0.18410852713178305,-0.1482558139534884,-0.09641472868217038,0.2,0.8,-0.6000000000000001,1,0,0.34920676328138106
0.9787234042553191,1.1901408450704225,0.4148936170212766,0.4788732394366197,-0.21141744081510339,-0.06397962241534311,-0.1675906502846869,0.2,0.4,-0.2,0,0,0.36185218465679814
1.7206703910614525,1.2285714285714286,0.6033519553072626,0.45714285714285713,0.49209896249002383,0.14620909816440547,-0.10315243415802078,0.8,0.2,0.6000000000000001,1,1,0.609586800202187
1.2155963302752293,1.0963302752293578,0.463302752293578,0.48623853211009177,0.11926605504587151,-0.02293577981651379,-0.1330275229357798,0.2,0.6,-0.39999999999999997,0,0,0.4323726489665421
2.697247706422018,2.7889908256880735,0.8027522935779816,0.8715596330275229,-0.09174311926605538,-0.06880733944954132,-0.22477064220183485,1.0,0.6,0.4,0,0,0.471670019690475
0.9803921568627451,1.204724409448819,0.38235294117647056,0.468503937007874,-0.22433225258607392,-0.08615099583140345,-0.22294272039524476,0.4,0.0,0.4,0,0,0.38693363496612226
1.2345679012345678,2.2048192771084336,0.5185185185185185,0.7469879518072289,-0.9702513758738658,-0.2284694332887104,-0.5252119589468986,0.6,0.8,-0.20000000000000007,0,0,0.19788308046479752
1.0,1.3834586466165413,0.18181818181818182,0.47368421052631576,-0.3834586466165413,-0.29186602870813394,-0.683526999316473,0.2,0.6,-0.39999999999999997,0,0,0.25600786777345313
1.2244897959183674,0.9591836734693877,0.37755102040816324,0.3673469387755102,0.26530612244897966,0.010204081632653017,0.061224489795918435,0.2,0.0,0.2,0,1,0.5260283483972571
1.1764705882352942,1.5833333333333333,0.4264705882352941,0.44607843137254904,-0.4068627450980391,-0.019607843137254943,0.13480392156862742,0.4,0.4,0.0,0,0,0.3786609927567917
1.5348837209302326,2.302325581395349,0.5581395348837209,0.5813953488372093,-0.7674418604651163,-0.023255813953488413,0.2790697674418605,0.8,0.6,0.20000000000000007,1,0,0.3463567161572433
1.6055045871559632,1.2798165137614679,0.6330275229357798,0.4724770642201835,0.32568807339449535,0.1605504587155963,0.33944954128440363,0.6,0.6,0.0,1,1,0.5852270409186446
1.251121076233184,1.3135135135135134,0.43946188340807174,0.5459459459459459,-0.062392437280329505,-0.10648406253787418,-0.16715549630347826,0.4,0.2,0.2,0,0,0.4207304213567181
1.2851239669421488,1.3173076923076923,0.43388429752066116,0.4230769230769231,-0.03218372536554348,0.010807374443738083,0.018992371265098562,0.6,0.6,0.0,0,0,0.45136792848843005
1.1282051282051282,1.4444444444444444,0.4358974358974359,0.3333333333333333,-0.3162393162393162,0.10256410256410259,0.18376068376068377,0.0,0.4,-0.4,0,0,0.38613896288532235
1.0619469026548674,0.96,0.40707964601769914,0.30666666666666664,0.10194690265486739,0.1004129793510325,-0.060176991150442616,0.2,0.0,0.2,0,0,0.4804566880146758
1.4787234042553192,1.2586206896551724,0.43617021276595747,0.3103448275862069,0.22010271460014685,0.12582538517975056,0.30117388114453414,0.6,0.2,0.39999999999999997,1,1,0.578421773088741
1.2666666666666666,2.419047619047619,0.4095238095238095,0.7666666666666667,-1.1523809523809523,-0.3571428571428572,-0.6857142857142857,0.2,0.6,-0.39999999999999997,0,0,0.15066210284403678
1.1275167785234899,0.8505747126436781,0.3624161073825503,0.2988505747126437,0.27694206587981174,0.06356553266990661,0.10005399984571484,0.2,0.0,0.2,0,1,0.5352933665648639
1.7692307692307692,1.394736842105263,0.5128205128205128,0.39473684210526316,0.3744939271255061,0.11808367071524961,-0.014170040485829816,0.6,0.4,0.19999999999999996,0,1,0.5712804362645515
2.4583333333333335,1.46875,0.7291666666666666,0.4270833333333333,0.9895833333333335,0.3020833333333333,0.65625,0.8,1.0,-0.19999999999999996,1,1,0.7653662784170804
1.6923076923076923,0.8125,0.5897435897435898,0.1875,0.8798076923076923,0.40224358974358976,0.6362179487179487,0.6,0.2,0.39999999999999997,1,1,0.761233406830672
0.8888888888888888,1.0973451327433628,0.3888888888888889,0.4778761061946903,-0.20845624385447392,-0.08898721730580139,-0.12118977384464102,0.4,0.0,0.4,1,0,0.3977679545100394
1.053763440860215,1.1454545454545455,0.3118279569892473,0.35454545454545455,-0.0916911045943305,-0.04271749755620724,-0.36832844574780066,0.4,0.8,-0.4,0,0,0.3615277045338834
1.2210526315789474,2.210526315789474,0.35789473684210527,0.6842105263157895,-0.9894736842105265,-0.3263157894736842,-0.7578947368421054,0.4,1.0,-0.6,0,0,0.16073604873194322
2.251028806584362,0.9753086419753086,0.7777777777777778,0.3333333333333333,1.2757201646090537,0.4444444444444445,0.6954732510288065,1.0,0.0,1.0,1,1,0.8531331673435435
1.3333333333333333,1.2731958762886597,0.453125,0.41237113402061853,0.06013745704467355,0.040753865979381465,0.16167310996563589,0.8,0.6,0.20000000000000007,0,1,0.5052105781007041
1.16,1.76,0.36,0.44,-0.6000000000000001,-0.08000000000000002,-0.16000000000000014,0.8,0.6,0.20000000000000007,0,0,0.32031707266407544
0.8571428571428571,0.9113924050632911,0.3877551020408163,0.35443037974683544,-0.054249547920434016,0.03332472229398087,0.12425729785585138,0.4,0.8,-0.4,1,0,0.4219568622275934
1.5,1.4206349206349207,0.6190476190476191,0.6349206349206349,0.0793650793650793,-0.015873015873015817,0.039682539682539764,0.8,0.6,0.20000000000000007,1,0,0.4918652335382426
1.8144329896907216,1.0344827586206897,0.5463917525773195,0.2413793103448276,0.7799502310700319,0.3050124422324919,0.305012442232492,0.2,0.0,0.2,0,1,0.6987558614297587
1.095890410958904,1.318918918918919,0.3698630136986301,0.4702702702702703,-0.22302850796001494,-0.10040725657164018,-0.11010736764161422,0.2,0.4,-0.2,0,0,0.3668738127400113
1.184,0.8444444444444444,0.384,0.32222222222222224,0.3395555555555555,0.061777777777777765,0.2302222222222221,0.2,0.4,-0.2,1,1,0.5411499145325732
1.0119047619047619,1.3644067796610169,0.39285714285714285,0.5847457627118644,-0.352502017756255,-0.19188861985472155,-0.3198143664245361,0.4,0.6,-0.19999999999999996,1,0,0.31117083185578265
1.2222222222222223,2.074074074074074,0.5,0.7407407407407407,-0.8518518518518516,-0.2407407407407407,-0.33333333333333326,1.0,0.8,0.19999999999999996,0,0,0.24853057073862922
2.5055555555555555,1.0892857142857142,0.7611111111111111,0.3482142857142857,1.4162698412698413,0.4128968253968254,0.8390873015873016,0.8,0.0,0.8,0,1,0.8713919171389266
1.9761904761904763,1.630952380952381,0.5952380952380952,0.4642857142857143,0.34523809523809534,0.13095238095238093,-0.13095238095238093,0.6,0.4,0.19999999999999996,0,1,0.5587530146605391
1.2945736434108528,1.3333333333333333,0.4573643410852713,0.43410852713178294,-0.03875968992248047,0.023255813953488358,0.046511627906976605,0.6,0.6,0.0,0,0,0.45419572311203493
0.967741935483871,1.2608695652173914,0.3870967741935484,0.4444444444444444,-0.29312762973352036,-0.05734767025089604,-0.21552127162225343,0.2,0.8,-0.6000000000000001,0,0,0.3209442938017013
1.103448275862069,1.3448275862068966,0.41379310344827586,0.3793103448275862,-0.24137931034482762,0.03448275862068967,0.48275862068965525,0.8,0.2,0.6000000000000001,1,0,0.49363433334238177
1.2857142857142858,2.36734693877551,0.40816326530612246,0.6938775510204082,-1.0816326530612244,-0.2857142857142857,-0.36734693877551017,0.4,0.6,-0.19999999999999996,0,0,0.19203645935690217
1.2222222222222223,1.8888888888888888,0.4444444444444444,0.3333333333333333,-0.6666666666666665,0.1111111111111111,-0.33333333333333337,0.0,0.0,0.0,0,0,0.29173617697438675
1.9315068493150684,1.547945205479452,0.5068493150684932,0.5205479452054794,0.3835616438356164,-0.013698630136986245,-0.09589041095890405,0.4,0.6,-0.19999999999999996,1,1,0.5310612807602987
1.2325581395348837,1.0238095238095237,0.4186046511627907,0.35714285714285715,0.20874861572535997,0.06146179401993357,0.058693244739756345,0.4,0.4,0.0,0,1,0.5085886233920996
0.6818181818181818,1.196969696969697,0.3181818181818182,0.3939393939393939,-0.5151515151515152,-0.07575757575757575,0.1212121212121211,0.2,0.0,0.2,0,0,0.3459202128228835
1.3846153846153846,1.5384615384615385,0.2692307692307692,0.5769230769230769,-0.15384615384615397,-0.30769230769230765,-0.9230769230769229,0.4,0.6,-0.19999999999999996,1,0,0.2918584867456021
1.0434782608695652,0.9361702127659575,0.42028985507246375,0.3971631205673759,0.10730804810360772,0.023126734505087843,-0.2716620413197657,0.8,0.6,0.20000000000000007,0,0,0.45462587397162063
1.1851851851851851,1.0648148148148149,0.4351851851851852,0.37962962962962965,0.12037037037037024,0.055555555555555525,0.03703703703703698,0.4,0.4,0.0,1,0,0.48475080504281837
0.8333333333333334,0.9444444444444444,0.3333333333333333,0.4305555555555556,-0.11111111111111105,-0.09722222222222227,-0.11111111111111094,0.6,0.4,0.19999999999999996,0,0,0.40775275896470803
1.5606060606060606,1.4734848484848484,0.5681818181818182,0.5,0.08712121212121215,0.06818181818181823,0.18939393939393945,0.6,0.8,-0.20000000000000007,1,0,0.4968486149807426
1.3617021276595744,1.0425531914893618,0.6595744680851063,0.3829787234042553,0.31914893617021267,0.276595744680851,0.5319148936170212,0.6,0.4,0.19999999999999996,0,1,0.6189312227645315
0.9752066115702479,1.075,0.4214876033057851,0.38333333333333336,-0.09979338842975205,0.03815426997245175,0.01928374655647369,0.4,0.4,0.0,0,0,0.4276710478070769
1.8,2.523076923076923,0.5153846153846153,0.7384615384615385,-0.723076923076923,-0.22307692307692317,-0.7230769230769231,0.8,1.0,-0.19999999999999996,0,0,0.23313206974499023
1.3571428571428572,1.0389610389610389,0.45454545454545453,0.37662337662337664,0.31818181818181834,0.07792207792207789,-0.025974025974025983,0.6,0.4,0.19999999999999996,1,1,0.5410981327629009
2.014925373134328,1.0757575757575757,0.746268656716418,0.5454545454545454,0.9391677973767525,0.20081411126187254,0.23812754409769343,0.8,1.0,-0.19999999999999996,1,1,0.6992266182862922
1.1592920353982301,2.274336283185841,0.40707964601769914,0.7699115044247787,-1.1150442477876108,-0.3628318584070796,-0.7699115044247787,0.4,0.8,-0.4,0,0,0.14862367574839214
1.6212624584717608,1.0285714285714285,0.6079734219269103,0.37142857142857144,0.5926910299003323,0.23654485049833884,0.42724252491694337,0.8,0.4,0.4,1,1,0.6789095675744048
1.1071428571428572,1.2066666666666668,0.17857142857142858,0.4,-0.09952380952380957,-0.22142857142857145,-0.21666666666666656,0.0,0.4,-0.4,1,0,0.3597867212012893
1.3636363636363635,1.35,0.42424242424242425,0.4666666666666667,0.013636363636363447,-0.04242424242424242,-0.38636363636363624,0.4,0.4,0.0,0,0,0.41113332108054673
1.3197969543147208,1.4467005076142132,0.38071065989847713,0.467005076142132,-0.12690355329949243,-0.08629441624365486,-0.31979695431472077,0.8,0.2,0.6000000000000001,1,0,0.4228041229311799
1.9221556886227544,1.248062015503876,0.6347305389221557,0.4186046511627907,0.6740936731188785,0.21612588775936498,0.5063825836698697,0.6,0.6,0.0,1,1,0.6863685745857281
1.2611464968152866,1.3690987124463518,0.445859872611465,0.48497854077253216,-0.10795221563106527,-0.03911866816106718,0.08329460648970777,0.8,0.6,0.20000000000000007,1,0,0.450201949147584
1.662162162162162,1.695945945945946,0.5202702702702703,0.4864864864864865,-0.033783783783783994,0.03378378378378377,0.006756756756756799,0.6,0.8,-0.20000000000000007,0,0,0.45152859680076785
1.5592417061611374,1.7914691943127963,0.4928909952606635,0.5924170616113744,-0.23222748815165883,-0.09952606635071093,-0.26066350710900466,0.4,0.4,0.0,0,0,0.37461365608157987
1.3476190476190477,2.430327868852459,0.49523809523809526,0.7868852459016393,-1.0827088212334113,-0.2916471506635441,-0.5402419984387199,0.6,1.0,-0.4,0,0,0.17404819464554316
0.6666666666666666,0.6666666666666666,0.0,0.0,0.0,0.0,0.33333333333333326,0.0,0.0,0.0,0,0,0.4745455433716291
1.3093922651933703,1.1517241379310346,0.4696132596685083,0.45517241379310347,0.1576681272623357,0.01444084587540484,-0.2116593636883215,0.0,0.4,-0.4,0,0,0.4364754656841698
0.8571428571428571,1.5714285714285714,0.14285714285714285,0.0,-0.7142857142857143,0.14285714285714285,-0.7142857142857144,0.0,0.0,0.0,1,0,0.24715938134672577
1.3958333333333333,1.0,0.4583333333333333,0.3,0.39583333333333326,0.15833333333333333,-0.6541666666666668,0.6,0.6,0.0,0,0,0.4836528589316997
1.0833333333333333,1.1666666666666667,0.25,0.08333333333333333,-0.08333333333333348,0.16666666666666669,0.16666666666666652,0.6,0.2,0.39999999999999997,1,0,0.49362885922095046
1.7586206896551724,1.034965034965035,0.6896551724137931,0.4195804195804196,0.7236556546901374,0.27007475283337357,0.57839401977333,0.8,0.4,0.4,0,1,0.7221180462219502
1.5618556701030928,0.7954545454545454,0.5721649484536082,0.2727272727272727,0.7664011246485474,0.2994376757263355,0.4505623242736645,1.0,0.4,0.6,1,1,0.7275954674154024
1.2298850574712643,1.0,0.5632183908045977,0.42105263157894735,0.2298850574712643,0.14216575922565033,0.27465214761040524,0.6,0.6,0.0,0,1,0.544685887609696
1.0909090909090908,2.165644171779141,0.32727272727272727,0.7300613496932515,-1.0747350808700502,-0.40278862242052427,-0.42253206915783603,0.6,0.6,0.0,0,0,0.18702808061781284
1.0273972602739727,2.0152091254752853,0.4383561643835616,0.7680608365019012,-0.9878118652013126,-0.32970467211833954,-0.3911141205271107,0.4,0.4,0.0,0,0,0.20140377383660968
1.5408163265306123,1.1134020618556701,0.4897959183673469,0.41237113402061853,0.42741426467494215,0.07742478434672839,0.09699137386913526,1.0,0.6,0.4,0,1,0.5984685302051684
1.5527950310559007,1.7453416149068324,0.422360248447205,0.5962732919254659,-0.1925465838509317,-0.17391304347826086,-0.5465838509316772,0.4,0.8,-0.4,0,0,0.3253820226977165
1.7878787878787878,0.9393939393939394,0.5757575757575758,0.21212121212121213,0.8484848484848484,0.36363636363636365,0.7575757575757576,0.4,0.2,0.2,0,1,0.7562008403007651
0.9395973154362416,1.2602739726027397,0.348993288590604,0.3835616438356164,-0.32067665716649807,-0.034568355245012394,0.028684379884159172,0.4,0.8,-0.4,0,0,0.35489722574412996
1.082051282051282,0.782608695652174,0.41025641025641024,0.2608695652173913,0.29944258639910803,0.14938684503901895,0.13054626532887403,0.0,0.2,-0.2,1,1,0.5242105437429041
1.2974910394265233,1.025,0.48028673835125446,0.39166666666666666,0.2724910394265234,0.0886200716845878,0.048073476702509055,0.4,0.6,-0.19999999999999996,0,1,0.5128462689278979
1.697508896797153,1.292857142857143,0.6334519572953736,0.4785714285714286,0.4046517539400101,0.15488052872394503,0.17569903406202347,0.8,0.4,0.4,1,1,0.6104660159193664
1.36,1.04,0.48,0.16,0.32000000000000006,0.31999999999999995,0.44000000000000017,0.8,0.0,0.8,1,1,0.6515804383107301
1.0862068965517242,1.3121387283236994,0.41379310344827586,0.5260115606936416,-0.22593183177197518,-0.11221845724536578,-0.26931765331207225,0.2,0.4,-0.2,1,0,0.3473378843235623
1.6219081272084805,2.7491166077738516,0.5865724381625441,0.7879858657243817,-1.127208480565371,-0.20141342756183755,-0.1766784452296819,0.2,0.8,-0.6000000000000001,0,0,0.19398684194718827
1.1330049261083743,1.3201970443349753,0.4088669950738916,0.5024630541871922,-0.18719211822660098,-0.09359605911330054,-0.054187192118226424,0.4,0.4,0.0,0,0,0.3941374213247052
1.2121212121212122,0.8484848484848485,0.45454545454545453,0.3333333333333333,0.36363636363636365,0.12121212121212122,-0.21212121212121215,0.8,0.6,0.20000000000000007,0,1,0.530876150966209
2.1171875,1.8671875,0.6875,0.6328125,0.25,0.0546875,0.2734375,0.6,1.0,-0.4,1,1,0.5446367110646881
0.8297872340425532,1.425531914893617,0.3617021276595745,0.6276595744680851,-0.5957446808510638,-0.2659574468085106,-0.23404255319148926,0.2,0.6,-0.39999999999999997,0,0,0.2553646302241781
1.6666666666666667,1.247191011235955,0.6529209621993127,0.43258426966292135,0.41947565543071175,0.22033669253639138,0.33893200509672194,0.8,0.4,0.4,1,1,0.6358189638746986
1.6534090909090908,1.2916666666666667,0.5909090909090909,0.20833333333333334,0.3617424242424241,0.38257575757575757,0.5776515151515151,1.0,0.0,1.0,1,1,0.6977495733278806
1.0810810810810811,1.1126760563380282,0.35135135135135137,0.4507042253521127,-0.0315949752569471,-0.09935287400076132,-0.22344880091358954,0.2,0.4,-0.2,0,0,0.3929412292794835
1.2745098039215685,1.3529411764705883,0.3137254901960784,0.4117647058823529,-0.07843137254901977,-0.0980392156862745,-0.07843137254901977,0.4,0.4,0.0,0,0,0.4200305545065386
1.0441176470588236,0.9545454545454546,0.38235294117647056,0.45454545454545453,0.08957219251336901,-0.07219251336898397,-0.007130124777183555,0.6,0.4,0.19999999999999996,0,0,0.4700771356198618
0.6470588235294118,1.125,0.2647058823529412,0.4166666666666667,-0.4779411764705882,-0.1519607843137255,-0.2655228758169934,0.2,0.6,-0.39999999999999997,1,0,0.2778441570216596
1.4791666666666667,0.7708333333333334,0.4166666666666667,0.3541666666666667,0.7083333333333334,0.0625,-0.3125,0.2,0.4,-0.2,0,1,0.5668345393874412
1.5714285714285714,1.9523809523809523,0.3333333333333333,0.42857142857142855,-0.38095238095238093,-0.09523809523809523,-0.2857142857142858,0.4,0.8,-0.4,0,0,0.3257328224961489
0.9285714285714286,1.4285714285714286,0.2857142857142857,0.35714285714285715,-0.5,-0.07142857142857145,0.1428571428571428,0.6,0.4,0.19999999999999996,1,0,0.3636649249241538
1.5942857142857143,1.6571428571428573,0.6057142857142858,0.6571428571428571,-0.06285714285714294,-0.05142857142857138,-0.005714285714285783,0.6,0.4,0.19999999999999996,0,0,0.4545887906328705
0.8861788617886179,1.1054852320675106,0.34959349593495936,0.46835443037974683,-0.21930637027889266,-0.11876093444478747,-0.11001337861479876,0.8,0.6,0.20000000000000007,1,0,0.38709075594799436
1.5909090909090908,1.4878048780487805,0.4772727272727273,0.6280487804878049,0.10310421286031035,-0.1507760532150776,-0.30210643015521066,0.8,0.8,0.0,0,0,0.4387580807755877
1.3755458515283843,1.9781659388646289,0.4279475982532751,0.6637554585152838,-0.6026200873362446,-0.23580786026200873,-0.650655021834061,0.2,0.8,-0.6000000000000001,0,0,0.22609389311891537
1.4308943089430894,1.3577235772357723,0.4715447154471545,0.37398373983739835,0.07317073170731714,0.09756097560975613,0.2520325203252032,0.6,0.6,0.0,1,1,0.5133618537903711
1.5855855855855856,1.1801801801801801,0.4954954954954955,0.4594594594594595,0.4054054054054055,0.036036036036036,-0.18018018018018034,0.2,0.4,-0.2,1,1,0.5173804332385621
2.2551724137931033,1.4068965517241379,0.7724137931034483,0.6275862068965518,0.8482758620689654,0.1448275862068965,0.06206896551724139,1.0,0.8,0.19999999999999996,1,1,0.689273416600191
1.4186046511627908,1.697674418604651,0.32558139534883723,0.4883720930232558,-0.2790697674418603,-0.16279069767441856,-0.558139534883721,0.4,0.2,0.2,1,0,0.33798322006861775
1.643939393939394,1.1517857142857142,0.5984848484848485,0.35714285714285715,0.49215367965367984,0.24134199134199136,0.10795454545454541,0.8,0.6,0.20000000000000007,0,1,0.6168791544937833
1.0972222222222223,1.1111111111111112,0.4722222222222222,0.3888888888888889,-0.01388888888888884,0.08333333333333331,0.13888888888888906,0.6,0.2,0.39999999999999997,0,0,0.4924291898320668
1.16,2.247311827956989,0.16,0.7204301075268817,-1.087311827956989,-0.5604301075268817,-1.016774193548387,0.4,0.6,-0.19999999999999996,0,0,0.13618822972533354
1.0476190476190477,1.445945945945946,0.43537414965986393,0.5202702702702703,-0.3983268983268984,-0.08489612061040636,-0.3069038426181283,1.0,0.8,0.19999999999999996,1,0,0.3397421972823945
1.6832298136645962,0.56,0.4782608695652174,0.16,1.1232298136645962,0.3182608695652174,-0.002484472049689268,0.4,0.2,0.2,0,1,0.7297016639802979
1.4513274336283186,0.7391304347826086,0.6371681415929203,0.13043478260869565,0.71219699884571,0.5067333589842247,0.7591381300500193,0.6,0.0,0.6,1,1,0.7550213813046196
0.8888888888888888,1.3205574912891986,0.4074074074074074,0.5853658536585366,-0.4316686024003098,-0.17795844625112917,-0.09676087237062858,0.8,0.8,0.0,0,0,0.32965054288176954
0.5,1.75,0.125,0.375,-1.25,-0.25,0.25,0.0,0.0,0.0,0,0,0.20791879392862453
2.6333333333333333,1.2166666666666666,0.7833333333333333,0.38333333333333336,1.4166666666666667,0.39999999999999997,0.5166666666666666,0.8,0.4,0.4,1,1,0.8432619532707899
2.2857142857142856,2.357142857142857,0.5,0.5,-0.07142857142857162,0.0,0.2857142857142858,0.8,1.0,-0.19999999999999996,0,0,0.49597406487622125
1.1153846153846154,1.2233009708737863,0.4307692307692308,0.5388349514563107,-0.10791635548917089,-0.10806572068707987,-0.45466766243465284,0.8,0.6,0.20000000000000007,0,0,0.3792140456727566
1.6714285714285715,2.1142857142857143,0.5714285714285714,0.6,-0.44285714285714284,-0.02857142857142858,0.3285714285714285,0.4,0.4,0.0,1,0,0.4051446627291115
1.422907488986784,1.3333333333333333,0.47577092511013214,0.44871794871794873,0.08957415565345084,0.027052976392183403,-0.18730938664859353,0.2,0.6,-0.39999999999999997,0,0,0.4319797805791849
2.625,1.875,0.25,0.25,0.75,0.0,-0.25,0.0,0.0,0.0,1,1,0.6273657399038689
1.234375,1.2784090909090908,0.4375,0.44886363636363635,-0.04403409090909083,-0.011363636363636354,-0.08806818181818188,0.6,0.4,0.19999999999999996,0,0,0.44438088029213263
1.5121951219512195,1.9268292682926829,0.4634146341463415,0.6097560975609756,-0.41463414634146334,-0.1463414634146341,-0.2195121951219512,0.6,0.8,-0.20000000000000007,1,0,0.3293552298001268
1.1494845360824741,0.875,0.4536082474226804,0.125,0.27448453608247414,0.3286082474226804,1.4355670103092784,0.2,0.0,0.2,0,1,0.7012446031744074
1.6114285714285714,1.2457142857142858,0.5657142857142857,0.44571428571428573,0.36571428571428566,0.12,0.18285714285714283,0.6,0.0,0.6,1,1,0.6078371952038224
2.487603305785124,1.3553719008264462,0.7272727272727273,0.45454545454545453,1.1322314049586777,0.27272727272727276,0.38842975206611574,0.8,0.0,0.8,0,1,0.8036527578405916
2.733050847457627,2.75,0.788135593220339,0.8686440677966102,-0.016949152542372836,-0.0805084745762712,-0.2499999999999999,1.0,1.0,0.0,1,0,0.4614780792942833
1.8227848101265822,1.1518987341772151,0.569620253164557,0.45569620253164556,0.6708860759493671,0.11392405063291144,-0.17721518987341756,0.4,0.6,-0.19999999999999996,1,1,0.5897512829585955
1.3854545454545455,1.3541666666666667,0.5309090909090909,0.4791666666666667,0.03128787878787875,0.0517424242424242,0.23856060606060603,0.2,0.4,-0.2,0,0,0.4796724118437898
1.5497835497835497,1.0,0.6363636363636364,0.3333333333333333,0.5497835497835497,0.30303030303030304,0.432900432900433,0.8,0.4,0.4,1,1,0.6747507796254572
1.302325581395349,1.3426966292134832,0.3953488372093023,0.37640449438202245,-0.040371047818134276,0.01894434282727986,0.3037627384374184,0.2,0.2,0.0,1,0,0.4803195394372606
1.1746031746031746,1.3650793650793651,0.38095238095238093,0.4444444444444444,-0.19047619047619047,-0.06349206349206349,-0.06349206349206349,0.8,0.4,0.4,1,0,0.42400770919987485
1.8412698412698412,1.2,0.671957671957672,0.41333333333333333,0.6412698412698412,0.25862433862433865,0.631957671957672,0.8,0.4,0.4,0,1,0.7146103574347206
1.6585365853658536,0.8780487804878049,0.6341463414634146,0.4146341463414634,0.7804878048780487,0.21951219512195125,0.3414634146341463,0.8,1.0,-0.19999999999999996,1,1,0.6733684075380897
0.9587155963302753,0.7894736842105263,0.3577981651376147,0.34210526315789475,0.16924191211974893,0.015692901979719953,0.14220183486238525,0.0,0.2,-0.2,0,0,0.4810471907997748
1.25,1.0747126436781609,0.4642857142857143,0.47701149425287354,0.17528735632183912,-0.012725779967159234,-0.21756978653530368,0.2,0.2,0.0,1,0,0.4600992353064925
0.9411764705882353,0.7777777777777778,0.23529411764705882,0.2222222222222222,0.1633986928104575,0.01307189542483661,-0.07189542483660127,0.4,0.4,0.0,0,0,0.47283172971612153
1.2439024390243902,1.6097560975609757,0.36585365853658536,0.4878048780487805,-0.36585365853658547,-0.12195121951219512,-0.36585365853658525,0.4,0.6,-0.19999999999999996,0,0,0.31785664051010154
1.793991416309013,1.4549356223175967,0.5879828326180258,0.5107296137339056,0.3390557939914163,0.07725321888412018,0.07725321888412018,1.0,0.6,0.4,1,1,0.5846867627703817
1.6111111111111112,1.4305555555555556,0.6388888888888888,0.5972222222222222,0.18055555555555558,0.04166666666666663,-0.02777777777777779,0.4,0.8,-0.4,1,0,0.4756817009811867
1.1428571428571428,1.400990099009901,0.39285714285714285,0.4207920792079208,-0.2581329561527581,-0.027934936350777928,0.14244460160301742,0.0,0.4,-0.4,0,0,0.38204818944768293
2.417624521072797,1.3480176211453745,0.7969348659003831,0.5022026431718062,1.0696068999274224,0.2947322227285769,0.5625770081185546,1.0,0.8,0.19999999999999996,0,1,0.7850392014704488
1.1450980392156862,1.1782178217821782,0.48627450980392156,0.42574257425742573,-0.03311978256649195,0.06053193554649583,0.13907979033197426,0.4,0.6,-0.19999999999999996,0,0,0.4502126655392138
1.4615384615384615,1.5256410256410255,0.5384615384615384,0.5384615384615384,-0.0641025641025641,0.0,0.16025641025641035,1.0,0.6,0.4,1,0,0.49094255276377957
1.3313253012048192,1.216867469879518,0.4578313253012048,0.41566265060240964,0.11445783132530107,0.04216867469879515,0.054216867469879526,0.4,0.2,0.2,0,1,0.5005065422733027
1.4090909090909092,1.8896103896103895,0.512987012987013,0.6298701298701299,-0.48051948051948035,-0.11688311688311692,0.09740259740259738,0.6,1.0,-0.4,0,0,0.3371477670985822
1.3576158940397351,0.9333333333333333,0.37748344370860926,0.26666666666666666,0.4242825607064018,0.1108167770419426,-0.08167770419426046,0.4,0.4,0.0,0,1,0.5484520785638499
1.2758620689655173,1.4396551724137931,0.45689655172413796,0.646551724137931,-0.1637931034482758,-0.1896551724137931,-0.4913793103448275,0.8,0.8,0.0,0,0,0.35035313613275626
1.1517509727626458,1.2447552447552448,0.43190661478599224,0.4125874125874126,-0.09300427199259897,0.019319202198579633,-0.071372207558978,0.4,0.4,0.0,0,0,0.422889530444995
0.6428571428571429,0.7857142857142857,0.14285714285714285,0.07142857142857142,-0.1428571428571428,0.07142857142857142,-0.2142857142857142,0.2,0.2,0.0,1,0,0.3889686220366541
0.975,1.225,0.25,0.375,-0.2500000000000001,-0.125,0.32499999999999996,0.4,0.6,-0.19999999999999996,0,0,0.4064339005281116
1.1935483870967742,2.1145833333333335,0.41935483870967744,0.6979166666666666,-0.9210349462365592,-0.2785618279569892,-0.41767473118279574,0.6,0.6,0.0,0,0,0.2176666479568421
1.3366834170854272,1.5252525252525253,0.4020100502512563,0.42424242424242425,-0.18856910816709815,-0.022232373991167953,0.018653875437795175,0.4,0.4,0.0,0,0,0.4159160644087372
1.4434782608695653,2.1652173913043478,0.6434782608695652,0.7391304347826086,-0.7217391304347824,-0.09565217391304348,0.07826086956521738,0.6,0.8,-0.20000000000000007,1,0,0.3015446827937079
1.4615384615384615,0.96,0.5,0.48,0.5015384615384615,0.020000000000000018,-0.08153846153846156,0.6,0.6,0.0,0,1,0.5584484875474578
1.0348837209302326,1.4186046511627908,0.5116279069767442,0.5813953488372093,-0.38372093023255816,-0.06976744186046513,-0.16279069767441867,0.4,0.6,-0.19999999999999996,0,0,0.33042049497585596
1.024390243902439,0.8461538461538461,0.524390243902439,0.40384615384615385,0.1782363977485929,0.12054409005628519,0.2621951219512195,0.4,0.4,0.0,1,1,0.5218660090125753
1.357487922705314,1.1256038647342994,0.5845410628019324,0.4396135265700483,0.23188405797101463,0.1449275362318841,0.25120772946859904,0.8,0.2,0.6000000000000001,1,1,0.5834169390877365
1.358974358974359,0.8,0.5384615384615384,0.0,0.558974358974359,0.5384615384615384,1.1435897435897435,0.2,0.0,0.2,0,1,0.744489320242084
0.75,0.875,0.3125,0.34375,-0.125,-0.03125,0.25,0.6,0.4,0.19999999999999996,1,0,0.44943131085303395
1.1006711409395973,1.483221476510067,0.46308724832214765,0.5704697986577181,-0.3825503355704698,-0.10738255033557043,-0.10067114093959728,0.4,0.8,-0.4,0,0,0.32603044176756785
1.1277777777777778,1.2121212121212122,0.4888888888888889,0.42424242424242425,-0.08434343434343439,0.06464646464646462,0.21262626262626272,0.4,0.4,0.0,0,0,0.4592223759866199
0.8776978417266187,1.3362445414847162,0.38848920863309355,0.4672489082969432,-0.4585466997580975,-0.07875969966384966,-0.0738274009613269,0.4,0.4,0.0,0,0,0.33243696013502844
1.95,2.49375,0.725,0.75,-0.54375,-0.025000000000000022,-0.025000000000000022,0.4,0.4,0.0,0,0,0.35346019373987225
1.1618497109826589,1.0265486725663717,0.4797687861271676,0.3805309734513274,0.13530103841628716,0.0992378126758402,0.1036370146810579,0.8,0.0,0.8,1,1,0.549199439456377
1.6236559139784945,1.8118279569892473,0.45161290322580644,0.6075268817204301,-0.18817204301075274,-0.15591397849462368,-0.4623655913978495,0.2,0.8,-0.6000000000000001,1,0,0.3258016936134799
1.781954887218045,2.3759398496240602,0.5939849624060151,0.7368421052631579,-0.5939849624060152,-0.1428571428571428,-0.17669172932330812,0.8,0.6,0.20000000000000007,0,0,0.32882551657321446
1.3370786516853932,1.4719101123595506,0.4868913857677903,0.5543071161048689,-0.1348314606741574,-0.06741573033707865,-0.06367041198501866,0.4,0.4,0.0,0,0,0.41163644157006535
1.3419354838709678,1.2644628099173554,0.49032258064516127,0.4132231404958678,0.07747267395361246,0.07709944014929349,0.17749933351106373,0.8,0.6,0.20000000000000007,0,1,0.5139265096108797
1.2380952380952381,1.4285714285714286,0.47619047619047616,0.5714285714285714,-0.19047619047619047,-0.09523809523809523,0.0,0.2,0.8,-0.6000000000000001,1,0,0.3660649502884852
1.8037383177570094,1.3717948717948718,0.6261682242990654,0.41025641025641024,0.43194344596213763,0.21591181404265514,0.3305775221663072,0.8,0.4,0.4,1,1,0.6419079108161828
0.9444444444444444,1.1018518518518519,0.3611111111111111,0.4166666666666667,-0.15740740740740744,-0.05555555555555558,0.3148148148148149,0.2,0.2,0.0,1,0,0.4376467059414539
1.0674157303370786,1.0677966101694916,0.449438202247191,0.3220338983050847,-0.0003808798324129725,0.12740430394210628,0.2605218053704055,0.4,0.4,0.0,0,0,0.4875787792396384
1.0269058295964126,1.1126126126126126,0.40358744394618834,0.42792792792792794,-0.08570678301619994,-0.024340483981739602,-0.04314628529875186,0.4,0.4,0.0,0,0,0.41951430595705225
1.23125,1.715736040609137,0.4625,0.6548223350253807,-0.48448604060913714,-0.19232233502538065,-0.3453045685279187,0.6,0.8,-0.20000000000000007,0,0,0.29195710872482
0.7419354838709677,1.4193548387096775,0.3225806451612903,0.6612903225806451,-0.6774193548387097,-0.3387096774193548,-0.4516129032258065,0.4,0.6,-0.19999999999999996,0,0,0.22747648230043466
1.65,1.525,0.6416666666666667,0.5416666666666666,0.125,0.10000000000000009,0.07500000000000018,0.6,0.6,0.0,1,1,0.508444575326613
1.2542372881355932,1.4745762711864407,0.3559322033898305,0.3898305084745763,-0.22033898305084754,-0.03389830508474578,-0.4576271186440679,0.0,0.6,-0.6,1,0,0.3199950962722361
1.5,1.8097345132743363,0.39823008849557523,0.6327433628318584,-0.3097345132743363,-0.23451327433628316,-0.584070796460177,0.0,0.8,-0.8,1,0,0.27169389420484163
1.4333333333333333,1.2,0.3333333333333333,0.3333333333333333,0.2333333333333334,0.0,-0.33333333333333326,0.6,0.4,0.19999999999999996,0,0,0.4853459685682849
1.0105263157894737,0.984375,0.45263157894736844,0.40625,0.026151315789473717,0.04638157894736844,0.17121710526315792,0.6,0.2,0.39999999999999997,1,0,0.4982202795632695
1.3706293706293706,1.2857142857142858,0.5034965034965035,0.37142857142857144,0.08491508491508482,0.1320679320679321,0.22817182817182835,0.4,0.6,-0.19999999999999996,1,1,0.5001155717203185
1.148471615720524,1.205128205128205,0.4366812227074236,0.41025641025641024,-0.056656589407681146,0.026424812451013358,0.05180457582204312,0.2,0.2,0.0,0,0,0.4428433924022015
1.2857142857142858,1.0,0.0,0.0,0.2857142857142858,0.0,0.4285714285714286,0.0,0.0,0.0,0,1,0.5672663573547104
1.0617283950617284,1.0987654320987654,0.49382716049382713,0.5185185185185185,-0.03703703703703698,-0.024691358024691357,-0.3456790123456791,0.8,0.6,0.20000000000000007,0,0,0.41056422906187207
1.562992125984252,1.4881889763779528,0.5669291338582677,0.4094488188976378,0.0748031496062993,0.15748031496062992,0.3700787401574803,0.4,0.4,0.0,1,1,0.5338981713869798
0.8,1.6,0.0,0.0,-0.8,0.0,0.5999999999999999,0.0,0.0,0.0,1,0,0.3451010776868173
1.2372881355932204,2.126315789473684,0.3050847457627119,0.631578947368421,-0.8890276538804638,-0.32649420160570913,-0.4258697591436218,0.0,0.8,-0.8,0,0,0.18662566665205915
0.9866666666666667,1.4722222222222223,0.4066666666666667,0.4722222222222222,-0.48555555555555563,-0.06555555555555553,0.2188888888888889,0.4,0.8,-0.4,0,0,0.34035953650572554
1.7301587301587302,2.1052631578947367,0.5502645502645502,0.7421052631578947,-0.3751044277360065,-0.19184071289334448,-0.21746031746031735,0.4,0.8,-0.4,0,0,0.325806575746436
0.6,2.6,0.0,0.0,-2.0,0.0,-0.20000000000000018,0.0,0.0,0.0,0,0,0.11377080596389985
1.0,1.1851851851851851,0.37037037037037035,0.3333333333333333,-0.18518518518518512,0.037037037037037035,-0.11111111111111116,0.8,0.6,0.20000000000000007,0,0,0.4126250766495871
0.945054945054945,0.9902439024390244,0.3076923076923077,0.3951219512195122,-0.045188957384079353,-0.0874296435272045,-0.42406861431251675,0.4,0.6,-0.19999999999999996,0,0,0.3680265833219267
1.241025641025641,1.3384615384615384,0.4461538461538462,0.5692307692307692,-0.09743589743589731,-0.12307692307692303,-0.2615384615384615,0.4,0.4,0.0,0,0,0.38969259737262374
1.1956521739130435,1.3333333333333333,0.43478260869565216,0.4420289855072464,-0.1376811594202898,-0.007246376811594235,0.021739130434782483,0.8,0.4,0.4,0,0,0.44987397697894305
2.5060975609756095,1.579268292682927,0.7560975609756098,0.43902439024390244,0.9268292682926826,0.3170731707317073,0.7317073170731707,0.8,0.4,0.4,1,1,0.7884520180281767
1.25,1.608695652173913,0.46875,0.391304347826087,-0.3586956521739131,0.07744565217391303,0.638586956521739,0.2,0.8,-0.6000000000000001,0,0,0.4189137319856489
1.0859375,1.5389221556886228,0.421875,0.5389221556886228,-0.4529846556886228,-0.11704715568862278,-0.04121444610778435,0.2,0.4,-0.2,0,0,0.3269445993485202
1.027027027027027,1.572972972972973,0.34054054054054056,0.5837837837837838,-0.5459459459459459,-0.24324324324324326,-0.5027027027027027,0.6,0.4,0.19999999999999996,0,0,0.2779525698586809
1.3756613756613756,1.8042328042328042,0.4444444444444444,0.6031746031746031,-0.4285714285714286,-0.15873015873015872,-0.28042328042328024,0.4,0.4,0.0,0,0,0.3243189430808349
2.0384615384615383,1.5769230769230769,0.5384615384615384,0.5,0.46153846153846145,0.038461538461538436,-0.1923076923076923,0.6,1.0,-0.4,1,1,0.5351630661201798
1.1680672268907564,0.9808917197452229,0.3865546218487395,0.4140127388535032,0.18717550714553344,-0.027458117004763694,-0.21581116523042354,0.4,0.2,0.2,0,0,0.4738068212321759
1.0326797385620916,0.8571428571428571,0.37254901960784315,0.31746031746031744,0.17553688141923451,0.0550887021475257,0.265172735760971,0.2,0.4,-0.2,1,1,0.50469135951372
1.1916167664670658,1.1144278606965174,0.437125748502994,0.3880597014925373,0.07718890577054838,0.04906604701045669,0.11216373223701859,0.6,0.6,0.0,0,0,0.48565162976685333
2.0144927536231885,1.4444444444444444,0.7536231884057971,0.4975845410628019,0.570048309178744,0.2560386473429952,0.46376811594202905,0.8,0.4,0.4,1,1,0.6892928529940334
2.1923076923076925,0.8333333333333334,0.7644230769230769,0.16666666666666666,1.358974358974359,0.5977564102564102,0.9989316239316238,1.0,0.2,0.8,1,1,0.8783839130190372
0.8461538461538461,1.2307692307692308,0.46153846153846156,0.3076923076923077,-0.3846153846153847,0.15384615384615385,0.46153846153846145,1.0,0.4,0.6,0,0,0.4650526710910618
1.2666666666666666,1.5333333333333334,0.47333333333333333,0.58,-0.26666666666666683,-0.10666666666666663,-0.15999999999999992,0.2,0.6,-0.39999999999999997,0,0,0.34521124798133734
1.6144578313253013,1.2048192771084338,0.4819277108433735,0.5060240963855421,0.40963855421686746,-0.02409638554216864,0.04819277108433728,0.8,0.4,0.4,1,1,0.5801063793422329
2.1447368421052633,1.2894736842105263,0.7236842105263158,0.4605263157894737,0.855263157894737,0.26315789473684215,0.3552631578947367,1.0,0.6,0.4,1,1,0.7351553542208926
1.3417721518987342,1.0886075949367089,0.620253164556962,0.4050632911392405,0.25316455696202533,0.2151898734177215,0.3607594936708861,0.8,0.6,0.20000000000000007,1,1,0.5827548262874198
1.0851063829787233,1.1914893617021276,0.3404255319148936,0.2553191489361702,-0.1063829787234043,0.08510638297872342,0.0,0.4,0.2,0.2,0,0,0.44593980353945156
1.0952380952380953,1.0384615384615385,0.42857142857142855,0.43846153846153846,0.0567765567765568,-0.00989010989010991,0.00366300366300365,0.4,0.2,0.2,1,0,0.4695674656375667
0.8235294117647058,0.9803921568627451,0.3333333333333333,0.43137254901960786,-0.1568627450980392,-0.09803921568627455,-0.3137254901960784,0.2,0.8,-0.6000000000000001,0,0,0.32940674730752434
1.2178988326848248,0.935374149659864,0.45136186770428016,0.3843537414965986,0.2825246830249608,0.06700812620768154,-0.11063024431562507,0.6,0.2,0.39999999999999997,0,1,0.5298014402497117
1.0740740740740742,1.372093023255814,0.3333333333333333,0.37209302325581395,-0.29801894918173977,-0.038759689922480633,0.3172552397358599,0.4,0.4,0.0,1,0,0.4173303764576573
1.6044444444444443,1.6486486486486487,0.5911111111111111,0.43243243243243246,-0.044204204204204345,0.1586786786786787,0.627147147147147,1.0,0.6,0.4,1,1,0.5681788654417026
1.1524390243902438,1.1538461538461537,0.45121951219512196,0.4461538461538462,-0.0014071294559099279,0.005065666041275785,-0.07223264540337726,0.6,0.6,0.0,1,0,0.44199747531052996
0.6666666666666666,1.1481481481481481,0.16666666666666666,0.4506172839506173,-0.4814814814814815,-0.28395061728395066,-0.15740740740740744,0.2,0.4,-0.2,0,0,0.28810390693892657
1.0454545454545454,1.385135135135135,0.36363636363636365,0.4864864864864865,-0.3396805896805897,-0.12285012285012287,-0.16314496314496307,0.4,0.8,-0.4,1,0,0.32652528344419324
1.5841121495327102,0.98,0.5841121495327103,0.38,0.6041121495327102,0.20411214953271029,0.47392523364485983,0.8,0.4,0.4,1,1,0.68207671214565
1.391304347826087,1.125,0.4673913043478261,0.3125,0.2663043478260869,0.1548913043478261,0.02717391304347827,0.4,0.6,-0.19999999999999996,1,1,0.5194789243668002
1.4303797468354431,1.4875,0.4810126582278481,0.5,-0.05712025316455693,-0.01898734177215189,-0.3181962025316456,0.2,0.6,-0.39999999999999997,0,0,0.3831113448942821
1.0,1.0,0.35714285714285715,0.2413793103448276,0.0,0.11576354679802955,0.12315270935960587,0.6,0.8,-0.20000000000000007,1,0,0.4606350499035106
1.2489082969432315,1.7161572052401746,0.47161572052401746,0.5414847161572053,-0.4672489082969431,-0.06986899563318782,-0.03493449781659397,0.4,0.6,-0.19999999999999996,0,0,0.335030760606347
1.3663366336633664,1.2307692307692308,0.599009900990099,0.4230769230769231,0.1355674028941356,0.17593297791317591,0.5786367098248286,0.2,0.4,-0.2,0,1,0.5510527833913028
2.095890410958904,1.0769230769230769,0.6027397260273972,0.38461538461538464,1.0189673340358272,0.2181243414120126,0.21285563751317182,0.4,0.8,-0.4,1,1,0.70422159087116
1.826839826839827,1.2121212121212122,0.6017316017316018,0.45021645021645024,0.6147186147186148,0.15151515151515155,0.37662337662337664,0.8,0.4,0.4,0,1,0.6767302290799485
1.1919191919191918,1.1111111111111112,0.48484848484848486,0.42424242424242425,0.08080808080808066,0.06060606060606061,0.29292929292929304,0.0,0.8,-0.8,1,0,0.45426807286125076
1.6174863387978142,1.6284153005464481,0.5628415300546448,0.5136612021857924,-0.010928961748633892,0.0491803278688524,0.20218579234972678,0.8,0.4,0.4,1,1,0.5150112789379037
1.0653061224489795,1.2122448979591838,0.43673469387755104,0.5102040816326531,-0.1469387755102043,-0.07346938775510203,-0.14285714285714302,0.2,0.8,-0.6000000000000001,0,0,0.35679225502936646
1.9655172413793103,1.8344827586206895,0.6482758620689655,0.6413793103448275,0.13103448275862073,0.006896551724137945,-0.06206896551724128,0.8,0.6,0.20000000000000007,1,1,0.5091924408700177
1.2413793103448276,2.768965517241379,0.46206896551724136,0.7931034482758621,-1.5275862068965516,-0.33103448275862074,-0.3448275862068966,0.4,1.0,-0.6,0,0,0.1268754779784092
1.2580645161290323,1.0,0.5161290322580645,0.3225806451612903,0.25806451612903225,0.1935483870967742,0.6451612903225807,0.6,0.6,0.0,1,1,0.5990162591569117
1.1449814126394051,1.0375,0.5018587360594795,0.35,0.10748141263940503,0.15185873605947953,0.44758364312267673,0.8,0.6,0.20000000000000007,1,1,0.551484510280936
1.1016949152542372,1.9152542372881356,0.3728813559322034,0.6440677966101694,-0.8135593220338984,-0.27118644067796605,-0.423728813559322,0.4,0.4,0.0,1,0,0.2306604907810286
1.3636363636363635,1.2272727272727273,0.5454545454545454,0.36363636363636365,0.13636363636363624,0.18181818181818177,0.0,1.0,0.4,0.6,0,1,0.5419374361602936
1.0222222222222221,1.0192307692307692,0.5,0.40384615384615385,0.002991452991452981,0.09615384615384615,0.15299145299145311,0.4,0.6,-0.19999999999999996,0,0,0.45845791904490785
1.2857142857142858,0.7142857142857143,0.14285714285714285,0.14285714285714285,0.5714285714285715,0.0,-0.7142857142857143,0.0,0.0,0.0,0,0,0.4947804723116719
1.964824120603015,1.321608040201005,0.7085427135678392,0.38190954773869346,0.64321608040201,0.3266331658291457,0.8040201005025125,0.4,0.6,-0.19999999999999996,0,1,0.7074081659046864
1.25,0.8055555555555556,0.3055555555555556,0.2777777777777778,0.4444444444444444,0.02777777777777779,0.19444444444444442,0.2,0.6,-0.39999999999999997,1,1,0.547964902713751
1.1428571428571428,1.1818181818181819,0.44642857142857145,0.38181818181818183,-0.038961038961039085,0.06461038961038962,0.04415584415584406,0.4,0.4,0.0,1,0,0.45110762014653427
1.2469135802469136,1.356687898089172,0.37037037037037035,0.4713375796178344,-0.10977431784225833,-0.10096720924746405,-0.07745537469528996,0.4,0.4,0.0,1,0,0.41127906508825085
1.53125,0.9895833333333334,0.5833333333333334,0.40625,0.5416666666666666,0.17708333333333337,0.21875,0.4,0.6,-0.19999999999999996,1,1,0.6030152728072697
0.9444444444444444,1.534351145038168,0.3333333333333333,0.5801526717557252,-0.5899067005937235,-0.24681933842239184,-0.06955046649703145,0.4,0.6,-0.19999999999999996,0,0,0.2872521169738745
1.108910891089109,1.5629629629629629,0.3910891089108911,0.44074074074074077,-0.4540520718738539,-0.04965163182984966,0.21474147414741473,0.8,0.4,0.4,0,0,0.39953544279782643
1.7083333333333333,0.9565217391304348,0.75,0.4782608695652174,0.7518115942028984,0.2717391304347826,0.40942028985507245,1.0,0.4,0.6,1,1,0.720170244135455
1.1847133757961783,1.0764331210191083,0.36942675159235666,0.4012738853503185,0.10828025477707004,-0.03184713375796183,-0.10828025477707026,0.6,0.6,0.0,1,0,0.46006931352111535
1.518796992481203,1.6766917293233083,0.5150375939849624,0.518796992481203,-0.1578947368421053,-0.003759398496240629,-0.018796992481203034,0.6,0.4,0.19999999999999996,1,0,0.43729863354626775
1.4830508474576272,1.9067796610169492,0.4661016949152542,0.5677966101694916,-0.423728813559322,-0.10169491525423735,-0.11864406779661008,0.2,0.2,0.0,1,0,0.3481172308361885
1.1185567010309279,1.1158536585365855,0.4175257731958763,0.4451219512195122,0.002703042494342389,-0.027596178023635898,0.0827885340709078,0.6,0.6,0.0,0,0,0.45660546683868214
1.0909090909090908,0.7575757575757576,0.3333333333333333,0.24242424242424243,0.33333333333333326,0.09090909090909088,-0.12121212121212133,0.2,0.2,0.0,0,1,0.5123923590086763
1.3904382470119523,1.245674740484429,0.5537848605577689,0.46366782006920415,0.14476350652752323,0.09011704048856473,0.13329381436192933,0.8,0.6,0.20000000000000007,1,1,0.5248246705489351
1.0362694300518134,1.032258064516129,0.41968911917098445,0.4,0.004011365535684375,0.019689119170984426,0.13641985625940167,0.8,0.4,0.4,0,0,0.49038342853471373
2.057142857142857,1.5142857142857142,0.6285714285714286,0.7142857142857143,0.5428571428571427,-0.08571428571428574,0.08571428571428574,0.8,0.8,0.0,1,1,0.5946595104161743
2.0588235294117645,1.7647058823529411,0.6470588235294118,0.49019607843137253,0.2941176470588234,0.15686274509803927,0.17647058823529416,0.8,0.4,0.4,1,1,0.6001170432310148
1.125,2.081818181818182,0.375,0.7272727272727273,-0.956818181818182,-0.3522727272727273,-0.5477272727272727,0.4,1.0,-0.6,1,0,0.17442936276611942
1.4603174603174602,1.2222222222222223,0.5238095238095238,0.5079365079365079,0.23809523809523792,0.015873015873015928,0.11111111111111116,0.4,0.6,-0.19999999999999996,0,1,0.5100628095969926
0.725,1.2820512820512822,0.275,0.3333333333333333,-0.5570512820512822,-0.05833333333333329,-0.008333333333333304,0.2,0.6,-0.39999999999999997,0,0,0.2980724292488244
1.5714285714285714,1.9777777777777779,0.14285714285714285,0.7333333333333333,-0.40634920634920646,-0.5904761904761904,-1.5746031746031743,0.0,0.8,-0.8,0,0,0.16319508547993858
1.5333333333333334,0.9333333333333333,0.4666666666666667,0.3333333333333333,0.6000000000000001,0.13333333333333336,0.4666666666666667,0.6,0.8,-0.20000000000000007,0,1,0.6412888691849538
1.3789954337899544,1.208955223880597,0.5159817351598174,0.43283582089552236,0.17004020990935742,0.08314591426429502,0.07912492332856269,0.6,0.4,0.19999999999999996,1,1,0.5217306967572382
2.461139896373057,1.8134715025906736,0.7668393782383419,0.5233160621761658,0.6476683937823833,0.24352331606217614,0.8238341968911918,1.0,0.4,0.6,1,1,0.7573928456813973
1.0921052631578947,1.0263157894736843,0.34210526315789475,0.5131578947368421,0.0657894736842104,-0.1710526315789474,-0.5263157894736843,0.4,0.2,0.2,0,0,0.3976144393392204
1.1660777385159011,1.1762295081967213,0.508833922261484,0.5081967213114754,-0.01015176968082021,0.0006372009500086318,0.08222788623066668,0.8,0.8,0.0,1,0,0.45838232828677444
1.032258064516129,1.0592592592592593,0.3870967741935484,0.4074074074074074,-0.02700119474313034,-0.02031063321385901,-0.13046594982078852,0.6,0.2,0.39999999999999997,1,0,0.44799951388339593
1.6962025316455696,1.360759493670886,0.5632911392405063,0.4620253164556962,0.33544303797468356,0.10126582278481011,0.03797468354430378,1.0,0.8,0.19999999999999996,1,1,0.5676100366574457
0.819047619047619,1.1363636363636365,0.3142857142857143,0.42424242424242425,-0.31731601731601744,-0.10995670995670997,0.020346320346320335,0.0,0.0,0.0,0,0,0.3624622083647167
1.2432432432432432,1.1824324324324325,0.4594594594594595,0.4527027027027027,0.060810810810810745,0.006756756756756799,-0.013513513513513375,0.2,0.6,-0.39999999999999997,1,0,0.43761176932566975
2.473684210526316,1.05,0.5263157894736842,0.2,1.4236842105263159,0.32631578947368417,0.3973684210526316,0.8,0.0,0.8,1,1,0.8452571496218133
1.0952380952380953,1.4583333333333333,0.38095238095238093,0.7083333333333334,-0.3630952380952379,-0.32738095238095244,-0.4940476190476192,0.6,0.4,0.19999999999999996,1,0,0.3049550750300119
2.0042194092827006,0.9529411764705882,0.6962025316455697,0.24705882352941178,1.0512782328121124,0.4491437081161579,0.808041697691735,1.0,0.2,0.8,1,1,0.8245405794325447
1.0212765957446808,1.3306451612903225,0.3829787234042553,0.45161290322580644,-0.30936856554564174,-0.06863417982155112,0.05181880576527109,0.4,0.4,0.0,0,0,0.3802575627747057
1.1884057971014492,1.0136054421768708,0.5024154589371981,0.3741496598639456,0.17480035492457846,0.12826579907325247,0.13171645469782112,0.2,0.2,0.0,1,1,0.5112703643990787
1.056338028169014,1.0416666666666667,0.4647887323943662,0.2916666666666667,0.014671361502347269,0.1731220657276995,0.3170970266040689,0.6,0.4,0.19999999999999996,0,1,0.5149619619209951
1.347457627118644,1.2375,0.4830508474576271,0.3625,0.10995762711864399,0.12055084745762712,0.19978813559322028,0.8,0.6,0.20000000000000007,0,1,0.528137413543988
1.0568181818181819,1.3333333333333333,0.375,0.3333333333333333,-0.2765151515151514,0.041666666666666685,-0.18181818181818188,0.2,0.6,-0.39999999999999997,0,0,0.3500754370866166
1.4490740740740742,2.337962962962963,0.48148148148148145,0.7083333333333334,-0.8888888888888886,-0.22685185185185192,-0.375,0.4,1.0,-0.6,0,0,0.20910147452830752
1.0416666666666667,1.4166666666666667,0.375,0.6666666666666666,-0.375,-0.29166666666666663,-0.5416666666666667,0.6,1.0,-0.4,0,0,0.2709920817473273
1.0,1.8333333333333333,0.16666666666666666,0.16666666666666666,-0.8333333333333333,0.0,0.33333333333333337,0.0,0.0,0.0,0,0,0.3149793860624882
1.0806451612903225,1.0080645161290323,0.4032258064516129,0.4112903225806452,0.07258064516129026,-0.008064516129032306,-0.040322580645161255,0.2,0.6,-0.39999999999999997,1,0,0.4311550016903723
1.203187250996016,0.9696969696969697,0.5139442231075697,0.3838383838383838,0.23349028129904625,0.1301058392691859,0.23159885709686523,0.6,0.4,0.19999999999999996,0,1,0.5511504798782977
1.7130801687763713,1.2584745762711864,0.540084388185654,0.4661016949152542,0.45460559250518484,0.07398269327039975,0.06057355360080097,0.6,0.4,0.19999999999999996,0,1,0.5892824162955633
0.5652173913043478,1.7826086956521738,0.30434782608695654,0.6086956521739131,-1.2173913043478262,-0.30434782608695654,-0.3913043478260869,0.6,0.6,0.0,0,0,0.16693469833824054
0.9933774834437086,1.0265486725663717,0.3443708609271523,0.34513274336283184,-0.03317118912266315,-0.0007618824356795395,0.15624450565551196,0.8,0.4,0.4,1,0,0.482766945889958
1.5151515151515151,0.96875,0.5151515151515151,0.21875,0.5464015151515151,0.29640151515151514,0.3693181818181819,0.2,0.2,0.0,1,1,0.6416585680661098
1.1917808219178083,1.1456692913385826,0.5136986301369864,0.484251968503937,0.04611153057922568,0.029446661633049376,0.0904972494876497,0.8,0.2,0.6000000000000001,0,1,0.5103082850412384
0.9253731343283582,1.5483870967741935,0.2835820895522388,0.3548387096774194,-0.6230139624458353,-0.07125662012518058,-0.4761675493500239,0.4,0.6,-0.19999999999999996,1,0,0.259392470142084
1.4661654135338347,1.7593984962406015,0.42105263157894735,0.556390977443609,-0.29323308270676685,-0.13533834586466165,-0.07518796992481191,0.8,0.4,0.4,0,0,0.40347721040837653
1.4430379746835442,1.0126582278481013,0.4177215189873418,0.25316455696202533,0.4303797468354429,0.16455696202531644,0.3670886075949369,0.8,0.2,0.6000000000000001,0,1,0.6439236573354491
0.96,1.6044444444444443,0.3466666666666667,0.6355555555555555,-0.6444444444444444,-0.28888888888888886,-0.47111111111111104,0.8,0.6,0.20000000000000007,0,0,0.2602736212172379
0.5,1.3333333333333333,0.16666666666666666,0.16666666666666666,-0.8333333333333333,0.0,0.0,0.0,0.0,0.0,0,0,0.26911857089698293
1.094890510948905,1.6934306569343065,0.44525547445255476,0.6715328467153284,-0.5985401459854014,-0.22627737226277367,-0.2846715328467153,0.2,0.4,-0.2,0,0,0.26849129436634156
1.9540229885057472,1.8045977011494252,0.5862068965517241,0.6091954022988506,0.149425287356322,-0.02298850574712652,-0.3908045977011494,0.4,0.6,-0.19999999999999996,0,0,0.44609149091603656
1.9285714285714286,1.2142857142857142,0.6904761904761905,0.35714285714285715,0.7142857142857144,0.3333333333333333,0.9285714285714285,0.4,0.2,0.2,1,1,0.7490680038323126
0.875,1.125,0.125,0.125,-0.25,0.0,0.75,0.0,0.0,0.0,1,0,0.4736936352994916
1.1576086956521738,1.8153153153153154,0.3967391304347826,0.5945945945945946,-0.6577066196631416,-0.19785546415981203,-0.472972972972973,0.4,1.0,-0.6,0,0,0.2313853974272269
1.3064516129032258,1.1935483870967742,0.3870967741935484,0.45161290322580644,0.11290322580645151,-0.06451612903225806,0.048387096774193505,0.2,0.2,0.0,1,0,0.47547157373422194
1.1,1.2840909090909092,0.1,0.36363636363636365,-0.18409090909090908,-0.26363636363636367,-0.2681818181818181,0.2,0.6,-0.39999999999999997,0,0,0.33729879492548276
2.16,1.6594202898550725,0.7527272727272727,0.5181159420289855,0.5005797101449276,0.2346113306982872,0.28594202898550725,1.0,0.4,0.6,0,1,0.673337809242712
1.3414634146341464,1.6219512195121952,0.4634146341463415,0.5670731707317073,-0.2804878048780488,-0.10365853658536578,-0.25,0.6,0.8,-0.20000000000000007,1,0,0.3503442648476565
1.0263157894736843,1.6292134831460674,0.3815789473684211,0.5056179775280899,-0.6028976936723831,-0.12403903015966883,0.003696037847427558,0.4,0.4,0.0,0,0,0.3139950706410695
1.1083916083916083,0.95,0.44755244755244755,0.4,0.15839160839160837,0.04755244755244753,-0.7052447552447552,0.8,0.4,0.4,1,0,0.4322398777400379
1.1,1.4009009009009008,0.38571428571428573,0.4774774774774775,-0.3009009009009007,-0.09176319176319175,-0.05250965250965267,0.4,0.4,0.0,1,0,0.37107203671019784
1.2388059701492538,1.2350746268656716,0.43283582089552236,0.5223880597014925,0.003731343283582156,-0.08955223880597013,-0.20895522388059695,0.6,0.6,0.0,0,0,0.42158530867036903
1.3316582914572865,1.100502512562814,0.5025125628140703,0.507537688442211,0.23115577889447247,-0.005025125628140725,-0.1959798994974875,0.8,0.0,0.8,1,1,0.5302281506710023
1.1428571428571428,2.238095238095238,0.36507936507936506,0.746031746031746,-1.0952380952380953,-0.380952380952381,-0.6825396825396826,0.4,1.0,-0.6,0,0,0.14905187790297364
1.4222222222222223,1.461111111111111,0.45555555555555555,0.4777777777777778,-0.03888888888888875,-0.022222222222222254,-0.011111111111111072,0.6,0.6,0.0,0,0,0.44749641415440156
0.9583333333333334,1.2916666666666667,0.375,0.4166666666666667,-0.33333333333333337,-0.041666666666666685,-0.16666666666666652,0.6,0.6,0.0,1,0,0.3548477799554346
1.0654205607476634,1.0617760617760619,0.4205607476635514,0.4362934362934363,0.003644498971601573,-0.015732688629884917,-0.13444953631869527,0.4,0.2,0.2,0,0,0.4412833728424422
0.921875,2.0153846153846153,0.359375,0.6461538461538462,-1.0935096153846153,-0.2867788461538462,-0.5305288461538461,0.4,0.6,-0.19999999999999996,0,0,0.17241471359874797
0.8676470588235294,1.34,0.3602941176470588,0.496,-0.47235294117647064,-0.13570588235294118,-0.04994117647058838,0.4,0.2,0.2,0,0,0.3377938524363626
1.5,1.0320512820512822,0.5769230769230769,0.5,0.46794871794871784,0.07692307692307687,-0.21153846153846145,0.6,0.8,-0.20000000000000007,1,1,0.5304477271623961
0.9166666666666666,1.4803921568627452,0.375,0.6862745098039216,-0.5637254901960785,-0.3112745098039216,-0.4779411764705883,0.4,0.6,-0.19999999999999996,0,0,0.24844858970264555
0.9,1.45,0.25,0.35,-0.5499999999999999,-0.09999999999999998,0.4500000000000002,0.2,0.8,-0.6000000000000001,0,0,0.3365234593707455
1.4961832061068703,1.5267175572519085,0.6335877862595419,0.6259541984732825,-0.03053435114503822,0.007633587786259444,0.08396946564885499,0.8,0.8,0.0,0,0,0.46382696167437126
1.0740740740740742,2.1311475409836067,0.4074074074074074,0.6065573770491803,-1.0570734669095325,-0.19914996964177295,0.285974499089253,0.4,0.8,-0.4,0,0,0.23888125571213095
1.1,1.0769230769230769,0.5230769230769231,0.4725274725274725,0.023076923076923217,0.05054945054945059,0.20549450549450543,0.4,0.8,-0.4,0,0,0.45450715888447396
1.2083333333333333,1.0738636363636365,0.375,0.4375,0.1344696969696968,-0.0625,-0.8333333333333335,0.2,0.6,-0.39999999999999997,0,0,0.35689496024982936
1.05,0.85,0.2,0.2,0.20000000000000007,0.0,0.09999999999999987,0.4,0.2,0.2,0,1,0.5152095013074803
2.0120481927710845,1.5622489959839359,0.6666666666666666,0.570281124497992,0.44979919678714864,0.09638554216867468,0.15662650602409656,0.6,0.4,0.19999999999999996,1,1,0.6085009606119055
1.1363636363636365,0.8333333333333334,0.36363636363636365,0.3333333333333333,0.3030303030303031,0.03030303030303033,0.12424242424242427,0.4,0.6,-0.19999999999999996,0,1,0.5188930090779611
1.5714285714285714,1.8571428571428572,0.14285714285714285,0.0,-0.2857142857142858,0.14285714285714285,-0.4285714285714286,0.0,0.0,0.0,0,0,0.3729440061342933
1.7142857142857142,1.0,0.5714285714285714,0.125,0.7142857142857142,0.4464285714285714,-0.0803571428571428,0.6,0.2,0.39999999999999997,1,1,0.6713617369261727
2.488,1.584,0.728,0.44,0.9039999999999999,0.288,0.752,0.6,0.4,0.19999999999999996,1,1,0.7752834376128424
1.5439330543933054,1.5219512195121951,0.47280334728033474,0.3951219512195122,0.021981834881110274,0.07768139606082253,0.37877334421879794,0.6,0.4,0.19999999999999996,1,1,0.5306206922372755
1.52,1.78,0.46,0.5,-0.26,-0.03999999999999998,-0.040000000000000036,0.4,0.4,0.0,1,0,0.39805631026025456
1.912280701754386,0.9824561403508771,0.5614035087719298,0.3684210526315789,0.9298245614035088,0.19298245614035087,0.26315789473684204,1.0,0.4,0.6,0,1,0.7392161611764556
2.2545454545454544,0.9090909090909091,0.8181818181818182,0.3515151515151515,1.3454545454545452,0.46666666666666673,1.0303030303030303,0.6,0.4,0.19999999999999996,1,1,0.8548528929330915
1.0932203389830508,1.0254237288135593,0.3898305084745763,0.4152542372881356,0.06779661016949157,-0.02542372881355931,-0.15254237288135597,0.4,0.4,0.0,1,0,0.4416621588535318
1.4482758620689655,1.6927083333333333,0.4482758620689655,0.5885416666666666,-0.24443247126436773,-0.1402658045977011,-0.15140086206896552,0.6,0.6,0.0,0,0,0.3790774642683936
0.9385665529010239,1.658703071672355,0.3856655290102389,0.6518771331058021,-0.7201365187713311,-0.26621160409556316,-0.21160409556313975,0.4,0.6,-0.19999999999999996,0,0,0.25022268055462304
1.8426966292134832,1.3146067415730338,0.5786516853932584,0.4887640449438202,0.5280898876404494,0.0898876404494382,0.061797752808988804,0.4,0.2,0.2,1,1,0.6076466051841403
1.380952380952381,1.5555555555555556,0.5608465608465608,0.1111111111111111,-0.17460317460317465,0.4497354497354497,0.5820105820105819,0.6,0.0,0.6,1,1,0.5658875321079647
1.7894736842105263,1.2972027972027973,0.7157894736842105,0.479020979020979,0.49227088700772903,0.23676849466323152,0.503987240829346,1.0,0.6,0.4,1,1,0.6728032181585226
1.2994350282485876,1.7627118644067796,0.4858757062146893,0.559322033898305,-0.46327683615819204,-0.07344632768361575,-0.07909604519774005,0.0,1.0,-1.0,1,0,0.2885489012634748
1.7941176470588236,1.5168067226890756,0.5966386554621849,0.42016806722689076,0.277310924369748,0.1764705882352941,0.3823529411764708,0.6,0.4,0.19999999999999996,1,1,0.600120120910754
1.2025316455696202,1.609375,0.4050632911392405,0.4947916666666667,-0.4068433544303798,-0.08972837552742619,-0.04766613924050622,0.4,0.0,0.4,1,0,0.3757924789892176
2.4311926605504586,1.0933333333333333,0.7706422018348624,0.2733333333333333,1.3378593272171253,0.4973088685015291,1.2200611620795105,1.0,0.4,0.6,1,1,0.8813027742706669
1.5675675675675675,1.4594594594594594,0.527027027027027,0.36486486486486486,0.10810810810810811,0.16216216216216212,0.0,1.0,0.4,0.6,1,1,0.5414498118366858
0.4,1.49645390070922,0.0,0.48226950354609927,-1.09645390070922,-0.48226950354609927,-0.3319148936170213,0.0,0.2,-0.2,0,0,0.1653904758016119
1.5833333333333333,2.3958333333333335,0.4375,0.7083333333333334,-0.8125000000000002,-0.27083333333333337,-0.16666666666666652,0.4,0.8,-0.4,1,0,0.2462602667794936
0.7833333333333333,1.0222222222222221,0.3,0.4666666666666667,-0.23888888888888882,-0.16666666666666669,-0.12222222222222223,0.2,0.6,-0.39999999999999997,0,0,0.336988030810269
1.1938775510204083,0.9078014184397163,0.48299319727891155,0.41843971631205673,0.286076132580692,0.06455348096685481,0.009190910406715824,0.6,0.8,-0.20000000000000007,1,1,0.5071172788487116
1.0857142857142856,1.2834224598930482,0.2,0.48663101604278075,-0.19770817417876252,-0.28663101604278074,-0.5414820473644002,0.2,0.2,0.0,0,0,0.3235994107215277
1.1538461538461537,1.1538461538461537,0.38461538461538464,0.34615384615384615,0.0,0.03846153846153849,0.23076923076923062,0.4,0.4,0.0,0,0,0.4795599577181897
1.0,1.1041666666666667,0.375,0.4166666666666667,-0.10416666666666674,-0.041666666666666685,-0.16666666666666674,0.8,0.4,0.4,0,0,0.4267413621135774
1.1893939393939394,1.0425531914893618,0.3484848484848485,0.35106382978723405,0.14684074790457768,-0.0025789813023855412,0.004996776273372028,0.2,0.4,-0.2,0,0,0.4690136554606045
1.564516129032258,0.6,0.5725806451612904,0.2,0.964516129032258,0.37258064516129036,-0.40564516129032246,0.6,0.4,0.19999999999999996,0,1,0.6636792517379144
1.3229571984435797,0.9305555555555556,0.48638132295719844,0.3472222222222222,0.39240164288802415,0.13915910073497623,-0.06636402939904884,0.2,0.0,0.2,1,1,0.5525989031027678
1.08,1.0975609756097562,0.38,0.43902439024390244,-0.017560975609756113,-0.059024390243902436,-0.2063414634146341,0.4,0.4,0.0,0,0,0.41429542319648005
1.6666666666666667,1.3333333333333333,0.4,0.26666666666666666,0.3333333333333335,0.13333333333333336,0.3333333333333335,0.4,0.2,0.2,1,1,0.5997623504725458
1.4578313253012047,1.3512396694214877,0.4759036144578313,0.5041322314049587,0.10659165587971708,-0.02822861694712736,-0.04874041621029557,0.6,0.8,-0.20000000000000007,0,0,0.4623538742086536
1.0,1.1166666666666667,0.2727272727272727,0.36666666666666664,-0.1166666666666667,-0.09393939393939393,-0.003030303030303161,0.2,0.6,-0.39999999999999997,1,0,0.3879018104713407
1.372822299651568,1.3,0.5296167247386759,0.42,0.07282229965156795,0.10961672473867595,0.5013937282229965,0.8,0.6,0.20000000000000007,1,1,0.5533008306817149
1.1833333333333333,1.0655737704918034,0.4166666666666667,0.32786885245901637,0.11775956284153,0.08879781420765032,0.2560109289617487,0.6,0.6,0.0,0,1,0.5148939650134535
1.2818181818181817,1.2142857142857142,0.41818181818181815,0.21428571428571427,0.06753246753246755,0.20389610389610388,0.4294372294372293,0.4,0.2,0.2,1,1,0.5489103754091398
1.5961538461538463,1.1730769230769231,0.5,0.4807692307692308,0.42307692307692313,0.019230769230769218,0.09615384615384626,0.8,0.8,0.0,1,1,0.5685160547639652
1.1789473684210525,1.4857142857142858,0.4421052631578947,0.5285714285714286,-0.30676691729323324,-0.08646616541353386,-0.24586466165413534,1.0,0.4,0.6,0,0,0.39000190499403536
1.0671641791044777,1.1578947368421053,0.41044776119402987,0.45614035087719296,-0.09073055773762762,-0.04569258968316309,0.023129964214017695,0.2,0.6,-0.39999999999999997,0,0,0.4001796566016681
0.9523809523809523,1.05,0.2857142857142857,0.35,-0.09761904761904772,-0.06428571428571428,0.4119047619047618,0.0,0.2,-0.2,0,0,0.4484982411793767
1.1063829787234043,1.0,0.3829787234042553,0.40860215053763443,0.1063829787234043,-0.025623427133379117,-0.1771905742393045,0.4,0.6,-0.19999999999999996,0,0,0.4359123670540845
1.02,1.9795918367346939,0.5,0.7346938775510204,-0.9595918367346938,-0.23469387755102045,-0.3057142857142857,0.4,0.8,-0.4,1,0,0.20160234745472988
1.9809160305343512,1.0416666666666667,0.7061068702290076,0.4444444444444444,0.9392493638676844,0.2616624257845632,0.4492154368108566,1.0,0.6,0.4,1,1,0.7527126115332864
0.9642857142857143,1.5,0.39285714285714285,0.5357142857142857,-0.5357142857142857,-0.14285714285714285,-0.5,0.4,1.0,-0.6,0,0,0.24722821781338383
1.4,1.4,0.0,0.0,0.0,0.0,0.6,0.0,0.0,0.0,0,1,0.5305672650507822
0.9818181818181818,1.0178571428571428,0.36363636363636365,0.30357142857142855,-0.03603896103896098,0.0600649350649351,0.13376623376623376,0.4,0.2,0.2,0,0,0.4693040365708456
2.7151898734177213,2.6582278481012658,0.8670886075949367,0.7658227848101266,0.056962025316455556,0.10126582278481011,0.2721518987341772,1.0,0.6,0.4,0,1,0.576029008182843
1.9545454545454546,0.9242424242424242,0.5757575757575758,0.2727272727272727,1.0303030303030303,0.3030303030303031,0.7121212121212122,0.4,0.2,0.2,0,1,0.7797198953468394
1.1904761904761905,1.6428571428571428,0.4857142857142857,0.6714285714285714,-0.45238095238095233,-0.18571428571428567,-0.19523809523809532,0.8,0.6,0.20000000000000007,1,0,0.3334092455776146
1.4023668639053255,1.1185185185185185,0.4437869822485207,0.2740740740740741,0.28384834538680703,0.16971290817444662,0.5133464825772518,0.6,0.2,0.39999999999999997,0,1,0.6163265294203998
1.4432432432432432,1.308108108108108,0.4972972972972973,0.4,0.1351351351351351,0.0972972972972973,0.27567567567567575,0.6,0.6,0.0,1,1,0.5290415283101705
1.0526315789473684,0.9473684210526315,0.4105263157894737,0.34210526315789475,0.10526315789473684,0.06842105263157894,0.13157894736842102,0.4,0.8,-0.4,0,0,0.46600109692813524
1.6845637583892616,0.9574468085106383,0.5369127516778524,0.3617021276595745,0.7271169498786233,0.17521062401827786,0.1090961016707126,0.6,0.0,0.6,1,1,0.6784478957114878
1.1666666666666667,1.5,0.5666666666666667,0.55,-0.33333333333333326,0.016666666666666607,0.19999999999999996,0.6,0.8,-0.20000000000000007,0,0,0.3915585080298167
0.9326923076923077,1.242603550295858,0.3894230769230769,0.46745562130177515,-0.3099112426035502,-0.07803254437869822,0.09504437869822491,0.4,0.8,-0.4,0,0,0.3588556785718263
1.2615384615384615,1.1935483870967742,0.35384615384615387,0.25806451612903225,0.06799007444168725,0.09578163771712161,-0.04565756823821343,0.6,0.2,0.39999999999999997,1,0,0.498264849998377
1.6051502145922747,1.3025641025641026,0.6738197424892703,0.5384615384615384,0.3025861120281721,0.1353582040277319,0.19509188951249035,1.0,0.4,0.6,0,1,0.5992175230011378
1.3918918918918919,0.9915254237288136,0.6216216216216216,0.3813559322033898,0.4003664681630783,0.2402656894182318,0.4150251946862116,0.6,0.4,0.19999999999999996,1,1,0.6208452864558988
2.020408163265306,1.3673469387755102,0.6530612244897959,0.7346938775510204,0.6530612244897958,-0.08163265306122458,-0.061224489795918324,0.8,1.0,-0.19999999999999996,1,1,0.5883071959265742
1.4480874316939891,1.0285714285714285,0.5846994535519126,0.2571428571428571,0.41951600312256065,0.32755659640905543,0.5491022638563623,0.8,0.4,0.4,1,1,0.662051865635928
1.6602564102564104,1.1666666666666667,0.5897435897435898,0.40476190476190477,0.4935897435897436,0.184981684981685,0.2942612942612941,0.6,0.6,0.0,0,1,0.6195200570678621
1.7246376811594204,1.0555555555555556,0.6340579710144928,0.4012345679012346,0.6690821256038648,0.23282340311325822,0.45450885668276975,0.6,0.4,0.19999999999999996,1,1,0.6860508341199909
1.2422360248447204,1.2098765432098766,0.4906832298136646,0.37037037037037035,0.03235948163484381,0.12031285944329423,0.1397132121769804,0.6,0.4,0.19999999999999996,0,0,0.4990044877814664
2.134831460674157,1.6067415730337078,0.7528089887640449,0.5056179775280899,0.5280898876404494,0.247191011235955,0.449438202247191,0.8,0.8,0.0,0,1,0.6622945905837728
1.5714285714285714,2.0655737704918034,0.2857142857142857,0.6229508196721312,-0.49414519906323195,-0.3372365339578455,-0.43559718969555017,0.6,0.8,-0.20000000000000007,1,0,0.28249336382789436
1.8982456140350876,1.2105263157894737,0.656140350877193,0.4048582995951417,0.687719298245614,0.25128205128205133,0.5233468286099865,0.8,0.4,0.4,1,1,0.7138196958654671
1.064516129032258,0.9354838709677419,0.3709677419354839,0.3548387096774194,0.12903225806451613,0.016129032258064502,-0.12903225806451601,0.6,0.4,0.19999999999999996,0,0,0.47451787953881996
1.0224215246636772,1.6278026905829597,0.3991031390134529,0.5695067264573991,-0.6053811659192825,-0.17040358744394618,-0.09417040358744377,0.2,0.8,-0.6000000000000001,0,0,0.26917956670778875
1.5245901639344261,1.9661835748792271,0.5081967213114754,0.6521739130434783,-0.441593410944801,-0.14397719173200285,-0.1789815474776273,0.2,1.0,-0.8,0,0,0.29444317561042127
1.4545454545454546,1.826086956521739,0.4901185770750988,0.6442687747035574,-0.37154150197628444,-0.15415019762845855,-0.2964426877470354,1.0,0.6,0.4,0,0,0.36219215422881695
1.325,1.575,0.425,0.55,-0.25,-0.12500000000000006,-0.02499999999999991,0.4,0.8,-0.4,0,0,0.36546608273518794
0.9508196721311475,1.3333333333333333,0.2786885245901639,0.37209302325581395,-0.3825136612021858,-0.09340449866565004,-0.22213750158851187,0.6,0.2,0.39999999999999997,1,0,0.3578816733624182
1.2666666666666666,1.0444444444444445,0.5777777777777777,0.35555555555555557,0.2222222222222221,0.22222222222222215,0.4444444444444444,0.8,0.0,0.8,0,1,0.6185991748252259
1.0333333333333334,1.0,0.3,0.23333333333333334,0.03333333333333344,0.06666666666666665,0.7666666666666664,0.2,0.2,0.0,0,1,0.5461902772251558
1.0,1.829268292682927,0.3118279569892473,0.6260162601626016,-0.8292682926829269,-0.3141883031733543,-0.3960136375557304,0.2,0.8,-0.6000000000000001,0,0,0.20079139678549232
1.3059360730593608,1.1050228310502284,0.4657534246575342,0.4383561643835616,0.2009132420091324,0.0273972602739726,-0.10045662100456632,0.6,0.4,0.19999999999999996,0,1,0.5005944000525958
1.2083333333333333,2.7708333333333335,0.4166666666666667,0.7708333333333334,-1.5625000000000002,-0.3541666666666667,-0.6875,0.6,1.0,-0.4,0,0,0.11202640302747607
1.3387096774193548,0.9906542056074766,0.45161290322580644,0.3925233644859813,0.3480554718118781,0.05908953873982514,-0.06210431112451009,0.6,0.2,0.39999999999999997,0,1,0.5524986228503341
1.2040816326530612,0.9795918367346939,0.5510204081632653,0.40816326530612246,0.22448979591836737,0.1428571428571428,0.2857142857142857,0.6,0.4,0.19999999999999996,1,1,0.5559142033870926
1.0509554140127388,1.779874213836478,0.4267515923566879,0.6666666666666666,-0.7289187998237392,-0.23991507430997872,-0.3573288466931057,0.4,0.8,-0.4,0,0,0.23225199257957452
1.1097560975609757,1.1201923076923077,0.4796747967479675,0.5,-0.010436210131332002,-0.02032520325203252,0.04932770481550963,1.0,1.0,0.0,1,0,0.4530797768578275
0.7916666666666666,1.0465116279069768,0.20833333333333334,0.3953488372093023,-0.2548449612403102,-0.18701550387596896,-0.8062015503875968,0.4,0.2,0.2,0,0,0.29887768651130453
1.027027027027027,1.0136986301369864,0.46846846846846846,0.3972602739726027,0.013328396890040617,0.07120819449586574,0.17092434900654063,0.4,0.6,-0.19999999999999996,0,0,0.46096613667792835
1.7586206896551724,0.9597701149425287,0.6494252873563219,0.39655172413793105,0.7988505747126436,0.25287356321839083,0.12643678160919536,0.4,0.4,0.0,1,1,0.6678845521393143
1.608695652173913,1.9130434782608696,0.5652173913043478,0.5652173913043478,-0.30434782608695654,0.0,-0.08695652173913049,0.8,0.8,0.0,1,0,0.3924393786952452
0.8627450980392157,1.2240663900414939,0.37254901960784315,0.47717842323651455,-0.36132129200227814,-0.1046294036286714,-0.16548694166463274,0.4,1.0,-0.6,0,0,0.3080156767547738
1.256281407035176,1.8101265822784811,0.4271356783919598,0.5949367088607594,-0.5538451752433051,-0.16780103046879963,-0.4936920891376715,0.6,0.4,0.19999999999999996,1,0,0.28871525853264035
2.5047619047619047,1.2095238095238094,0.7523809523809524,0.38095238095238093,1.2952380952380953,0.37142857142857144,0.7333333333333333,1.0,0.6,0.4,1,1,0.8401578397291627
1.1194029850746268,2.0,0.3283582089552239,0.6730769230769231,-0.8805970149253732,-0.34471871412169924,-0.7963547646383469,0.4,0.8,-0.4,0,0,0.17509414981149793
1.271186440677966,0.8983050847457628,0.4915254237288136,0.2542372881355932,0.3728813559322033,0.23728813559322037,0.30508474576271194,0.4,0.4,0.0,1,1,0.5884292553047578
1.7209302325581395,1.4930232558139536,0.6232558139534884,0.5348837209302325,0.22790697674418592,0.08837209302325588,-0.018604651162790642,0.6,0.6,0.0,1,1,0.5212644181482947
1.2470588235294118,1.4951923076923077,0.47058823529411764,0.5336538461538461,-0.24813348416289593,-0.0630656108597285,-0.04038461538461546,0.8,0.2,0.6000000000000001,1,0,0.4268153589265882
1.3333333333333333,1.5833333333333333,0.2916666666666667,0.4583333333333333,-0.25,-0.16666666666666663,-0.25,0.2,0.6,-0.39999999999999997,0,0,0.3391818065263047
0.9863013698630136,1.6027397260273972,0.3561643835616438,0.4520547945205479,-0.6164383561643836,-0.0958904109589041,-0.06849315068493156,0.2,0.6,-0.39999999999999997,0,0,0.28492981782559273
1.2450980392156863,0.8910891089108911,0.47058823529411764,0.26732673267326734,0.3540089303047952,0.2032615026208503,0.05309648611920004,0.4,0.2,0.2,0,1,0.5640799921963232
1.130952380952381,1.2261904761904763,0.3333333333333333,0.36904761904761907,-0.09523809523809534,-0.035714285714285754,0.011904761904761862,0.2,0.4,-0.2,0,0,0.41412823434287477
0.75,1.3157894736842106,0.3,0.3157894736842105,-0.5657894736842106,-0.01578947368421052,0.023684210526315752,0.6,0.2,0.39999999999999997,0,0,0.3484232607097957
1.1549295774647887,1.819047619047619,0.39436619718309857,0.5428571428571428,-0.6641180415828303,-0.14849094567404425,-0.21435278336686792,0.2,0.4,-0.2,1,0,0.2726406124750353
1.2363636363636363,2.408888888888889,0.32727272727272727,0.7644444444444445,-1.1725252525252525,-0.4371717171717172,-1.0525252525252524,0.2,0.4,-0.2,0,0,0.13045883883322587
1.1361256544502618,1.1045751633986929,0.41361256544502617,0.49019607843137253,0.03155049105156893,-0.07658351298634636,-0.11949491838620263,0.2,0.8,-0.6000000000000001,0,0,0.39734968770416795
1.043956043956044,1.0,0.3516483516483517,0.4149377593360996,0.04395604395604402,-0.06328940768774793,-0.27167023847521765,0.4,0.6,-0.19999999999999996,0,0,0.40723250758396073
0.9038461538461539,1.2794117647058822,0.3076923076923077,0.45098039215686275,-0.3755656108597284,-0.14328808446455504,-0.23340874811463053,0.6,0.8,-0.20000000000000007,0,0,0.31976435969073724
1.625,1.2083333333333333,0.4166666666666667,0.5833333333333334,0.41666666666666674,-0.16666666666666669,-0.3750000000000001,0.6,0.6,0.0,0,0,0.4955595521342046
2.74468085106383,1.4680851063829787,0.7659574468085106,0.40425531914893614,1.2765957446808511,0.3617021276595745,0.6170212765957447,1.0,0.8,0.19999999999999996,1,1,0.8280205538248937
1.1111111111111112,1.4722222222222223,0.4166666666666667,0.5,-0.36111111111111116,-0.08333333333333331,0.11111111111111094,0.4,0.6,-0.19999999999999996,0,0,0.3661395534005163
1.6875,1.1875,0.375,0.3125,0.5,0.0625,0.40625,0.2,0.4,-0.2,1,1,0.6113622464375402
1.2564102564102564,1.1565217391304348,0.41025641025641024,0.391304347826087,0.09988851727982162,0.01895206243032327,0.2662207357859532,0.6,0.2,0.39999999999999997,1,1,0.5313627195669243
0.5714285714285714,1.0192307692307692,0.14285714285714285,0.46153846153846156,-0.44780219780219777,-0.3186813186813187,-0.820054945054945,0.2,0.4,-0.2,0,0,0.2307269716374785
1.1,1.0727272727272728,0.39090909090909093,0.509090909090909,0.027272727272727337,-0.11818181818181811,-0.3909090909090911,0.2,0.6,-0.39999999999999997,0,0,0.37353149239195155
0.9932885906040269,1.7659574468085106,0.348993288590604,0.6968085106382979,-0.7726688562044838,-0.34781522204769383,-0.5171712123375697,0.0,0.6,-0.6,0,0,0.195542718502299
0.9696969696969697,1.3434343434343434,0.40404040404040403,0.5050505050505051,-0.3737373737373737,-0.10101010101010105,-0.14141414141414144,0.4,0.4,0.0,0,0,0.34217270227695196
1.2148148148148148,1.650887573964497,0.42962962962962964,0.5088757396449705,-0.43607275914968224,-0.07924611001534082,-0.012623274161735809,0.8,0.6,0.20000000000000007,0,0,0.3673110554092014
0.9,0.9402985074626866,0.1,0.3880597014925373,-0.040298507462686595,-0.28805970149253735,-0.835820895522388,0.0,0.6,-0.6,0,0,0.28790371782615565
0.7692307692307693,1.2134831460674158,0.15384615384615385,0.4044943820224719,-0.44425237683664653,-0.25064822817631804,-0.6629213483146068,0.2,0.4,-0.2,0,0,0.25448458524179507
1.2471264367816093,1.0632183908045978,0.4482758620689655,0.40804597701149425,0.1839080459770115,0.04022988505747127,-0.12643678160919536,0.0,0.4,-0.4,0,0,0.452492784129358
1.3146067415730338,1.456,0.4550561797752809,0.508,-0.14139325842696615,-0.05294382022471911,0.0871011235955057,0.2,0.6,-0.39999999999999997,0,0,0.40355511532919813
1.2777777777777777,1.6,0.42777777777777776,0.1,-0.3222222222222224,0.3277777777777777,0.7055555555555553,0.8,0.2,0.6000000000000001,1,1,0.5376768466017207
1.5449438202247192,1.0769230769230769,0.6123595505617978,0.2692307692307692,0.46802074330164234,0.3431287813310286,0.7467588591184096,0.6,0.6,0.0,1,1,0.6724369998501981
1.786008230452675,1.4821428571428572,0.7037037037037037,0.44642857142857145,0.3038653733098178,0.25727513227513227,0.8295120517342739,0.6,0.6,0.0,1,1,0.6475844500367165
1.1928571428571428,1.2519685039370079,0.39285714285714285,0.4330708661417323,-0.05911136107986503,-0.04021372328458944,-0.1254218222722161,0.6,0.4,0.19999999999999996,1,0,0.43362078708767154
0.8245614035087719,2.087719298245614,0.3157894736842105,0.6666666666666666,-1.263157894736842,-0.3508771929824561,-0.9473684210526316,0.6,1.0,-0.4,0,0,0.12147786491063456
2.2613636363636362,1.0909090909090908,0.7727272727272727,0.42045454545454547,1.1704545454545454,0.35227272727272724,0.6818181818181819,1.0,0.4,0.6,0,1,0.8225209383931875
1.9515418502202644,1.5154185022026432,0.6916299559471366,0.4581497797356828,0.4361233480176212,0.23348017621145378,0.4361233480176212,0.4,0.8,-0.4,0,1,0.6114000818177256
1.0606060606060606,1.3777777777777778,0.3939393939393939,0.4740740740740741,-0.3171717171717172,-0.08013468013468017,-0.03299663299663291,0.4,0.4,0.0,1,0,0.36959283448764946
1.6666666666666667,1.3255813953488371,0.5736434108527132,0.4418604651162791,0.3410852713178296,0.13178294573643412,0.3178294573643412,0.6,0.6,0.0,1,1,0.5864419701804754
1.208955223880597,1.0597014925373134,0.43283582089552236,0.44776119402985076,0.14925373134328357,-0.014925373134328401,-0.4776119402985073,0.2,0.4,-0.2,1,0,0.4129019818574272
1.1354166666666667,2.2708333333333335,0.3958333333333333,0.75,-1.1354166666666667,-0.3541666666666667,-0.6666666666666666,0.8,0.8,0.0,0,0,0.167384838441907
1.0289855072463767,1.8840579710144927,0.3333333333333333,0.6086956521739131,-0.855072463768116,-0.27536231884057977,-0.24637681159420288,0.6,0.8,-0.20000000000000007,1,0,0.23029384335140074
1.09375,1.1551724137931034,0.4166666666666667,0.5517241379310345,-0.061422413793103425,-0.1350574712643678,-0.319683908045977,0.6,0.6,0.0,0,0,0.38705549412272044
1.4317343173431734,1.4833948339483394,0.4870848708487085,0.42066420664206644,-0.05166051660516602,0.06642066420664205,0.21771217712177138,1.0,0.4,0.6,1,1,0.5187831477196586
1.0806451612903225,1.58,0.5,0.585,-0.49935483870967756,-0.08499999999999996,-0.05983870967741933,1.0,0.2,0.8,1,0,0.3783149394751146
0.8055555555555556,2.769911504424779,0.3611111111111111,0.8672566371681416,-1.9643559488692233,-0.5061455260570304,-0.5046705998033432,0.4,0.6,-0.19999999999999996,0,0,0.0829902173838694
1.8829787234042554,1.6808510638297873,0.6276595744680851,0.5851063829787234,0.2021276595744681,0.04255319148936165,-0.18085106382978733,0.6,0.8,-0.20000000000000007,1,0,0.48636256794634314
2.1470588235294117,1.303030303030303,0.8,0.42424242424242425,0.8440285204991087,0.3757575757575758,0.5974153297682709,1.0,0.4,0.6,1,1,0.7701509585344747
1.0093457943925233,1.1401869158878504,0.4392523364485981,0.3925233644859813,-0.13084112149532712,0.04672897196261683,0.14953271028037385,0.6,0.4,0.19999999999999996,1,0,0.4510613469633105
0.8194444444444444,1.3113207547169812,0.3194444444444444,0.41509433962264153,-0.49187631027253675,-0.09564989517819711,-0.19392033542976939,0.6,0.8,-0.20000000000000007,1,0,0.3038888536274704
1.4507042253521127,1.3380281690140845,0.704225352112676,0.4507042253521127,0.11267605633802824,0.2535211267605633,0.46478873239436624,0.2,0.6,-0.39999999999999997,1,1,0.5301980919110156
0.972972972972973,1.2035398230088497,0.3918918918918919,0.49557522123893805,-0.23056685003587662,-0.10368332934704616,-0.13310212867734972,0.6,0.6,0.0,0,0,0.3728495399296475
1.1844660194174756,0.9375,0.41262135922330095,0.0,0.24696601941747565,0.41262135922330095,0.21177184466019416,0.8,0.0,0.8,1,1,0.617479864473559
1.018181818181818,0.5882352941176471,0.34545454545454546,0.35294117647058826,0.429946524064171,-0.0074866310160428,-0.17326203208556157,0.4,0.6,-0.19999999999999996,1,1,0.5042523450146918
1.3356164383561644,1.106164383561644,0.5856164383561644,0.4486301369863014,0.22945205479452047,0.136986301369863,0.1643835616438356,0.6,0.4,0.19999999999999996,0,1,0.5464743098499812
1.4609053497942386,1.757201646090535,0.4773662551440329,0.588477366255144,-0.2962962962962965,-0.1111111111111111,-0.24279835390946514,0.4,0.4,0.0,1,0,0.3598806857258254
2.0510204081632653,1.1443298969072164,0.7040816326530612,0.5154639175257731,0.9066905112560488,0.1886177151272881,0.14306753629286761,1.0,0.8,0.19999999999999996,1,1,0.706514325129934
1.5333333333333334,1.0666666666666667,0.4,0.13333333333333333,0.4666666666666668,0.2666666666666667,-0.7333333333333334,0.4,0.2,0.2,1,1,0.5166020314820662
2.6758620689655173,1.3103448275862069,0.8620689655172413,0.45517241379310347,1.3655172413793104,0.40689655172413786,0.689655172413793,1.0,0.8,0.19999999999999996,1,1,0.843044874226636
1.1304347826086956,0.9565217391304348,0.4057971014492754,0.5217391304347826,0.17391304347826075,-0.1159420289855072,-0.4492753623188407,0.8,0.8,0.0,0,0,0.42620612212227155
1.9285714285714286,0.8837209302325582,0.5952380952380952,0.37209302325581395,1.0448504983388704,0.22314507198228128,0.1611295681063123,0.6,0.6,0.0,1,1,0.7205895256796545
1.295774647887324,2.676056338028169,0.4647887323943662,0.8591549295774648,-1.380281690140845,-0.39436619718309857,-0.6549295774647886,0.6,1.0,-0.4,0,0,0.12909768415646408
2.178861788617886,1.2195121951219512,0.7886178861788617,0.3902439024390244,0.9593495934959348,0.39837398373983735,0.7398373983739838,1.0,0.4,0.6,1,1,0.8000808002097525
1.0272108843537415,1.4848484848484849,0.3945578231292517,0.3939393939393939,-0.45763760049474334,0.0006184291898577721,0.15893630179344465,0.4,0.2,0.2,1,0,0.3798934233410353
0.8636363636363636,0.8181818181818182,0.2727272727272727,0.4090909090909091,0.045454545454545414,-0.1363636363636364,-0.4545454545454546,0.6,0.4,0.19999999999999996,1,0,0.4003852201185291
1.094890510948905,1.0145985401459854,0.39416058394160586,0.39416058394160586,0.08029197080291972,0.0,0.16788321167883224,0.2,0.0,0.2,0,0,0.4930362932943906
1.7794117647058822,1.0289855072463767,0.6617647058823529,0.37681159420289856,0.7504262574595055,0.28495311167945436,0.29049445865302637,0.8,0.6,0.20000000000000007,1,1,0.6921941792242536
1.7142857142857142,1.380952380952381,0.5,0.4523809523809524,0.33333333333333326,0.047619047619047616,-0.3571428571428572,0.4,0.8,-0.4,0,0,0.4776578566364585
1.248868778280543,1.3232323232323233,0.5565610859728507,0.5757575757575758,-0.07436354495178032,-0.0191964897847251,0.101010101010101,0.8,0.0,0.8,0,0,0.4938417184303573
1.6607773851590106,1.2258064516129032,0.6042402826855123,0.43010752688172044,0.4349709335461074,0.1741327558037919,0.45328469926668946,0.6,0.4,0.19999999999999996,0,1,0.634592447294287
1.2380952380952381,0.9215686274509803,0.3333333333333333,0.3137254901960784,0.3165266106442578,0.019607843137254888,0.19047619047619047,0.2,0.0,0.2,1,1,0.5538503474387417
1.4444444444444444,0.9259259259259259,0.48148148148148145,0.2962962962962963,0.5185185185185185,0.18518518518518517,0.0185185185185186,0.4,0.4,0.0,1,1,0.587577022219877
1.3175182481751824,1.1428571428571428,0.4781021897810219,0.38095238095238093,0.17466110531803958,0.097149808828641,-0.0057351407716370595,0.2,0.0,0.2,1,1,0.5091859351405243
1.112781954887218,1.2272727272727273,0.518796992481203,0.4772727272727273,-0.11449077238550931,0.04152426520847574,0.32627022100706315,0.4,0.4,0.0,1,0,0.46225502456952355
1.1875,1.0625,0.3125,0.25,0.125,0.0625,0.40625,0.4,0.4,0.0,1,1,0.531245942681309
1.087378640776699,1.6573426573426573,0.3106796116504854,0.6293706293706294,-0.5699640165659583,-0.31869101772014397,-0.3676420666711928,0.8,0.6,0.20000000000000007,1,0,0.2838595748063303
1.5314009661835748,1.2307692307692308,0.5845410628019324,0.40236686390532544,0.30063173541434396,0.18217419889660696,0.4285510104908097,0.6,0.0,0.6,0,1,0.6243097160374075
1.4545454545454546,1.3409090909090908,0.36363636363636365,0.4090909090909091,0.11363636363636376,-0.04545454545454547,-0.045454545454545414,0.4,0.6,-0.19999999999999996,1,0,0.4627581868528818
1.0833333333333333,0.8333333333333334,0.25,0.16666666666666666,0.2499999999999999,0.08333333333333334,-0.33333333333333326,0.4,0.4,0.0,0,0,0.4732089063967794
1.6521739130434783,1.3125,0.5869565217391305,0.3125,0.33967391304347827,0.2744565217391305,0.8804347826086957,0.8,0.6,0.20000000000000007,1,1,0.6715948990768992
2.606060606060606,1.2878787878787878,0.7121212121212122,0.4090909090909091,1.3181818181818181,0.30303030303030304,0.5454545454545455,1.0,0.8,0.19999999999999996,1,1,0.8228006831472132
1.1348314606741574,1.0786516853932584,0.4606741573033708,0.4438202247191011,0.056179775280899014,0.016853932584269704,0.04494382022471899,1.0,0.6,0.4,1,0,0.49526215072568497
1.2298850574712643,1.08,0.5517241379310345,0.408,0.14988505747126424,0.1437241379310345,0.16156321839080467,0.8,0.2,0.6000000000000001,1,1,0.55248329180041
2.357142857142857,1.2142857142857142,0.42857142857142855,0.21428571428571427,1.142857142857143,0.21428571428571427,0.8571428571428572,0.8,0.4,0.4,1,1,0.8207161250564464
1.2,1.649056603773585,0.4,0.5886792452830188,-0.44905660377358503,-0.18867924528301883,-0.304245283018868,0.0,0.4,-0.4,0,0,0.2879320653517388
0.9705882352941176,1.1176470588235294,0.35294117647058826,0.4411764705882353,-0.1470588235294118,-0.08823529411764702,-0.32352941176470584,0.6,0.6,0.0,0,0,0.37126525704984964
1.2634408602150538,1.2363636363636363,0.43010752688172044,0.38181818181818183,0.02707722385141742,0.0482893450635386,-0.16119257086999017,0.2,0.4,-0.2,0,0,0.4310829800591574
1.3389830508474576,2.1864406779661016,0.3898305084745763,0.711864406779661,-0.847457627118644,-0.3220338983050847,-0.7457627118644068,0.4,0.8,-0.4,1,0,0.18786656964849796
1.6412213740458015,2.0839694656488548,0.5725190839694656,0.7786259541984732,-0.4427480916030533,-0.20610687022900764,-0.33587786259541996,0.2,0.8,-0.6000000000000001,1,0,0.28618945235605614
1.4057971014492754,1.7246376811594204,0.4492753623188406,0.6521739130434783,-0.318840579710145,-0.2028985507246377,-0.4782608695652174,0.2,0.4,-0.2,0,0,0.3099067660174547
0.5833333333333334,1.2083333333333333,0.20833333333333334,0.375,-0.6249999999999999,-0.16666666666666666,-0.375,0.2,0.8,-0.6000000000000001,0,0,0.2337294855032699
1.6140350877192982,1.8011695906432748,0.52046783625731,0.5964912280701754,-0.1871345029239766,-0.07602339181286544,-0.20467836257309946,0.2,1.0,-0.8,0,0,0.347440145867576
1.151624548736462,1.2760736196319018,0.4151624548736462,0.4171779141104294,-0.12444907089543977,-0.0020154592367832014,0.40437642577130073,0.4,0.4,0.0,0,0,0.46813120867940483
0.9074074074074074,0.9545454545454546,0.3333333333333333,0.3686868686868687,-0.047138047138047146,-0.03535353535353536,0.08417508417508412,0.4,0.4,0.0,0,0,0.4380405435280817
0.973404255319149,1.2878787878787878,0.35638297872340424,0.4583333333333333,-0.31447453255963886,-0.10195035460992907,-0.0930045132172792,0.6,0.6,0.0,0,0,0.3614339169278406
0.8108108108108109,1.5358490566037737,0.2702702702702703,0.6452830188679245,-0.7250382457929628,-0.3750127485976542,-0.5556348801631821,0.2,0.4,-0.2,0,0,0.21094637314482292
1.10546875,0.803030303030303,0.42578125,0.3484848484848485,0.302438446969697,0.07729640151515149,0.19389204545454541,0.4,0.4,0.0,0,1,0.5408491179568888
1.0,1.2188841201716738,0.4074074074074074,0.5021459227467812,-0.2188841201716738,-0.09473851533937377,-0.18364859852699622,0.6,0.6,0.0,0,0,0.3712037288529314
0.9166666666666666,0.6666666666666666,0.25,0.16666666666666666,0.25,0.08333333333333334,-0.16666666666666674,0.6,0.4,0.19999999999999996,1,1,0.5001562672824049
1.144578313253012,0.7555555555555555,0.39759036144578314,0.28888888888888886,0.38902275769745653,0.10870147255689427,0.0680053547523427,0.0,0.4,-0.4,1,1,0.5225757288295293
1.1162790697674418,1.5813953488372092,0.47674418604651164,0.6162790697674418,-0.4651162790697674,-0.1395348837209302,-0.13953488372093026,0.4,0.6,-0.19999999999999996,0,0,0.3145353503475905
1.4313725490196079,1.6274509803921569,0.43137254901960786,0.45098039215686275,-0.196078431372549,-0.019607843137254888,0.4509803921568627,0.4,0.4,0.0,1,0,0.4658915989111552
1.2191780821917808,1.0,0.3424657534246575,0.3972602739726027,0.2191780821917808,-0.0547945205479452,-0.15068493150684925,0.4,0.4,0.0,1,0,0.47615569982764616
1.180327868852459,1.4426229508196722,0.39344262295081966,0.48360655737704916,-0.2622950819672132,-0.0901639344262295,-0.16393442622950816,0.2,0.4,-0.2,0,0,0.35673201157075357
1.1195652173913044,0.9918032786885246,0.44565217391304346,0.38524590163934425,0.12776193870277985,0.06040627227369921,-0.1593014967925872,0.2,0.4,-0.2,0,0,0.44829485675453573
2.5185185185185186,1.9259259259259258,0.7592592592592593,0.7592592592592593,0.5925925925925928,0.0,-0.05555555555555558,1.0,0.8,0.19999999999999996,0,1,0.6235251221430883
1.0,1.5,0.3076923076923077,0.5,-0.5,-0.1923076923076923,-0.08791208791208804,0.6,0.6,0.0,0,0,0.32006223041881743
1.6161616161616161,1.2828282828282829,0.5757575757575758,0.3939393939393939,0.33333333333333326,0.18181818181818188,0.2222222222222221,0.6,0.2,0.39999999999999997,0,1,0.6002868799658079
1.0769230769230769,0.7307692307692307,0.38461538461538464,0.2692307692307692,0.34615384615384615,0.11538461538461542,-0.15384615384615374,0.6,0.2,0.39999999999999997,0,1,0.5397667841115098
1.4545454545454546,0.6363636363636364,0.45454545454545453,0.18181818181818182,0.8181818181818182,0.2727272727272727,0.0,0.8,0.4,0.4,0,1,0.6790909843235191
1.1171875,1.15625,0.375,0.3828125,-0.0390625,-0.0078125,0.1796875,0.0,0.6,-0.6,1,0,0.42094721439863203
1.1043478260869566,1.4563758389261745,0.3826086956521739,0.40268456375838924,-0.3520280128392179,-0.02007586810621531,-0.028596440035016046,0.4,0.4,0.0,1,0,0.3705479225988613
0.9848484848484849,2.044776119402985,0.2878787878787879,0.6716417910447762,-1.0599276345545001,-0.38376300316598827,-0.8337856173677067,0.2,0.8,-0.6000000000000001,0,0,0.14115588053916564
0.9841269841269841,1.2386363636363635,0.3968253968253968,0.5568181818181818,-0.25450937950937946,-0.15999278499278496,-0.18001443001443018,0.6,0.8,-0.20000000000000007,0,0,0.3473106034588323
1.1462450592885376,0.9763779527559056,0.4901185770750988,0.33070866141732286,0.16986710653263204,0.15940991565777596,0.2827798699075659,0.8,0.4,0.4,1,1,0.5586821540944314
1.1355932203389831,1.0,0.3898305084745763,0.3448275862068966,0.13559322033898313,0.04500292226767971,0.2121566335476328,0.2,0.4,-0.2,0,0,0.4923574527086215
1.1928571428571428,1.6923076923076923,0.42142857142857143,0.5288461538461539,-0.49945054945054945,-0.10741758241758242,-0.057005494505494525,0.2,0.6,-0.39999999999999997,1,0,0.3106765720518674
1.1398601398601398,1.1538461538461537,0.5104895104895105,0.45454545454545453,-0.013986013986013957,0.05594405594405599,0.16083916083916083,0.2,0.6,-0.39999999999999997,0,0,0.4419227418619306
1.0503597122302157,1.650887573964497,0.3597122302158273,0.5798816568047337,-0.6005278617342813,-0.22016942658890637,-0.44663913839342717,0.6,0.6,0.0,0,0,0.26669103051604187
0.972972972972973,1.0353982300884956,0.3783783783783784,0.48672566371681414,-0.0624252571155226,-0.10834728533843574,-0.2320019134178426,0.4,0.6,-0.19999999999999996,0,0,0.382661845435497
0.8869565217391304,1.008695652173913,0.2782608695652174,0.4260869565217391,-0.12173913043478257,-0.14782608695652172,-0.0608695652173914,0.4,0.4,0.0,1,0,0.3958092909400914
0.6571428571428571,1.0,0.34285714285714286,0.3142857142857143,-0.34285714285714286,0.02857142857142858,0.19999999999999996,0.4,0.8,-0.4,0,0,0.36557099487483335
1.1388888888888888,1.1904761904761905,0.45555555555555555,0.5095238095238095,-0.051587301587301626,-0.05396825396825394,-0.0793650793650793,0.6,0.6,0.0,1,0,0.42424685108181714
1.1166666666666667,0.8526315789473684,0.36666666666666664,0.3368421052631579,0.2640350877192983,0.029824561403508754,-0.006140350877193113,0.2,0.0,0.2,0,1,0.5165554335238851
2.0354609929078014,1.0283687943262412,0.6808510638297872,0.41134751773049644,1.0070921985815602,0.2695035460992908,0.4822695035460993,0.4,0.4,0.0,1,1,0.7466460269044527
1.6618705035971224,1.1366906474820144,0.6906474820143885,0.4460431654676259,0.525179856115108,0.24460431654676262,0.3237410071942445,0.6,0.6,0.0,1,1,0.6327132590221757
1.3103448275862069,2.0,0.4482758620689655,0.5172413793103449,-0.6896551724137931,-0.06896551724137934,0.2413793103448274,0.4,0.6,-0.19999999999999996,0,0,0.32362014578684833
1.23,1.04,0.39,0.38,0.18999999999999995,0.010000000000000009,-0.17999999999999994,0.2,0.4,-0.2,1,0,0.45892783442334223
1.4575471698113207,1.4339622641509433,0.5188679245283019,0.49528301886792453,0.02358490566037741,0.023584905660377353,0.12264150943396213,0.6,0.4,0.19999999999999996,1,0,0.49221466708148925
1.6,1.6515151515151516,0.36666666666666664,0.5151515151515151,-0.051515151515151514,-0.1484848484848485,-0.10000000000000009,0.8,0.8,0.0,0,0,0.4320349918355703
1.2432432432432432,2.0945945945945947,0.33783783783783783,0.6081081081081081,-0.8513513513513515,-0.2702702702702703,-0.43243243243243246,0.4,0.6,-0.19999999999999996,0,0,0.22016674072015674
1.1333333333333333,1.0,0.3333333333333333,0.3333333333333333,0.1333333333333333,0.0,0.20000000000000018,0.6,0.6,0.0,0,1,0.5027362965271202
1.1752136752136753,1.4264705882352942,0.4017094017094017,0.5772058823529411,-0.2512569130216189,-0.1754964806435394,-0.4299585218702866,0.4,0.8,-0.4,0,0,0.31487998306948023
1.6082089552238805,1.1828358208955223,0.6082089552238806,0.47388059701492535,0.4253731343283582,0.13432835820895528,0.10820895522388052,0.4,0.2,0.2,0,1,0.5876687272469211
1.25,1.3333333333333333,0.25,0.25,-0.08333333333333326,0.0,-0.25,0.4,0.6,-0.19999999999999996,0,0,0.398859138140464
2.0,1.2727272727272727,0.6835443037974683,0.36363636363636365,0.7272727272727273,0.3199079401611047,0.9220368239355581,1.0,0.2,0.8,1,1,0.7810782379058773
0.9454545454545454,0.9818181818181818,0.2545454545454545,0.4909090909090909,-0.036363636363636376,-0.2363636363636364,-0.34545454545454546,0.2,0.4,-0.2,1,0,0.3631763759063591
1.16,1.84,0.36,0.4,-0.6800000000000002,-0.040000000000000036,-0.07999999999999985,0.4,0.0,0.4,0,0,0.3239085166087743
1.1111111111111112,1.9222972972972974,0.4006734006734007,0.6790540540540541,-0.8111861861861862,-0.2783806533806534,-0.5692738192738194,0.0,0.6,-0.6,0,0,0.19304211827373124
1.875,1.0434782608695652,0.25,0.34782608695652173,0.8315217391304348,-0.09782608695652173,0.3097826086956521,0.0,0.6,-0.6,1,1,0.6362985332509022
1.2790697674418605,1.3529411764705883,0.32558139534883723,0.453781512605042,-0.0738714090287278,-0.12820011725620478,-0.17862028532343177,0.2,0.2,0.0,0,0,0.4048880633138758
0.7142857142857143,1.0,0.0,0.14285714285714285,-0.2857142857142857,-0.14285714285714285,-0.1428571428571428,0.0,0.0,0.0,1,0,0.3511840458854755
1.4045801526717556,1.0381679389312977,0.4961832061068702,0.40458015267175573,0.36641221374045796,0.09160305343511449,0.3587786259541983,0.8,0.4,0.4,0,1,0.6095015075252366
1.0934065934065933,2.384,0.29120879120879123,0.732,-1.2905934065934066,-0.44079120879120876,-0.9344615384615382,0.0,0.8,-0.8,0,0,0.10802555720845038
1.5783132530120483,1.3373493975903614,0.5542168674698795,0.4879518072289157,0.24096385542168686,0.06626506024096385,0.25903614457831314,0.4,0.4,0.0,1,1,0.5478543106750118
1.2342007434944238,1.1538461538461537,0.5241635687732342,0.4358974358974359,0.08035458964827003,0.08826613287579832,0.38458361134941077,0.6,0.6,0.0,1,1,0.5210695948520151
1.513157894736842,1.1973684210526316,0.5789473684210527,0.4407894736842105,0.3157894736842104,0.13815789473684215,0.13157894736842102,0.8,0.2,0.6000000000000001,0,1,0.5921531089244868
1.2087912087912087,1.689922480620155,0.4065934065934066,0.6589147286821705,-0.4811312718289462,-0.2523213220887639,-0.3826561035863363,0.4,0.8,-0.4,0,0,0.27326008733246987
1.0909090909090908,1.3265306122448979,0.2727272727272727,0.3877551020408163,-0.23562152133580705,-0.1150278293135436,0.6920222634508347,0.4,0.2,0.2,0,0,0.4784788903577124
1.4357541899441342,1.2222222222222223,0.5754189944134078,0.25925925925925924,0.21353196772191185,0.3161597351541486,0.7436374922408442,0.4,0.4,0.0,1,1,0.615548665327844
1.4307692307692308,0.9714285714285714,0.5769230769230769,0.24285714285714285,0.4593406593406594,0.334065934065934,0.7587912087912088,0.8,0.2,0.6000000000000001,1,1,0.7005957221749436
1.6307692307692307,0.8561643835616438,0.5923076923076923,0.3424657534246575,0.7746048472075869,0.2498419388830348,0.3197049525816651,0.6,0.0,0.6,1,1,0.7112593211979755
1.10989010989011,1.336,0.38461538461538464,0.408,-0.22610989010989013,-0.023384615384615337,0.12448351648351652,0.6,0.8,-0.20000000000000007,1,0,0.4029689227987217
1.1440329218106995,1.1170731707317074,0.41975308641975306,0.4926829268292683,0.026959751078992067,-0.07292984040951522,-0.2031315868714243,0.2,1.0,-0.8,0,0,0.3766645404895
1.2941176470588236,1.2941176470588236,0.29411764705882354,0.47058823529411764,0.0,-0.1764705882352941,-0.3529411764705881,0.4,0.4,0.0,0,0,0.3991114631406597
1.6319444444444444,1.2924528301886793,0.6319444444444444,0.5943396226415094,0.33949161425576513,0.03760482180293501,0.06105870020964366,0.2,0.8,-0.6000000000000001,0,1,0.5062330676299188
1.135135135135135,1.1891891891891893,0.3783783783783784,0.24324324324324326,-0.05405405405405417,0.13513513513513514,0.29729729729729715,0.2,0.4,-0.2,0,0,0.47131641388532786
0.375,0.875,0.125,0.125,-0.5,0.0,0.125,0.0,0.0,0.0,0,0,0.33783713193077763
1.1791044776119404,1.180952380952381,0.417910447761194,0.4666666666666667,-0.0018479033404406042,-0.04875621890547266,-0.08059701492537319,0.8,0.4,0.4,1,0,0.46244885699640675
1.6043956043956045,1.467741935483871,0.6428571428571429,0.532258064516129,0.13665366891173347,0.1105990783410139,0.10191421481744056,0.4,0.6,-0.19999999999999996,1,0,0.49969198031133333
1.7058823529411764,1.1777777777777778,0.6286764705882353,0.4,0.5281045751633986,0.22867647058823526,0.1977941176470588,0.6,0.4,0.19999999999999996,1,1,0.6320245267129849
1.8333333333333333,0.8333333333333334,0.5,0.2222222222222222,0.9999999999999999,0.2777777777777778,-0.22222222222222232,0.6,0.4,0.19999999999999996,0,1,0.689664823148757
1.9821428571428572,0.9444444444444444,0.5892857142857143,0.3333333333333333,1.0376984126984128,0.255952380952381,0.7936507936507937,0.6,0.6,0.0,1,1,0.7775875999710533
0.9166666666666666,1.9455445544554455,0.25,0.6584158415841584,-1.028877887788779,-0.40841584158415845,-0.3424092409240924,0.4,0.8,-0.4,0,0,0.1800119599112993
1.1595744680851063,0.9464285714285714,0.44680851063829785,0.23214285714285715,0.21314589665653494,0.2146656534954407,0.6086626139817628,0.6,0.2,0.39999999999999997,0,1,0.6086666192792414
1.6923076923076923,1.5529411764705883,0.6331360946745562,0.5470588235294118,0.13936651583710402,0.08607727114514441,0.2292725374173339,0.8,0.8,0.0,1,1,0.5312731615631622
1.2266666666666666,1.1822222222222223,0.4177777777777778,0.4,0.04444444444444429,0.01777777777777778,-0.008888888888888724,0.0,0.4,-0.4,0,0,0.4341889052174019
2.1346153846153846,0.95,0.782051282051282,0.3,1.1846153846153846,0.48205128205128206,0.8423076923076922,1.0,0.2,0.8,1,1,0.8456246364086332
1.6933333333333334,1.6533333333333333,0.6266666666666667,0.5333333333333333,0.040000000000000036,0.09333333333333338,0.21333333333333326,0.2,0.6,-0.39999999999999997,1,0,0.479829562584959
1.7960526315789473,1.6578947368421053,0.6644736842105263,0.6118421052631579,0.13815789473684204,0.052631578947368474,0.3092105263157896,0.6,0.4,0.19999999999999996,0,1,0.549388449144764
1.0655737704918034,0.91,0.32786885245901637,0.33,0.15557377049180332,-0.0021311475409836467,-0.17327868852459027,0.2,0.2,0.0,0,0,0.45851903503477526
0.948051948051948,1.4545454545454546,0.4025974025974026,0.5454545454545454,-0.5064935064935066,-0.1428571428571428,-0.24675324675324672,0.2,0.4,-0.2,0,0,0.2912006801326524
1.2222222222222223,0.9111111111111111,0.4666666666666667,0.3333333333333333,0.3111111111111112,0.13333333333333336,-0.11111111111111094,0.0,0.6,-0.6,0,0,0.4775881558125036
1.0842105263157895,1.8345864661654134,0.28421052631578947,0.6992481203007519,-0.7503759398496239,-0.4150375939849624,-0.8165413533834587,0.4,1.0,-0.6,1,0,0.17861250737659706
1.287037037037037,1.6111111111111112,0.5370370370370371,0.5555555555555556,-0.3240740740740742,-0.01851851851851849,0.12037037037037024,0.6,0.8,-0.20000000000000007,0,0,0.3859556561711665
0.8666666666666667,2.033333333333333,0.36666666666666664,0.6,-1.1666666666666665,-0.23333333333333334,-0.43333333333333335,0.6,0.6,0.0,0,0,0.17980013715922835
1.061611374407583,1.740566037735849,0.4075829383886256,0.6273584905660378,-0.6789546633282659,-0.21977555217741218,-0.1435437717964767,0.4,1.0,-0.6,0,0,0.25135597256831216
1.0588235294117647,1.3265306122448979,0.3897058823529412,0.40816326530612246,-0.26770708283313316,-0.01845738295318128,-0.046968787515005994,0.2,0.6,-0.39999999999999997,0,0,0.36003034602341144
0.875,1.0,0.25,0.125,-0.125,0.125,0.25,0.0,0.0,0.0,0,0,0.45338661242792094
1.1496598639455782,1.0275229357798166,0.4013605442176871,0.3394495412844037,0.1221369281657616,0.06191100293328339,0.38082756038195087,0.4,0.0,0.4,0,1,0.5479535859330181
1.1496598639455782,1.3480662983425415,0.46258503401360546,0.5303867403314917,-0.19840643439696337,-0.06780170631788623,-0.083399105498553,0.6,0.6,0.0,0,0,0.3925490164220384
1.0817307692307692,1.2688172043010753,0.4423076923076923,0.3870967741935484,-0.1870864350703061,0.055210918114143914,0.20275020678246491,0.2,0.4,-0.2,1,0,0.42149898238397465
0.5384615384615384,1.5682819383259912,0.15384615384615385,0.6784140969162996,-1.0298203998644526,-0.5245679430701458,-0.5299898339545916,0.4,1.0,-0.6,1,0,0.14903064516444778
1.9716312056737588,1.3106796116504855,0.6453900709219859,0.39805825242718446,0.6609515940232733,0.2473318184948014,0.37719479446395376,1.0,0.4,0.6,1,1,0.7087139702704327
1.1538461538461537,1.1851851851851851,0.38461538461538464,0.25925925925925924,-0.031339031339031376,0.1253561253561254,0.41823361823361815,0.6,0.4,0.19999999999999996,1,1,0.5169622643077515
1.12,1.3319148936170213,0.4228571428571429,0.5404255319148936,-0.2119148936170212,-0.11756838905775074,-0.1443161094224923,0.6,0.4,0.19999999999999996,1,0,0.3893914628690783
1.256544502617801,1.0956521739130434,0.44502617801047123,0.3217391304347826,0.16089232870475767,0.12328704757568865,0.20892328704757568,0.0,0.2,-0.2,0,1,0.506460239982409
1.8138297872340425,1.5691489361702127,0.526595744680851,0.40425531914893614,0.24468085106382986,0.12234042553191488,0.10106382978723394,0.8,0.2,0.6000000000000001,0,1,0.5838426997931294
1.0476190476190477,1.2486772486772486,0.3386243386243386,0.455026455026455,-0.20105820105820094,-0.1164021164021164,-0.2751322751322751,0.2,0.4,-0.2,0,0,0.3513696351483574
1.3969465648854962,1.3893129770992367,0.6259541984732825,0.5877862595419847,0.007633587786259444,0.038167938931297773,0.29007633587786275,0.4,0.6,-0.19999999999999996,1,0,0.47949702463807503
1.1666666666666667,2.4791666666666665,0.375,0.625,-1.3124999999999998,-0.25,-0.3541666666666665,0.2,0.8,-0.6000000000000001,0,0,0.15080954580873102
1.8524590163934427,1.7704918032786885,0.6475409836065574,0.5655737704918032,0.08196721311475419,0.08196721311475419,0.3278688524590163,0.8,0.6,0.20000000000000007,1,1,0.5469200252288082
1.1481481481481481,1.1674418604651162,0.41203703703703703,0.386046511627907,-0.01929371231696808,0.02599052540913005,-0.007235142118863003,0.4,0.4,0.0,0,0,0.44642351505440286
1.0357142857142858,1.348360655737705,0.4107142857142857,0.5040983606557377,-0.3126463700234192,-0.09338407494145196,-0.010538641686182793,0.2,0.6,-0.39999999999999997,1,0,0.3469547622269424
1.1851851851851851,1.1497584541062802,0.4074074074074074,0.37681159420289856,0.03542673107890493,0.030595813204508826,-0.04669887278582929,0.2,0.2,0.0,0,0,0.4533563484012043
0.8032786885245902,1.8117154811715481,0.22950819672131148,0.5983263598326359,-1.008436792646958,-0.3688181631113244,-0.6865354276699362,0.2,1.0,-0.8,0,0,0.14726131708653079
1.3088235294117647,1.0441176470588236,0.4117647058823529,0.27941176470588236,0.2647058823529411,0.13235294117647056,0.38235294117647056,0.8,0.0,0.8,1,1,0.6164470097983588
1.0267857142857142,1.3835616438356164,0.25,0.4794520547945205,-0.3567759295499022,-0.22945205479452052,-0.8587328767123288,0.4,0.8,-0.4,0,0,0.25109105846302676
1.5317460317460319,1.2125984251968505,0.5793650793650794,0.3543307086614173,0.3191476065491814,0.2250343707036621,0.455318085239345,1.0,0.2,0.8,1,1,0.6494932983125299
0.984,0.9230769230769231,0.328,0.28205128205128205,0.06092307692307686,0.045948717948717965,0.01702564102564086,0.4,0.0,0.4,0,0,0.48770172019177105
1.710382513661202,0.75,0.6010928961748634,0.1875,0.9603825136612021,0.4135928961748634,0.6471994535519126,0.6,0.0,0.6,0,1,0.783516537635062
0.8307692307692308,1.432,0.3076923076923077,0.64,-0.6012307692307691,-0.3323076923076923,-0.4221538461538462,0.4,0.6,-0.19999999999999996,1,0,0.2444988072522881
1.6812227074235808,1.2337662337662338,0.6506550218340611,0.4155844155844156,0.447456473657347,0.2350706062496455,0.7148528327567629,0.8,0.2,0.6000000000000001,1,1,0.6917211977908159
1.4904761904761905,0.9289099526066351,0.5333333333333333,0.3886255924170616,0.5615662378695554,0.1447077409162717,-0.03911081020085749,0.2,0.4,-0.2,1,1,0.5731137311808762
1.4,0.6,0.0,0.0,0.7999999999999999,0.0,1.4000000000000001,0.0,0.0,0.0,1,1,0.7626051646350371
1.9042553191489362,2.0106382978723403,0.6560283687943262,0.6985815602836879,-0.10638297872340408,-0.04255319148936165,-0.049645390070921946,0.6,0.6,0.0,1,0,0.43938502100461063
1.3076923076923077,0.6923076923076923,0.23076923076923078,0.3076923076923077,0.6153846153846154,-0.07692307692307693,-0.23076923076923084,0.2,0.6,-0.39999999999999997,0,1,0.5286891396844433
1.2589285714285714,1.375,0.36607142857142855,0.4375,-0.1160714285714286,-0.07142857142857145,0.0,0.4,0.8,-0.4,1,0,0.39917987876325556
1.5,1.125,0.35,0.3541666666666667,0.375,-0.004166666666666707,-0.08749999999999991,0.2,0.2,0.0,1,1,0.5292625275798323
0.9848484848484849,1.1666666666666667,0.3484848484848485,0.40476190476190477,-0.18181818181818188,-0.05627705627705626,0.10317460317460325,0.0,0.8,-0.8,0,0,0.3639355209495346
0.9540229885057471,0.7777777777777778,0.367816091954023,0.18518518518518517,0.17624521072796928,0.1826309067688378,0.13282247765006372,0.2,0.4,-0.2,0,1,0.5001411130244918
1.0476190476190477,2.0,0.23809523809523808,0.42857142857142855,-0.9523809523809523,-0.19047619047619047,0.09523809523809512,0.6,0.4,0.19999999999999996,1,0,0.27024469779222154
1.5405405405405406,1.0810810810810811,0.4864864864864865,0.32432432432432434,0.45945945945945943,0.16216216216216217,0.3513513513513513,0.8,0.6,0.20000000000000007,1,1,0.6277003726862357
0.9032258064516129,1.032258064516129,0.3548387096774194,0.4838709677419355,-0.12903225806451613,-0.12903225806451613,-0.3548387096774195,0.2,0.4,-0.2,1,0,0.35091477381037034
1.1935483870967742,1.3587786259541985,0.3763440860215054,0.5801526717557252,-0.16523023885742427,-0.20380858573421978,-0.1233686284166462,0.4,0.6,-0.19999999999999996,0,0,0.37191325195833974
2.193717277486911,0.8415841584158416,0.774869109947644,0.36633663366336633,1.3521331190710697,0.4085324762842777,0.5746202892540562,0.8,0.6,0.20000000000000007,1,1,0.8249062965399607
1.0,1.88,0.26229508196721313,0.6685714285714286,-0.8799999999999999,-0.40627634660421547,-0.6828103044496487,0.4,0.8,-0.4,0,0,0.17742771084959272
0.9491525423728814,1.89247311827957,0.3559322033898305,0.6129032258064516,-0.9433205759066886,-0.2569710224166211,-0.22270821942773833,0.4,1.0,-0.6,0,0,0.20123951591819403
0.7647058823529411,0.6470588235294118,0.20588235294117646,0.2647058823529412,0.11764705882352933,-0.05882352941176472,0.3529411764705883,0.0,0.2,-0.2,0,0,0.48297247004042276
1.1233766233766234,1.545045045045045,0.36363636363636365,0.4864864864864865,-0.42166842166842167,-0.12285012285012287,-0.10933660933660949,0.4,0.4,0.0,0,0,0.33990970196345327
1.6506024096385543,0.8301886792452831,0.6746987951807228,0.39622641509433965,0.8204137303932713,0.2784723800863832,0.4930666060468287,0.8,0.4,0.4,0,1,0.7286475975831385
1.0789473684210527,1.0,0.35526315789473684,0.3684210526315789,0.07894736842105265,-0.01315789473684209,-0.21052631578947367,0.4,0.2,0.2,0,0,0.4505912836993476
0.9540229885057471,1.1340996168582376,0.32567049808429116,0.421455938697318,-0.1800766283524905,-0.09578544061302685,-0.02298850574712641,0.0,0.2,-0.2,1,0,0.37955061107329574
1.2983193277310925,1.2,0.47478991596638653,0.2,0.09831932773109253,0.2747899159663865,-0.0949579831932772,0.8,0.4,0.4,1,1,0.5180823556102215
1.1625,1.7557251908396947,0.43125,0.5877862595419847,-0.5932251908396946,-0.1565362595419847,-0.18869274809160297,0.2,0.2,0.0,0,0,0.29576668361419994
1.5390625,1.124031007751938,0.578125,0.3798449612403101,0.415031492248062,0.1982800387596899,0.2544815891472869,0.8,0.2,0.6000000000000001,1,1,0.6321808911144864
1.9607843137254901,1.4285714285714286,0.7254901960784313,0.21428571428571427,0.5322128851540615,0.511204481792717,1.1316526610644257,0.6,0.4,0.19999999999999996,1,1,0.7528922974371121
1.1758241758241759,1.752,0.4065934065934066,0.512,-0.5761758241758241,-0.10540659340659342,-0.0014945054945054714,0.0,0.4,-0.4,1,0,0.30050094730216576
1.1717791411042944,0.9570552147239264,0.43558282208588955,0.39263803680981596,0.21472392638036797,0.042944785276073594,-0.17177914110429437,0.4,0.4,0.0,0,0,0.4791707628942108
1.1759259259259258,1.3518518518518519,0.4074074074074074,0.4722222222222222,-0.17592592592592604,-0.06481481481481483,-0.25,0.6,0.6,0.0,0,0,0.38129863738318004
1.6977777777777778,1.3214285714285714,0.6088888888888889,0.5089285714285714,0.37634920634920643,0.09996031746031753,0.08539682539682536,0.4,0.4,0.0,1,1,0.5630359060020662
1.1542553191489362,1.5892857142857142,0.44680851063829785,0.5892857142857143,-0.435030395136778,-0.14247720364741645,-0.24240121580547114,0.2,0.8,-0.6000000000000001,0,0,0.28986224783271575
1.3602150537634408,1.108974358974359,0.6129032258064516,0.5,0.25124069478908173,0.11290322580645162,0.14805624483043844,0.6,0.8,-0.20000000000000007,1,1,0.5235703685763609
1.4759036144578312,1.0484848484848486,0.536144578313253,0.41818181818181815,0.4274187659729827,0.11796276013143486,0.29755385177071925,0.6,0.4,0.19999999999999996,0,1,0.6061970577017736
1.173913043478261,1.0769230769230769,0.391304347826087,0.4358974358974359,0.0969899665551841,-0.04459308807134893,-0.09319955406911928,0.4,0.4,0.0,0,0,0.4553133090102765
1.1871657754010696,1.1764705882352942,0.4385026737967914,0.43790849673202614,0.010695187165775444,0.0005941770647652778,-0.08021390374331538,0.8,0.8,0.0,0,0,0.44659164164873194
1.5534883720930233,1.1627906976744187,0.6651162790697674,0.4418604651162791,0.3906976744186046,0.22325581395348837,0.5488372093023256,1.0,0.6,0.4,0,1,0.6504278709522455
2.111111111111111,1.2,0.6666666666666666,0.4222222222222222,0.9111111111111112,0.2444444444444444,0.37777777777777777,0.6,0.6,0.0,0,1,0.7233181953270832
1.0476190476190477,2.1746031746031744,0.4603174603174603,0.6984126984126984,-1.1269841269841268,-0.23809523809523808,-0.23809523809523814,0.6,0.4,0.19999999999999996,1,0,0.20878722305820763
0.8333333333333334,1.1666666666666667,0.16666666666666666,0.16666666666666666,-0.33333333333333337,0.0,-0.16666666666666663,0.0,0.0,0.0,0,0,0.35339800523228554
1.176991150442478,0.9682539682539683,0.4247787610619469,0.3544973544973545,0.20873718218850967,0.07028140656459242,0.04977290817998781,0.4,0.6,-0.19999999999999996,0,0,0.4946009984696874
1.58,1.2525252525252526,0.56,0.5353535353535354,0.3274747474747475,0.024646464646464694,-0.17898989898989903,0.6,0.6,0.0,0,1,0.5139832934206738
1.0560747663551402,1.1176470588235294,0.3925233644859813,0.36764705882352944,-0.061572292468389245,0.02487630566245186,0.1500824628916988,0.8,0.4,0.4,0,0,0.4798338324551324
1.5037037037037038,2.3948339483394836,0.45185185185185184,0.7416974169741697,-0.8911302446357798,-0.28984556512231785,-0.38548585485854847,0.6,1.0,-0.4,0,0,0.2145647238514681
0.9649122807017544,1.1623931623931625,0.38596491228070173,0.4017094017094017,-0.1974808816914081,-0.015744489428699993,0.19883040935672502,0.4,0.4,0.0,1,0,0.42243536007000365
1.0952380952380953,1.0476190476190477,0.19047619047619047,0.3333333333333333,0.04761904761904767,-0.14285714285714285,-0.09523809523809512,0.0,0.4,-0.4,0,0,0.4094123500679312
1.4102564102564104,1.2564102564102564,0.358974358974359,0.3076923076923077,0.15384615384615397,0.051282051282051266,0.17948717948717952,0.6,0.4,0.19999999999999996,0,1,0.5308918248599807
0.974025974025974,1.2597402597402598,0.42857142857142855,0.5714285714285714,-0.2857142857142858,-0.14285714285714285,-0.06493506493506496,0.0,0.6,-0.6,1,0,0.32741374090329184
1.4285714285714286,1.0,0.6190476190476191,0.3333333333333333,0.4285714285714286,0.28571428571428575,0.4285714285714286,0.8,0.6,0.20000000000000007,0,1,0.6353201571872652
1.0808823529411764,1.3272058823529411,0.4375,0.5882352941176471,-0.24632352941176472,-0.15073529411764708,-0.22058823529411753,0.6,0.8,-0.20000000000000007,1,0,0.3478278959503348
1.891304347826087,1.8804347826086956,0.5543478260869565,0.5652173913043478,0.010869565217391353,-0.010869565217391242,0.16304347826086962,0.8,0.2,0.6000000000000001,1,1,0.5305333780391074
1.4655172413793103,1.5344827586206897,0.46551724137931033,0.5344827586206896,-0.06896551724137945,-0.06896551724137928,-0.034482758620689724,0.8,0.4,0.4,0,0,0.4604115964613717
1.0,1.1961722488038278,0.47368421052631576,0.48325358851674644,-0.19617224880382778,-0.009569377990430672,0.1722488038277512,0.6,0.8,-0.20000000000000007,0,0,0.41019843694494895
1.058139534883721,1.0465116279069768,0.4883720930232558,0.3953488372093023,0.011627906976744207,0.09302325581395349,0.38372093023255816,0.4,0.4,0.0,1,0,0.4995214891260847
1.6981132075471699,0.9824561403508771,0.4779874213836478,0.3684210526315789,0.7156570671962927,0.10956636875206888,-0.11883482290632252,0.4,0.4,0.0,0,1,0.6138136750551797
1.3157894736842106,1.763157894736842,0.4605263157894737,0.5657894736842105,-0.4473684210526314,-0.10526315789473684,-0.17763157894736858,0.4,1.0,-0.6,1,0,0.3031365520322164
1.1714285714285715,1.5342465753424657,0.4,0.547945205479452,-0.3628180039138942,-0.147945205479452,0.0007827788649705791,0.2,0.4,-0.2,1,0,0.34861080748448886
1.289655172413793,1.813793103448276,0.4206896551724138,0.6413793103448275,-0.5241379310344829,-0.22068965517241373,-0.46896551724137914,0.6,0.2,0.39999999999999997,0,0,0.3027201997736455
1.8307692307692307,1.2769230769230768,0.5076923076923077,0.3076923076923077,0.5538461538461539,0.19999999999999996,0.7692307692307692,0.0,0.4,-0.4,1,1,0.6625257896040565
0.631578947368421,1.1612903225806452,0.3157894736842105,0.43870967741935485,-0.5297113752122242,-0.12292020373514434,0.34091680814940584,0.2,0.8,-0.6000000000000001,1,0,0.3177937059539872
0.9882352941176471,1.0705882352941176,0.4235294117647059,0.5058823529411764,-0.08235294117647052,-0.08235294117647057,-0.45882352941176474,0.4,0.2,0.2,0,0,0.3786081469995918
1.2747747747747749,1.1494252873563218,0.45045045045045046,0.49808429118773945,0.1253494874184531,-0.04763384073728899,-0.18209588899244067,0.0,0.8,-0.8,0,0,0.4031317204835788
1.2181818181818183,1.2205882352941178,0.4636363636363636,0.4411764705882353,-0.002406417112299497,0.022459893048128343,0.4959893048128341,0.4,0.4,0.0,1,1,0.5082548564435648
2.5579710144927534,1.2753623188405796,0.7463768115942029,0.427536231884058,1.2826086956521738,0.3188405797101449,0.644927536231884,0.8,0.8,0.0,1,1,0.8164459859775083
1.092896174863388,1.2657657657657657,0.4098360655737705,0.46846846846846846,-0.17286959090237763,-0.058632402894697955,0.07303204844188449,0.4,0.2,0.2,0,0,0.42461361655622387
1.0572687224669604,1.5726872246696035,0.44493392070484583,0.5859030837004405,-0.5154185022026432,-0.1409691629955947,-0.1806167400881058,0.2,0.6,-0.39999999999999997,0,0,0.28870704807103453
1.2647058823529411,1.3676470588235294,0.47058823529411764,0.5735294117647058,-0.10294117647058831,-0.1029411764705882,0.10294117647058809,0.4,0.8,-0.4,0,0,0.40813170220782435
2.1262135922330097,1.3333333333333333,0.7766990291262136,0.6095238095238096,0.7928802588996764,0.167175219602404,0.46139620896902456,0.8,1.0,-0.19999999999999996,0,1,0.6943634364318356
1.3157894736842106,1.7736625514403292,0.40669856459330145,0.5308641975308642,-0.45787307775611863,-0.12416563293756278,-0.03878945399413247,0.6,0.4,0.19999999999999996,1,0,0.3579114373835266
2.4545454545454546,1.1935483870967742,0.7373737373737373,0.1935483870967742,1.2609970674486803,0.5438253502769632,1.0465949820788532,0.8,0.4,0.4,1,1,0.8618114036325256
1.1282051282051282,1.305732484076433,0.41025641025641024,0.4394904458598726,-0.17752735587130486,-0.029234035603462383,0.01649518210027745,0.2,1.0,-0.8,0,0,0.3634261428246706
1.9473684210526316,1.1071428571428572,0.6666666666666666,0.5535714285714286,0.8402255639097744,0.11309523809523803,0.2265037593984962,0.6,0.6,0.0,1,1,0.6802689500462935
0.3076923076923077,1.94,0.15384615384615385,0.52,-1.6323076923076922,-0.36615384615384616,-0.14923076923076906,0.2,0.2,0.0,0,0,0.12859021069803717
1.3623188405797102,1.6956521739130435,0.4420289855072464,0.4855072463768116,-0.33333333333333326,-0.04347826086956519,-0.12318840579710155,0.4,0.2,0.2,1,0,0.3802283669817561
1.1916666666666667,2.1,0.35833333333333334,0.6916666666666667,-0.9083333333333334,-0.3333333333333333,-0.8,0.0,0.8,-0.8,0,0,0.15801549473778798
0.9361702127659575,1.4619565217391304,0.35106382978723405,0.6467391304347826,-0.5257863089731729,-0.29567530064754854,-0.6195652173913043,0.4,0.6,-0.19999999999999996,0,0,0.24448726349715344
1.1084745762711865,1.3694915254237288,0.42033898305084744,0.511864406779661,-0.26101694915254225,-0.09152542372881362,-0.03728813559322042,0.8,0.8,0.0,1,0,0.3839737391767248
1.3333333333333333,0.6666666666666666,0.16666666666666666,0.0,0.6666666666666666,0.16666666666666666,0.33333333333333326,0.0,0.0,0.0,1,1,0.6482595681844642
0.8333333333333334,1.2830188679245282,0.26666666666666666,0.5377358490566038,-0.44968553459119487,-0.2710691823899371,-0.2723270440251573,0.6,0.6,0.0,0,0,0.30004506429779876
1.3,1.6888888888888889,0.4444444444444444,0.45555555555555555,-0.38888888888888884,-0.011111111111111127,0.16666666666666652,0.4,0.4,0.0,0,0,0.390265001543658
1.6923076923076923,1.0476190476190477,0.6293706293706294,0.23809523809523808,0.6446886446886446,0.3912753912753913,0.947052947052947,0.4,0.2,0.2,1,1,0.7386371123750319
0.6666666666666666,1.0,0.0,0.1111111111111111,-0.33333333333333337,-0.1111111111111111,0.4444444444444444,0.0,0.0,0.0,0,0,0.4062086802052094
1.0490196078431373,1.1372549019607843,0.4411764705882353,0.5196078431372549,-0.08823529411764697,-0.07843137254901966,-0.303921568627451,0.6,0.6,0.0,0,0,0.38688857744830873
1.2763157894736843,1.2777777777777777,0.4692982456140351,0.48148148148148145,-0.0014619883040933868,-0.012183235867446351,-0.10038986354775825,0.4,0.2,0.2,0,0,0.45067727181088085
1.329268292682927,2.402439024390244,0.4268292682926829,0.7073170731707317,-1.073170731707317,-0.28048780487804875,-0.36585365853658525,0.6,1.0,-0.4,0,0,0.18821721450629222
1.5032258064516129,1.0903225806451613,0.4838709677419355,0.3161290322580645,0.41290322580645156,0.167741935483871,0.2129032258064516,0.6,0.4,0.19999999999999996,0,1,0.6008519706018564
1.2613636363636365,1.6931818181818181,0.3522727272727273,0.5454545454545454,-0.43181818181818166,-0.19318181818181812,-0.40909090909090917,0.4,0.6,-0.19999999999999996,0,0,0.2963011221763956
1.6727272727272726,1.3235294117647058,0.5545454545454546,0.35294117647058826,0.3491978609625668,0.2016042780748663,0.4695187165775401,0.6,0.4,0.19999999999999996,1,1,0.6233307886509544
2.370967741935484,1.4516129032258065,0.6612903225806451,0.532258064516129,0.9193548387096775,0.12903225806451613,-0.09677419354838723,1.0,0.6,0.4,1,1,0.7007480366576622
1.2078431372549019,1.2470588235294118,0.5098039215686274,0.43137254901960786,-0.03921568627450989,0.07843137254901955,0.19999999999999996,0.2,0.4,-0.2,1,0,0.45737119816317173
0.9518072289156626,0.6428571428571429,0.3253012048192771,0.21428571428571427,0.3089500860585197,0.11101549053356283,0.29259896729776247,0.0,0.6,-0.6,1,1,0.5144754596109586
2.388888888888889,0.9861111111111112,0.6944444444444444,0.3888888888888889,1.4027777777777777,0.3055555555555555,0.05555555555555558,0.8,0.2,0.6000000000000001,1,1,0.8087904295625602
1.1761904761904762,1.3666666666666667,0.4523809523809524,0.5111111111111111,-0.19047619047619047,-0.05873015873015869,0.03968253968253954,0.6,0.4,0.19999999999999996,1,0,0.4211203200136274
1.0416666666666667,1.01,0.3333333333333333,0.43,0.03166666666666673,-0.09666666666666668,-0.14666666666666672,0.2,0.8,-0.6000000000000001,0,0,0.39091999963567425
0.9433962264150944,1.4819277108433735,0.39622641509433965,0.6867469879518072,-0.5385314844282791,-0.2905205728574676,-0.4962491475335302,0.4,0.6,-0.19999999999999996,0,0,0.25285528587123723
1.1478260869565218,1.3320895522388059,0.5,0.48507462686567165,-0.1842634652822841,0.014925373134328346,0.1800454250486696,0.8,0.4,0.4,1,0,0.4572143869312946
1.303030303030303,2.6742424242424243,0.4318181818181818,0.8560606060606061,-1.3712121212121213,-0.42424242424242425,-0.8181818181818181,0.0,1.0,-1.0,0,0,0.1043827681518708
1.3556485355648535,0.927536231884058,0.4769874476987448,0.38768115942028986,0.42811230368079556,0.08930628827845494,-0.24536110605784978,0.2,0.0,0.2,1,1,0.5361075882977236
1.4642857142857142,1.125,0.5178571428571429,0.3392857142857143,0.3392857142857142,0.1785714285714286,0.5178571428571428,0.2,0.4,-0.2,1,1,0.5918897438822469
0.96,1.6,0.32,0.4,-0.6400000000000001,-0.08000000000000002,-0.56,0.4,0.4,0.0,0,0,0.2579818523627878
1.45,1.1833333333333333,0.6416666666666667,0.5166666666666667,0.2666666666666666,0.125,0.2333333333333334,0.6,0.6,0.0,1,1,0.5519750886401386
1.3133333333333332,1.24,0.4266666666666667,0.41333333333333333,0.07333333333333325,0.013333333333333364,0.1399999999999999,0.6,0.4,0.19999999999999996,0,1,0.5006225706700099
1.2828282828282829,1.6423611111111112,0.42424242424242425,0.6006944444444444,-0.3595328282828283,-0.17645202020202017,-0.5688131313131313,0.6,0.4,0.19999999999999996,0,0,0.31635706915604417
1.6544502617801047,1.7958115183246073,0.5235602094240838,0.6020942408376964,-0.1413612565445026,-0.07853403141361259,-0.26701570680628284,0.6,0.4,0.19999999999999996,1,0,0.4100249526454142
1.445945945945946,1.1418918918918919,0.5945945945945946,0.527027027027027,0.30405405405405417,0.06756756756756765,-0.18243243243243246,0.8,0.6,0.20000000000000007,0,1,0.5213517846212661
1.2549019607843137,1.9607843137254901,0.5098039215686274,0.7254901960784313,-0.7058823529411764,-0.21568627450980393,-0.27450980392156865,0.8,1.0,-0.19999999999999996,0,0,0.26039276944471157
1.831578947368421,1.0481927710843373,0.5842105263157895,0.3132530120481928,0.7833861762840837,0.27095751426759673,0.6675967025998732,0.6,0.4,0.19999999999999996,1,1,0.73319600288425
1.826086956521739,0.42857142857142855,0.5797101449275363,0.14285714285714285,1.3975155279503104,0.4368530020703934,0.6521739130434783,0.4,0.0,0.4,1,1,0.836459986566833
0.8,1.0441176470588236,0.275,0.3235294117647059,-0.24411764705882355,-0.048529411764705876,0.04558823529411771,0.4,0.2,0.2,0,0,0.40077355029934697
1.3888888888888888,1.5,0.5740740740740741,0.6111111111111112,-0.11111111111111116,-0.03703703703703709,-0.2407407407407408,0.6,0.4,0.19999999999999996,0,0,0.413237397644172
1.5384615384615385,1.5576923076923077,0.4230769230769231,0.42948717948717946,-0.019230769230769162,-0.0064102564102563875,-0.10897435897435881,0.8,0.2,0.6000000000000001,0,0,0.4840379484273567
1.5252525252525253,1.7537688442211055,0.5454545454545454,0.628140703517588,-0.22851631896858016,-0.08268615806304258,-0.06644332774986061,0.4,0.8,-0.4,0,0,0.3734815302156734
1.4794520547945205,1.2191780821917808,0.6164383561643836,0.4611872146118721,0.26027397260273966,0.15525114155251146,0.14611872146118732,0.6,0.2,0.39999999999999997,0,1,0.5686690321538586
0.8309859154929577,0.9014084507042254,0.3380281690140845,0.323943661971831,-0.07042253521126762,0.014084507042253502,-0.05633802816901401,0.6,0.2,0.39999999999999997,1,0,0.4448148500146853
1.5443037974683544,1.7784810126582278,0.4240506329113924,0.6265822784810127,-0.23417721518987333,-0.20253164556962028,-0.6835443037974682,0.8,0.4,0.4,0,0,0.3462439586030856
1.096774193548387,0.9354838709677419,0.3225806451612903,0.25806451612903225,0.16129032258064513,0.06451612903225806,0.0,0.4,0.2,0.2,0,1,0.5012179736509538
0.5,1.0,0.2,0.4,-0.5,-0.2,0.17500000000000004,0.4,0.2,0.2,0,0,0.341191637056195
2.6944444444444446,1.0277777777777777,0.7361111111111112,0.2638888888888889,1.666666666666667,0.47222222222222227,1.0694444444444446,1.0,0.0,1.0,1,1,0.912057543215365
1.3663366336633664,1.164179104477612,0.4158415841584158,0.40298507462686567,0.20215752918575447,0.012856509531550153,-0.2896409043889463,0.6,0.2,0.39999999999999997,1,0,0.49273524530024754
1.1428571428571428,1.1953125,0.3956043956043956,0.3984375,-0.052455357142857206,-0.0028331043956044133,-0.1573660714285714,0.2,0.4,-0.2,0,0,0.406590946720354
1.35,1.4,0.35,0.4,-0.04999999999999982,-0.050000000000000044,0.6000000000000001,0.6,0.4,0.19999999999999996,1,1,0.5233803701439984
1.3333333333333333,1.103448275862069,0.4166666666666667,0.3620689655172414,0.2298850574712643,0.054597701149425304,0.33836206896551735,0.6,0.6,0.0,0,1,0.5496761095238445
1.0169491525423728,1.0833333333333333,0.4576271186440678,0.38333333333333336,-0.06638418079096042,0.07429378531073444,0.06271186440677967,0.8,0.6,0.20000000000000007,0,0,0.4594272372046361
1.730593607305936,1.2777777777777777,0.6301369863013698,0.4722222222222222,0.45281582952815835,0.15791476407914762,0.018493150684931514,0.8,0.4,0.4,1,1,0.6045608778904569
0.8469387755102041,1.12,0.336734693877551,0.51,-0.273061224489796,-0.173265306122449,-0.3681632653061224,0.2,0.6,-0.39999999999999997,0,0,0.30682071636009595
0.75,1.9014598540145986,0.25,0.6532846715328468,-1.1514598540145986,-0.40328467153284675,0.18704379562043805,0.0,0.8,-0.8,0,0,0.18096390976138327
0.8382352941176471,1.088235294117647,0.3235294117647059,0.3382352941176471,-0.2499999999999999,-0.01470588235294118,0.0,0.2,0.4,-0.2,1,0,0.3739665626786516
1.4137931034482758,0.7818181818181819,0.5467980295566502,0.23636363636363636,0.6319749216300939,0.3104343931930139,0.4984326018808778,0.6,0.0,0.6,1,1,0.7027455276915249
1.4718614718614718,1.1772151898734178,0.5627705627705628,0.4177215189873418,0.294646281988054,0.14504904378322103,0.1300345224395858,0.4,0.4,0.0,1,1,0.5486752835470394
1.125,1.0517241379310345,0.4230769230769231,0.3793103448275862,0.07327586206896552,0.043766578249336885,-0.03696949602122013,0.4,0.2,0.2,0,0,0.4750642050052002
1.2397003745318351,1.1391304347826088,0.4344569288389513,0.4260869565217391,0.10056993974922634,0.008369972317212204,0.18733105357433644,0.6,0.6,0.0,0,0,0.49676338030547984
0.9717514124293786,1.2758620689655173,0.3898305084745763,0.47126436781609193,-0.3041106565361388,-0.08143385934151565,-0.11942333917786874,0.4,0.4,0.0,0,0,0.36009367630639155
1.3695652173913044,1.5869565217391304,0.34782608695652173,0.43478260869565216,-0.21739130434782594,-0.08695652173913043,-0.26086956521739135,0.6,0.6,0.0,0,0,0.37727155958750475
1.073446327683616,0.88,0.4406779661016949,0.2,0.19344632768361592,0.2406779661016949,-0.0829378531073448,0.6,0.2,0.39999999999999997,1,1,0.5270292695563428
0.9411764705882353,0.9523809523809523,0.37254901960784315,0.38095238095238093,-0.011204481792717047,-0.008403361344537785,0.34733893557422957,0.2,0.6,-0.39999999999999997,1,0,0.4530800527677522
1.4320987654320987,1.9259259259259258,0.4691358024691358,0.7160493827160493,-0.49382716049382713,-0.24691358024691357,-0.47530864197530864,0.4,0.2,0.2,0,0,0.29701559833228297
1.944055944055944,1.5874125874125875,0.6853146853146853,0.5664335664335665,0.35664335664335645,0.11888111888111885,0.18181818181818177,0.8,0.8,0.0,0,1,0.5823055312943762
1.1564625850340136,1.0717488789237668,0.5306122448979592,0.4484304932735426,0.08471370611024676,0.0821817516244166,0.16964095055062378,0.6,0.6,0.0,1,0,0.493985953917907
1.328125,1.703125,0.5625,0.546875,-0.375,0.015625,0.046875,0.4,0.6,-0.19999999999999996,0,0,0.37017705081977265
1.46448087431694,0.8172043010752689,0.6502732240437158,0.34408602150537637,0.6472765732416711,0.3061872025383394,0.5610787942887362,0.8,0.6,0.20000000000000007,0,1,0.692549179057367
1.1333333333333333,1.6666666666666667,0.39166666666666666,0.525,-0.5333333333333334,-0.13333333333333336,-0.1499999999999999,0.0,0.4,-0.4,1,0,0.29059719036177517
2.0179640718562872,2.341317365269461,0.6946107784431138,0.7544910179640718,-0.32335329341317376,-0.059880239520958,-0.07784431137724546,1.0,1.0,0.0,0,0,0.3966439200035089
1.1829268292682926,1.1158536585365855,0.4329268292682927,0.3597560975609756,0.06707317073170715,0.07317073170731708,0.060975609756097615,0.8,0.6,0.20000000000000007,0,0,0.4936760958328451
1.271604938271605,1.691358024691358,0.41975308641975306,0.654320987654321,-0.41975308641975295,-0.23456790123456794,0.18518518518518534,0.4,0.6,-0.19999999999999996,1,0,0.3533058084035611
1.1262135922330097,2.0585365853658537,0.4368932038834951,0.6878048780487804,-0.9323229931328441,-0.2509116741652853,-0.4319677954061094,0.6,0.8,-0.20000000000000007,0,0,0.20714923945228694
1.736842105263158,1.2105263157894737,0.42105263157894735,0.3157894736842105,0.5263157894736843,0.10526315789473684,0.631578947368421,0.2,0.6,-0.39999999999999997,1,1,0.6345111643102935
1.4482758620689655,1.632183908045977,0.5402298850574713,0.45977011494252873,-0.1839080459770115,0.08045977011494254,0.29885057471264376,0.8,0.4,0.4,0,0,0.4871122974940133
2.205607476635514,2.5233644859813085,0.719626168224299,0.7570093457943925,-0.31775700934579465,-0.03738317757009346,-0.04672897196261683,0.8,1.0,-0.19999999999999996,0,0,0.39597931343506104
1.0,2.0491803278688523,0.29508196721311475,0.6885245901639344,-1.0491803278688523,-0.39344262295081966,-1.1311475409836067,0.4,1.0,-0.6,0,0,0.12708232690142726
1.0625,1.2142857142857142,0.45,0.4928571428571429,-0.1517857142857142,-0.04285714285714287,-0.09464285714285703,0.2,0.2,0.0,1,0,0.3968003617184036
0.7692307692307693,0.8461538461538461,0.23076923076923078,0.23076923076923078,-0.07692307692307687,0.0,0.46153846153846145,0.2,0.2,0.0,0,0,0.47351512960417047
1.0120481927710843,1.3333333333333333,0.42168674698795183,0.559748427672956,-0.321285140562249,-0.13806168068500413,-0.32628627718420855,0.4,0.6,-0.19999999999999996,0,0,0.3204978924941904
1.2763157894736843,1.0533333333333332,0.5789473684210527,0.5333333333333333,0.22298245614035106,0.04561403508771933,0.012982456140350873,0.6,0.8,-0.20000000000000007,0,0,0.4930641858665218
1.3542857142857143,1.7679558011049723,0.49142857142857144,0.6077348066298343,-0.413670086819258,-0.11630623520126282,-0.08129439621152335,0.2,0.8,-0.6000000000000001,0,0,0.3166013173469917
1.4260089686098654,1.2549019607843137,0.4798206278026906,0.41830065359477125,0.17110700782555166,0.061519974207919326,-0.03947946891761189,0.2,0.6,-0.39999999999999997,0,0,0.46933181126427165
2.130434782608696,1.0434782608695652,0.6521739130434783,0.43478260869565216,1.0869565217391306,0.2173913043478261,0.26086956521739135,1.0,0.6,0.4,1,1,0.761305893699808
1.2628205128205128,1.044871794871795,0.4166666666666667,0.40384615384615385,0.21794871794871784,0.01282051282051283,-0.3141025641025641,0.2,0.4,-0.2,1,0,0.45048623650422914
1.4096385542168675,1.391304347826087,0.5662650602409639,0.391304347826087,0.01833420639078054,0.17496071241487693,0.2074384494499738,0.0,0.6,-0.6,1,0,0.4605888102413278
1.1694915254237288,0.9896907216494846,0.559322033898305,0.3917525773195876,0.17980080377424423,0.1675694565787174,0.24445221037917175,0.8,0.8,0.0,0,1,0.5332199817234408
1.7843137254901962,1.392156862745098,0.5490196078431373,0.4117647058823529,0.3921568627450982,0.13725490196078438,0.2549019607843137,0.4,0.4,0.0,1,1,0.5931002889991258
1.2439024390243902,1.6329113924050633,0.45121951219512196,0.5632911392405063,-0.3890089533806731,-0.11207162704538437,-0.1999073788206236,0.4,0.4,0.0,1,0,0.3399509733024807
0.9655172413793104,1.6193181818181819,0.3620689655172414,0.6590909090909091,-0.6538009404388715,-0.2970219435736677,-0.5266457680250783,0.4,0.6,-0.19999999999999996,0,0,0.23292712567075619
1.510752688172043,1.2941176470588236,0.6236559139784946,0.4117647058823529,0.2166350411132194,0.2118912080961417,0.8396584440227703,1.0,0.4,0.6,1,1,0.6561229324097768
1.0853658536585367,1.5853658536585367,0.524390243902439,0.6219512195121951,-0.5,-0.09756097560975607,0.19512195121951215,0.6,0.6,0.0,0,0,0.35620681327984655
1.1557377049180328,1.598360655737705,0.39344262295081966,0.7049180327868853,-0.4426229508196722,-0.3114754098360656,-0.5737704918032788,0.4,0.6,-0.19999999999999996,1,0,0.2657902772510223
1.2777777777777777,1.0555555555555556,0.3333333333333333,0.3611111111111111,0.2222222222222221,-0.02777777777777779,-0.2777777777777777,0.4,0.6,-0.19999999999999996,1,0,0.4555992536223996
1.5454545454545454,1.0909090909090908,0.6420454545454546,0.4034090909090909,0.4545454545454546,0.2386363636363637,0.42613636363636365,0.8,0.4,0.4,1,1,0.6498413250583069
1.12,1.12,0.24,0.4,0.0,-0.16000000000000003,-1.0,0.2,1.0,-0.8,1,0,0.28610887433969273
1.5204081632653061,1.0714285714285714,0.5408163265306123,0.24489795918367346,0.44897959183673475,0.2959183673469388,0.9081632653061225,0.6,0.2,0.39999999999999997,1,1,0.7015049752110369
2.3383838383838382,1.5353535353535352,0.7070707070707071,0.398989898989899,0.803030303030303,0.30808080808080807,0.7272727272727273,1.0,0.2,0.8,1,1,0.7837713435841411
1.25,2.0,0.3333333333333333,0.3333333333333333,-0.75,0.0,-0.5833333333333334,0.6,0.4,0.19999999999999996,0,0,0.262448088381777
1.1329479768786128,1.4566473988439306,0.4161849710982659,0.5606936416184971,-0.32369942196531776,-0.1445086705202312,-0.06358381502890187,0.8,0.2,0.6000000000000001,0,0,0.39788139890940727
2.496932515337423,1.294478527607362,0.754601226993865,0.4171779141104294,1.202453987730061,0.3374233128834356,0.558282208588957,0.8,0.2,0.6000000000000001,1,1,0.8212407751494284
2.4263959390862944,1.5228426395939085,0.7918781725888325,0.4010152284263959,0.9035532994923858,0.3908629441624366,0.7512690355329948,1.0,0.6,0.4,0,1,0.7906277999201842
1.0526315789473684,1.131578947368421,0.3157894736842105,0.3684210526315789,-0.07894736842105265,-0.05263157894736842,-0.21052631578947367,0.6,0.0,0.6,0,0,0.438667675427
1.3006993006993006,1.3636363636363635,0.4195804195804196,0.3706293706293706,-0.06293706293706292,0.04895104895104896,0.2447552447552448,0.2,0.6,-0.39999999999999997,0,0,0.4478781144740873
1.1886792452830188,1.1697247706422018,0.3867924528301887,0.44036697247706424,0.01895447464081701,-0.05357451964687554,-0.10446598580578148,0.2,0.6,-0.39999999999999997,1,0,0.4123864054695141
1.6012658227848102,1.0126582278481013,0.5379746835443038,0.3987341772151899,0.5886075949367089,0.1392405063291139,0.3227848101265822,0.4,0.4,0.0,0,1,0.6343086502933782
1.3722222222222222,1.1666666666666667,0.5611111111111111,0.48333333333333334,0.2055555555555555,0.07777777777777778,-0.03333333333333344,0.6,0.4,0.19999999999999996,1,1,0.5146916152949453
1.078125,1.3932584269662922,0.390625,0.4887640449438202,-0.3151334269662922,-0.0981390449438202,0.013167134831460592,0.4,0.4,0.0,0,0,0.37383677120457304
2.0120481927710845,1.0,0.6506024096385542,0.37777777777777777,1.0120481927710845,0.27282463186077643,0.21847389558232932,0.6,0.2,0.39999999999999997,1,1,0.744108033873272
1.1048387096774193,0.9516129032258065,0.43548387096774194,0.3790322580645161,0.15322580645161277,0.05645161290322581,-0.17741935483870952,0.8,0.2,0.6000000000000001,0,1,0.5038379328437085
1.7166666666666666,1.9166666666666667,0.5833333333333334,0.55,-0.20000000000000018,0.033333333333333326,0.016666666666666607,0.6,0.6,0.0,1,0,0.4300090213982825
1.2708333333333333,1.314516129032258,0.3333333333333333,0.43548387096774194,-0.04368279569892475,-0.10215053763440862,0.0033602150537634934,0.0,0.4,-0.4,0,0,0.40859361214250944
1.8007246376811594,1.32,0.605072463768116,0.28,0.48072463768115936,0.32507246376811594,0.7792753623188406,0.8,0.4,0.4,1,1,0.7060141584413666
1.4113924050632911,1.3481012658227849,0.4430379746835443,0.4936708860759494,0.06329113924050622,-0.05063291139240511,-0.2721518987341771,0.6,0.8,-0.20000000000000007,1,0,0.42493277136580504
1.2295081967213115,1.5136612021857923,0.43169398907103823,0.5409836065573771,-0.28415300546448075,-0.10928961748633886,-0.1584699453551912,0.8,0.6,0.20000000000000007,0,0,0.37946051136441844
1.2352941176470589,1.4705882352941178,0.29411764705882354,0.47058823529411764,-0.23529411764705888,-0.1764705882352941,0.17647058823529393,0.0,0.8,-0.8,0,0,0.3589677504804231
0.9672131147540983,0.9836065573770492,0.3770491803278688,0.3442622950819672,-0.016393442622950838,0.03278688524590162,-0.049180327868852514,0.6,0.2,0.39999999999999997,0,0,0.4627907435826212
0.875,1.0425531914893618,0.28125,0.41134751773049644,-0.16755319148936176,-0.13009751773049644,0.000775709219858145,0.0,0.2,-0.2,0,0,0.3795875210728792
1.2264150943396226,1.5911949685534592,0.4528301886792453,0.5974842767295597,-0.3647798742138366,-0.14465408805031443,-0.1823899371069182,0.8,0.8,0.0,0,0,0.3463507006654735
0.9540229885057471,1.2259414225941423,0.41379310344827586,0.47280334728033474,-0.2719184340883952,-0.059010243832058884,-0.06151108546145356,0.6,0.6,0.0,0,0,0.3755151924618523
1.0847457627118644,1.3559322033898304,0.3728813559322034,0.4576271186440678,-0.27118644067796605,-0.0847457627118644,-0.10169491525423724,0.6,0.4,0.19999999999999996,1,0,0.3850986718931077
1.384313725490196,1.0740740740740742,0.5607843137254902,0.2962962962962963,0.31023965141612186,0.2644880174291939,0.2775599128540305,1.0,0.4,0.6,0,1,0.6172740082533936
1.2374100719424461,0.8902439024390244,0.45323741007194246,0.3475609756097561,0.3471661695034217,0.10567643446218639,0.14669240217582025,0.2,0.6,-0.39999999999999997,0,1,0.5263900909730703
1.6687898089171975,1.0854700854700854,0.6050955414012739,0.41025641025641024,0.5833197234471121,0.19483913114486362,-0.10011432304425916,0.4,0.6,-0.19999999999999996,1,1,0.5823468392815513
1.0350877192982457,1.2894736842105263,0.42105263157894735,0.34210526315789475,-0.2543859649122806,0.0789473684210526,0.22807017543859653,0.6,0.4,0.19999999999999996,0,0,0.43854853202441674
1.123076923076923,1.0573770491803278,0.3923076923076923,0.4344262295081967,0.06569987389659526,-0.0421185372005044,-0.16948297604035312,0.2,0.0,0.2,0,0,0.44831111374474525
1.627659574468085,0.9893617021276596,0.574468085106383,0.3617021276595745,0.6382978723404255,0.21276595744680854,-0.15957446808510634,0.6,0.2,0.39999999999999997,1,1,0.6237677537506084
1.0413793103448277,0.9130434782608695,0.42758620689655175,0.4057971014492754,0.12833583208395816,0.021789105447276358,-0.2040979510244878,0.4,0.2,0.2,1,0,0.4624468934893933
1.4444444444444444,1.3174603174603174,0.6031746031746031,0.5873015873015873,0.12698412698412698,0.015873015873015817,0.26984126984126977,0.4,0.8,-0.4,0,0,0.49057055227624996
1.3214285714285714,1.4523809523809523,0.44047619047619047,0.4642857142857143,-0.13095238095238093,-0.023809523809523836,-0.1785714285714286,0.4,0.6,-0.19999999999999996,1,0,0.3931792851052519
1.25,1.9473684210526316,0.32894736842105265,0.5263157894736842,-0.6973684210526316,-0.19736842105263153,-0.5,0.2,0.6,-0.39999999999999997,0,0,0.2335572710762765
1.3132530120481927,0.8333333333333334,0.536144578313253,0.2222222222222222,0.4799196787148593,0.3139223560910308,0.8239625167336011,0.6,0.4,0.19999999999999996,0,1,0.6843644340545859
1.063063063063063,1.0,0.4144144144144144,0.42342342342342343,0.06306306306306309,-0.009009009009009028,-0.06306306306306309,0.2,0.6,-0.39999999999999997,1,0,0.4257034639034393
1.2,1.9333333333333333,0.3333333333333333,0.26666666666666666,-0.7333333333333334,0.06666666666666665,-0.4666666666666668,0.8,0.2,0.6000000000000001,0,0,0.30084647500877015
1.3448275862068966,0.896551724137931,0.4482758620689655,0.27586206896551724,0.4482758620689655,0.1724137931034483,0.24137931034482762,0.4,0.4,0.0,1,1,0.5938201055344813
1.7777777777777777,1.3387096774193548,0.5959595959595959,0.3870967741935484,0.4390681003584229,0.20886282176604754,0.3605408927989573,0.4,0.2,0.2,1,1,0.630997302150034
1.2264150943396226,1.6009852216748768,0.4339622641509434,0.6551724137931034,-0.3745701273352542,-0.22121014964216001,-0.6679059392136815,0.6,1.0,-0.4,1,0,0.269490304240632
1.4349442379182156,1.661710037174721,0.4795539033457249,0.516728624535316,-0.22676579925650553,-0.03717472118959109,-0.052044609665427455,0.4,0.4,0.0,0,0,0.40053135162910225
1.048780487804878,1.9761904761904763,0.36585365853658536,0.6904761904761905,-0.9274099883855982,-0.3246225319396051,-0.70267131242741,0.6,0.6,0.0,0,0,0.1900835162906739
1.0,1.5526315789473684,0.42105263157894735,0.5964912280701754,-0.5526315789473684,-0.17543859649122806,-0.3421052631578947,0.6,0.6,0.0,0,0,0.28557084412228273
1.2777777777777777,1.0119047619047619,0.46296296296296297,0.3333333333333333,0.2658730158730158,0.12962962962962965,-0.017857142857143016,1.0,0.2,0.8,1,1,0.5721808157292282
1.1917808219178083,1.4931506849315068,0.3835616438356164,0.5068493150684932,-0.3013698630136985,-0.12328767123287676,-0.2465753424657533,0.6,0.6,0.0,0,0,0.35235928844664344
1.1666666666666667,1.3846153846153846,0.25,0.38461538461538464,-0.21794871794871784,-0.13461538461538464,-0.5769230769230769,0.6,0.4,0.19999999999999996,1,0,0.34561511941826284
0.7,1.0545454545454545,0.15,0.37272727272727274,-0.3545454545454545,-0.22272727272727275,-0.15454545454545454,0.0,0.2,-0.2,0,0,0.3159907586426768
1.7096774193548387,1.0847457627118644,0.6175115207373272,0.4067796610169492,0.6249316566429743,0.210731859720378,0.18943476789294178,0.8,0.8,0.0,0,1,0.6397112141800215
1.1885964912280702,2.254385964912281,0.4517543859649123,0.7850877192982456,-1.0657894736842106,-0.3333333333333333,-0.48245614035087725,0.6,1.0,-0.4,0,0,0.17478892809596921
1.05,1.0526315789473684,0.3,0.2631578947368421,-0.002631578947368318,0.0368421052631579,-0.18421052631578938,0.0,0.4,-0.4,0,0,0.40330479469979247
1.1379310344827587,1.047945205479452,0.4413793103448276,0.4315068493150685,0.08998582900330665,0.009872461029759083,0.11426547000472365,0.4,1.0,-0.6,0,0,0.4454794653689303
1.5384615384615385,1.4153846153846155,0.5692307692307692,0.46153846153846156,0.12307692307692308,0.10769230769230764,0.06153846153846154,0.6,0.4,0.19999999999999996,1,1,0.5167188078457361
1.3465346534653466,1.306930693069307,0.4158415841584158,0.38613861386138615,0.03960396039603964,0.029702970297029674,0.0,0.8,0.2,0.6000000000000001,0,1,0.5061072515374357
1.4375,1.25,0.375,0.5,0.1875,-0.125,-0.4375,0.8,0.8,0.0,0,0,0.4406316659910447
1.3232323232323233,1.3333333333333333,0.3838383838383838,0.38095238095238093,-0.010101010101009944,0.002886002886002881,-0.2683982683982684,0.8,0.2,0.6000000000000001,0,0,0.4621009485573733
2.515923566878981,1.5477707006369428,0.7579617834394905,0.42038216560509556,0.9681528662420382,0.33757961783439494,0.8280254777070064,0.8,0.6,0.20000000000000007,0,1,0.795291601600283
1.5916666666666666,1.25,0.5833333333333334,0.25,0.34166666666666656,0.33333333333333337,0.8095238095238095,0.2,0.2,0.0,1,1,0.652457599429621
1.495049504950495,1.4059405940594059,0.43564356435643564,0.38613861386138615,0.08910891089108919,0.04950495049504949,0.10891089108910879,0.6,0.4,0.19999999999999996,1,1,0.510284105183194
2.278481012658228,1.860759493670886,0.7215189873417721,0.7721518987341772,0.417721518987342,-0.05063291139240511,-0.10126582278481011,0.8,0.8,0.0,0,1,0.5570105280460937
1.4210526315789473,1.368421052631579,0.3684210526315789,0.42105263157894735,0.05263157894736836,-0.05263157894736842,0.3684210526315791,0.6,0.6,0.0,0,1,0.5087604067035906
0.9457364341085271,1.0125786163522013,0.3875968992248062,0.3710691823899371,-0.06684218224367411,0.016527716834869144,0.05323972502559604,0.6,0.2,0.39999999999999997,0,0,0.4611486471720984
0.875,1.3869047619047619,0.30357142857142855,0.5,-0.5119047619047619,-0.19642857142857145,-0.38095238095238093,0.0,0.8,-0.8,0,0,0.24441145757298102
1.220408163265306,1.452296819787986,0.40816326530612246,0.5759717314487632,-0.23188865652267987,-0.16780846614264078,-0.4428787769524771,0.4,0.6,-0.19999999999999996,0,0,0.32943291992446927
1.7261146496815287,1.78343949044586,0.5923566878980892,0.6305732484076433,-0.0573248407643312,-0.03821656050955413,-0.15923566878980888,0.6,0.6,0.0,1,0,0.43295950127416644
0.9166666666666666,1.2727272727272727,0.35714285714285715,0.4494949494949495,-0.3560606060606061,-0.09235209235209235,0.024531024531024626,0.4,0.8,-0.4,0,0,0.34139440350090455
1.5136612021857923,1.6830601092896176,0.5191256830601093,0.5846994535519126,-0.16939890710382532,-0.06557377049180324,0.005464480874316946,0.6,0.6,0.0,0,0,0.4196052557514966
1.199004975124378,1.1169590643274854,0.5124378109452736,0.4444444444444444,0.08204591079689272,0.06799336650082921,0.08370428558959597,0.8,0.4,0.4,0,1,0.5095888710335886
1.8106796116504855,1.4223300970873787,0.6262135922330098,0.49029126213592233,0.38834951456310685,0.13592233009708743,0.2330097087378642,0.8,0.6,0.20000000000000007,0,1,0.6042222604891511
1.6727272727272726,1.6303030303030304,0.47878787878787876,0.503030303030303,0.04242424242424225,-0.024242424242424288,-0.07878787878787863,0.6,0.4,0.19999999999999996,0,0,0.4767020546005874
1.5103448275862068,2.7013574660633486,0.47586206896551725,0.7963800904977375,-1.1910126384771418,-0.32051802153222025,-0.4325479794039633,0.6,0.6,0.0,0,0,0.18347023398244755
1.3076923076923077,1.6153846153846154,0.41025641025641024,0.46153846153846156,-0.3076923076923077,-0.05128205128205132,-0.025641025641025772,0.6,1.0,-0.4,1,0,0.3626028203577516
1.1415094339622642,1.2947976878612717,0.41509433962264153,0.4508670520231214,-0.15328825389900747,-0.035772712400479856,-0.03618169920383907,0.6,0.4,0.19999999999999996,1,0,0.4222523493469081
0.8987341772151899,1.0731707317073171,0.35443037974683544,0.36585365853658536,-0.17443655449212725,-0.011423278789749913,-0.17104044458166112,0.6,0.4,0.19999999999999996,1,0,0.3984562178400673
1.131578947368421,1.206140350877193,0.3026315789473684,0.4342105263157895,-0.07456140350877205,-0.13157894736842107,0.03508771929824572,0.8,1.0,-0.19999999999999996,1,0,0.41781983322040483
1.4502923976608186,2.011764705882353,0.5847953216374269,0.6705882352941176,-0.5614723082215343,-0.08579291365669073,-0.24038527691778466,1.0,0.6,0.4,0,0,0.33578400167183176
1.21285140562249,1.1333333333333333,0.4779116465863454,0.3851851851851852,0.07951807228915664,0.0927264614011602,0.29308344489067384,0.2,0.2,0.0,0,1,0.5072105817984404
1.6578947368421053,0.9894736842105263,0.5578947368421052,0.4052631578947368,0.668421052631579,0.1526315789473684,0.3157894736842106,0.6,0.8,-0.20000000000000007,1,1,0.64283862301761
1.5776892430278884,1.336405529953917,0.4820717131474104,0.4147465437788018,0.24128371307397134,0.06732516936860855,0.2167550994179961,0.6,0.6,0.0,1,1,0.5466920637082238
1.4268292682926829,1.7804878048780488,0.4695121951219512,0.5182926829268293,-0.35365853658536595,-0.04878048780487809,0.25609756097560976,0.4,1.0,-0.6,1,0,0.3735917122658997
1.3970588235294117,1.3161764705882353,0.47794117647058826,0.4338235294117647,0.0808823529411764,0.04411764705882354,0.051470588235293935,0.4,0.4,0.0,1,0,0.4833453636448343
1.463302752293578,0.9862385321100917,0.5596330275229358,0.3348623853211009,0.47706422018348627,0.22477064220183485,0.09633027522935778,0.8,0.2,0.6000000000000001,1,1,0.6280454972038709
1.0357142857142858,1.619718309859155,0.17857142857142858,0.5633802816901409,-0.5840040241448692,-0.38480885311871227,-0.7847082494969818,0.0,0.2,-0.2,1,0,0.2180980085087677
1.5901639344262295,0.9259259259259259,0.45901639344262296,0.25925925925925924,0.6642380085003036,0.19975713418336372,0.5033394049787494,0.4,0.4,0.0,0,1,0.6742276560973579
1.7419354838709677,1.5053763440860215,0.6666666666666666,0.5913978494623656,0.23655913978494625,0.07526881720430101,-0.010752688172043001,0.6,0.8,-0.20000000000000007,0,1,0.5106815587342804
1.25,2.0377358490566038,0.25,0.6415094339622641,-0.7877358490566038,-0.3915094339622641,-1.0683962264150944,0.2,0.6,-0.39999999999999997,0,0,0.16833191562723412
1.6904761904761905,1.2897196261682242,0.608843537414966,0.4205607476635514,0.40075656430796625,0.1882827897514146,0.6311907940746391,0.8,0.4,0.4,1,1,0.6612358664780469
1.5294117647058822,1.1875,0.5294117647058824,0.125,0.34191176470588225,0.40441176470588236,0.5808823529411764,0.4,0.4,0.0,1,1,0.6361052669162715
1.3503184713375795,1.3375796178343948,0.49044585987261147,0.4267515923566879,0.01273885350318471,0.06369426751592355,0.12101910828025497,0.6,0.6,0.0,1,0,0.4789049107538694
0.631578947368421,1.763157894736842,0.34210526315789475,0.6052631578947368,-1.131578947368421,-0.2631578947368421,-0.052631578947368474,0.2,0.6,-0.39999999999999997,0,0,0.1873760720530848
0.9012345679012346,1.0,0.2716049382716049,0.27906976744186046,-0.09876543209876543,-0.007464829170255538,0.13034740166523107,0.2,0.4,-0.2,0,0,0.4228412593602015
1.8361204013377928,1.1675675675675676,0.6889632107023411,0.42702702702702705,0.6685528337702251,0.26193618367531407,0.5049624875711832,0.6,0.2,0.39999999999999997,1,1,0.7056510346155981
0.8269230769230769,1.0,0.3269230769230769,0.4807692307692308,-0.17307692307692313,-0.15384615384615385,-0.32692307692307687,0.2,0.4,-0.2,0,0,0.3411612448401486
1.1485714285714286,1.1257142857142857,0.41714285714285715,0.37142857142857144,0.02285714285714291,0.04571428571428571,0.05714285714285716,0.4,0.6,-0.19999999999999996,1,0,0.4527844661293834
1.0,1.5,0.16666666666666666,0.16666666666666666,-0.5,0.0,-0.6666666666666667,0.0,0.0,0.0,0,0,0.27874128936034703
1.3846153846153846,1.547008547008547,0.38461538461538464,0.452991452991453,-0.16239316239316248,-0.06837606837606836,-0.16239316239316226,0.4,0.2,0.2,1,0,0.4100963427192243
1.1636363636363636,1.3818181818181818,0.39090909090909093,0.43636363636363634,-0.21818181818181825,-0.045454545454545414,0.17272727272727262,0.6,0.6,0.0,1,0,0.42086741116994847
1.6833976833976834,1.2829457364341086,0.6563706563706564,0.47674418604651164,0.4004519469635748,0.17962647032414475,0.37207805812456973,0.6,0.6,0.0,0,1,0.6081080047593558
0.84,1.2941176470588236,0.2,0.4588235294117647,-0.4541176470588236,-0.2588235294117647,-0.7482352941176471,0.4,0.8,-0.4,1,0,0.23887277712080937
1.0275229357798166,0.971830985915493,0.4036697247706422,0.3380281690140845,0.055691949864323576,0.06564155575655772,0.25209975449024435,0.4,0.2,0.2,1,1,0.5035657960752153
1.543859649122807,1.263157894736842,0.5614035087719298,0.42105263157894735,0.2807017543859649,0.14035087719298245,-0.29824561403508776,0.2,0.4,-0.2,0,0,0.48526667693504166
2.4025974025974026,1.0129870129870129,0.7142857142857143,0.37662337662337664,1.3896103896103897,0.33766233766233766,0.07792207792207795,1.0,0.2,0.8,1,1,0.8190101971449179
1.3529411764705883,1.2352941176470589,0.4117647058823529,0.5,0.11764705882352944,-0.08823529411764708,-0.4117647058823528,0.4,0.4,0.0,1,0,0.42512175726473045
1.1317073170731706,1.4585365853658536,0.4097560975609756,0.5609756097560976,-0.326829268292683,-0.15121951219512203,-0.10731707317073158,0.4,1.0,-0.6,0,0,0.3233973999214636
1.425,1.7317073170731707,0.475,0.5853658536585366,-0.30670731707317067,-0.11036585365853657,-0.426219512195122,0.2,0.4,-0.2,1,0,0.3256161674708244
0.9425675675675675,0.9354838709677419,0.3885135135135135,0.3225806451612903,0.007083696599825662,0.06593286835222317,0.3576721883173495,0.6,0.6,0.0,1,0,0.4928585524946066
1.4059829059829059,1.63135593220339,0.5470085470085471,0.597457627118644,-0.22537302622048405,-0.05044908011009697,-0.047696653628857,0.6,1.0,-0.4,0,0,0.3771167312206114
1.075,1.45,0.4,0.525,-0.375,-0.125,-0.19999999999999996,0.4,0.8,-0.4,0,0,0.3163490746373714
1.0884955752212389,2.119205298013245,0.4690265486725664,0.7549668874172185,-1.0307097227920063,-0.28594033874465213,-0.5790892574576569,0.0,0.6,-0.6,0,0,0.16338137920258025
1.2554744525547445,1.095617529880478,0.41605839416058393,0.38645418326693226,0.15985692267426654,0.029604210893651672,0.07261465088550922,0.4,0.4,0.0,0,0,0.49739479848599666
1.2380952380952381,1.0875,0.5714285714285714,0.4,0.15059523809523823,0.17142857142857137,0.3851190476190476,0.8,0.4,0.4,0,1,0.5688245647878621
1.1176470588235294,0.625,0.29411764705882354,0.1875,0.49264705882352944,0.10661764705882354,0.40441176470588225,0.2,0.6,-0.39999999999999997,0,1,0.5851722275268058
1.6838709677419355,1.075,0.5548387096774193,0.3375,0.6088709677419355,0.2173387096774193,0.11169354838709689,1.0,0.4,0.6,1,1,0.6634784527484802
1.6809815950920246,1.5828220858895705,0.4785276073619632,0.558282208588957,0.09815950920245409,-0.07975460122699385,-0.3926380368098161,0.4,0.8,-0.4,0,0,0.4108854148981715
0.9696969696969697,0.7878787878787878,0.42424242424242425,0.21212121212121213,0.18181818181818188,0.21212121212121213,0.21212121212121215,0.6,0.0,0.6,1,1,0.5635315175183272
1.0980392156862746,1.0503597122302157,0.4019607843137255,0.4172661870503597,0.04767950345605887,-0.015305402736634222,0.17414303851036816,0.8,0.6,0.20000000000000007,1,0,0.4911132823616817
1.2719665271966527,1.4560669456066946,0.47280334728033474,0.5146443514644351,-0.18410041841004188,-0.04184100418410036,0.046025104602510414,0.6,0.8,-0.20000000000000007,0,0,0.4047593443271046
1.1785714285714286,1.7045454545454546,0.3392857142857143,0.5303030303030303,-0.525974025974026,-0.19101731601731597,-0.08928571428571419,0.8,0.6,0.20000000000000007,0,0,0.33219175421292496
0.9230769230769231,1.2307692307692308,0.15384615384615385,0.23076923076923078,-0.3076923076923077,-0.07692307692307693,0.7692307692307689,0.4,0.2,0.2,0,0,0.4725736039454684
2.0782608695652174,1.6608695652173913,0.7565217391304347,0.5304347826086957,0.4173913043478261,0.22608695652173905,0.4434782608695653,1.0,0.8,0.19999999999999996,1,1,0.6490873995880811
1.6904761904761905,1.1785714285714286,0.5714285714285714,0.44047619047619047,0.5119047619047619,0.13095238095238093,0.15476190476190466,0.2,0.2,0.0,1,1,0.6004259891309148
1.565217391304348,1.2608695652173914,0.43478260869565216,0.391304347826087,0.30434782608695654,0.04347826086956519,0.8695652173913044,0.6,0.2,0.39999999999999997,1,1,0.6515637329553509
2.1777777777777776,1.2,0.6444444444444445,0.37777777777777777,0.9777777777777776,0.2666666666666667,0.5555555555555555,1.0,0.4,0.6,1,1,0.781838796523002
1.3010752688172043,1.14,0.5053763440860215,0.4533333333333333,0.16107526881720435,0.05204301075268819,0.07182795698924727,0.6,0.4,0.19999999999999996,1,1,0.513321876865441
0.8978102189781022,1.0434782608695652,0.40875912408759124,0.34782608695652173,-0.14566804189146298,0.06093303713106951,0.1872421453506823,0.8,0.4,0.4,1,0,0.4640953939619519
1.6887966804979253,1.280701754385965,0.5311203319502075,0.42105263157894735,0.4080949261119604,0.11006770037126012,0.1466356069981316,0.2,0.2,0.0,0,1,0.5768926414749372
1.174496644295302,0.8857142857142857,0.5369127516778524,0.37142857142857144,0.2887823585810163,0.1654841802492809,0.08245445829338438,0.8,0.2,0.6000000000000001,0,1,0.5732011505625307
0.9333333333333333,1.0,0.26666666666666666,0.13333333333333333,-0.06666666666666665,0.13333333333333333,-0.06666666666666665,0.6,0.2,0.39999999999999997,1,0,0.4615870136357495
1.024,0.9795918367346939,0.42,0.24489795918367346,0.044408163265306166,0.17510204081632652,0.37167346938775503,0.6,0.0,0.6,1,1,0.5509512879435191
1.1701030927835052,1.1134020618556701,0.4793814432989691,0.4639175257731959,0.05670103092783507,0.015463917525773196,0.020618556701031077,0.6,0.6,0.0,0,0,0.4658087765301602
1.1,1.0571428571428572,0.37142857142857144,0.37142857142857144,0.04285714285714293,0.0,-0.2857142857142858,0.0,0.6,-0.6,0,0,0.3867921007890076
1.1095238095238096,1.2456140350877194,0.49523809523809526,0.3333333333333333,-0.13609022556390982,0.16190476190476194,0.30100250626566405,0.6,0.2,0.39999999999999997,1,0,0.49299192703172756
1.7272727272727273,1.0818181818181818,0.6727272727272727,0.4090909090909091,0.6454545454545455,0.2636363636363636,0.6000000000000001,0.8,0.0,0.8,1,1,0.7285480709823338
2.0,1.8571428571428572,0.25,0.2857142857142857,0.1428571428571428,-0.0357142857142857,-0.8035714285714286,0.0,0.0,0.0,1,0,0.41353324257747975
1.3282442748091603,1.2941176470588236,0.5877862595419847,0.4117647058823529,0.0341266277503367,0.1760215536596318,1.0130220026942072,0.8,0.6,0.20000000000000007,1,1,0.6060853788877247
1.4216867469879517,1.3431372549019607,0.5180722891566265,0.46568627450980393,0.07854949208599105,0.052386014646822576,0.13436097330498464,0.6,0.4,0.19999999999999996,0,1,0.5069307317031075
1.0526315789473684,1.6023391812865497,0.21052631578947367,0.6081871345029239,-0.5497076023391814,-0.39766081871345027,-0.9239766081871346,0.4,0.6,-0.19999999999999996,0,0,0.2139725821798259
1.0495049504950495,1.3663366336633664,0.48514851485148514,0.5148514851485149,-0.3168316831683169,-0.02970297029702973,0.11881188118811892,0.0,0.6,-0.6,1,0,0.3519915050786366
1.1746031746031746,1.5913978494623655,0.42857142857142855,0.6774193548387096,-0.41679467485919086,-0.24884792626728108,-0.7019969278033795,0.6,0.8,-0.20000000000000007,0,0,0.26511586336124404
0.7142857142857143,1.0213903743315509,0.2857142857142857,0.42245989304812837,-0.3071046600458366,-0.13674560733384267,-0.4808250572956456,0.8,0.6,0.20000000000000007,0,0,0.3253169583567198
1.1176470588235294,1.6451612903225807,0.29411764705882354,0.5376344086021505,-0.5275142314990513,-0.24351676154332697,-0.42125237191650844,0.4,0.6,-0.19999999999999996,0,0,0.2713973776590261
1.3385826771653544,1.0318725099601593,0.4763779527559055,0.3944223107569721,0.30671016720519506,0.0819556419989334,-0.08978260187596065,0.4,0.4,0.0,0,1,0.5169977172466287
1.2258064516129032,0.9354838709677419,0.3548387096774194,0.3225806451612903,0.29032258064516137,0.03225806451612906,-0.6451612903225805,0.2,0.6,-0.39999999999999997,0,0,0.41881740962435626
1.1733333333333333,1.275229357798165,0.38666666666666666,0.3761467889908257,-0.1018960244648317,0.01051987767584095,-0.0035474006116207324,0.2,0.8,-0.6000000000000001,1,0,0.3932473417366579
1.5542857142857143,1.2457142857142858,0.4057142857142857,0.41714285714285715,0.3085714285714285,-0.011428571428571455,-0.1942857142857144,0.4,0.0,0.4,0,1,0.528506599308355
0.75,2.239795918367347,0.25,0.8112244897959183,-1.489795918367347,-0.5612244897959183,-1.3571428571428572,0.6,0.8,-0.20000000000000007,0,0,0.0830279404111005
1.4663677130044843,0.863013698630137,0.5291479820627802,0.2328767123287671,0.6033540143743473,0.29627126973401313,0.5252165366422998,0.2,0.0,0.2,1,1,0.6772709460677419
1.0738255033557047,1.1409395973154361,0.4966442953020134,0.4697986577181208,-0.06711409395973145,0.026845637583892634,-0.09395973154362403,0.2,0.4,-0.2,1,0,0.40911256007062174
1.0,1.0,0.2,0.1,0.0,0.1,0.19999999999999973,0.4,0.2,0.2,1,0,0.49267804178223135
1.3666666666666667,0.9916666666666667,0.525,0.4083333333333333,0.375,0.1166666666666667,0.17500000000000004,1.0,0.2,0.8,1,1,0.6161737688950822
1.4653061224489796,1.0244897959183674,0.5918367346938775,0.4163265306122449,0.4408163265306122,0.17551020408163265,0.19183673469387763,0.2,0.4,-0.2,0,1,0.5748509030847969
1.3333333333333333,1.0434782608695652,0.3333333333333333,0.5217391304347826,0.28985507246376807,-0.18840579710144928,-0.16908212560386482,0.0,0.8,-0.8,1,0,0.4288959864789115
1.1515151515151516,1.3431952662721893,0.36363636363636365,0.38461538461538464,-0.19168011475703772,-0.02097902097902099,0.15725300340684956,0.4,0.2,0.2,1,0,0.4368835766825249
1.2258064516129032,1.2903225806451613,0.3548387096774194,0.45161290322580644,-0.06451612903225801,-0.09677419354838707,-0.16129032258064502,0.4,0.2,0.2,1,0,0.42280386047553203
2.3452914798206277,1.0774193548387097,0.7174887892376681,0.27741935483870966,1.267872124981918,0.44006943439895846,1.0323448575148269,1.0,0.4,0.6,1,1,0.8616096481603327
1.1944444444444444,1.1428571428571428,0.49074074074074076,0.5285714285714286,0.051587301587301626,-0.037830687830687826,-0.08386243386243386,0.6,0.8,-0.20000000000000007,1,0,0.43643916401466104
1.0229885057471264,1.0689655172413792,0.367816091954023,0.3793103448275862,-0.04597701149425282,-0.011494252873563204,0.47126436781609193,0.6,0.4,0.19999999999999996,1,1,0.5016862778576657
1.6837606837606838,2.675213675213675,0.5726495726495726,0.8547008547008547,-0.9914529914529913,-0.28205128205128205,-0.5042735042735043,0.8,0.8,0.0,0,0,0.21136868779178888
1.7887323943661972,2.013888888888889,0.5633802816901409,0.75,-0.2251564945226916,-0.18661971830985913,-0.5733568075117371,0.8,0.8,0.0,0,0,0.3445400337254673
1.679245283018868,1.795031055900621,0.6352201257861635,0.6708074534161491,-0.11578577288175307,-0.03558732762998562,0.02445408023750928,1.0,1.0,0.0,0,0,0.44302818101362534
1.5853658536585367,0.9024390243902439,0.6991869918699187,0.36585365853658536,0.6829268292682927,0.33333333333333337,0.2926829268292682,0.6,0.4,0.19999999999999996,1,1,0.6760607453400996
1.6216216216216217,1.8108108108108107,0.6216216216216216,0.5405405405405406,-0.18918918918918903,0.08108108108108103,0.43243243243243246,0.6,0.4,0.19999999999999996,1,0,0.4918707445838332
1.375,0.6842105263157895,0.4642857142857143,0.3684210526315789,0.6907894736842105,0.09586466165413537,-0.04041353383458657,0.4,0.6,-0.19999999999999996,1,1,0.594178774422251
1.3103448275862069,1.0,0.27586206896551724,0.3448275862068966,0.31034482758620685,-0.06896551724137934,-0.13793103448275867,0.4,1.0,-0.6,1,0,0.4647588719237972
1.196078431372549,1.3840579710144927,0.43137254901960786,0.5289855072463768,-0.1879795396419437,-0.09761295822676896,-0.20524296675191822,0.8,0.2,0.6000000000000001,1,0,0.41652952628323425
1.68,1.24,0.56,0.44,0.43999999999999995,0.12000000000000005,0.07999999999999996,0.6,0.6,0.0,1,1,0.5800104938441835
1.1564885496183206,0.8513513513513513,0.42366412213740456,0.33783783783783783,0.3051371982669693,0.08582628429956674,0.10454920569424386,0.2,0.0,0.2,0,1,0.543729426075258
0.6428571428571429,1.5,0.14285714285714285,0.5,-0.8571428571428571,-0.35714285714285715,-0.642857142857143,0.4,0.8,-0.4,1,0,0.18006928864975624
0.9534883720930233,0.6923076923076923,0.27906976744186046,0.23076923076923078,0.261180679785331,0.04830053667262968,0.45796064400715575,0.6,0.4,0.19999999999999996,1,1,0.5704661644127039
1.32,2.32,0.28,0.64,-0.9999999999999998,-0.36,-0.32000000000000006,0.6,0.8,-0.20000000000000007,0,0,0.2054168887642322
1.439252336448598,1.2710280373831775,0.4953271028037383,0.4766355140186916,0.16822429906542058,0.01869158878504673,-0.1168224299065419,0.2,0.8,-0.6000000000000001,0,0,0.4440351506212363
0.8,2.1275720164609053,0.24615384615384617,0.7407407407407407,-1.3275720164609053,-0.49458689458689453,-0.8561570117125672,0.6,0.8,-0.20000000000000007,0,0,0.11912637718201985
1.6266666666666667,1.2666666666666666,0.44,0.30666666666666664,0.3600000000000001,0.13333333333333336,0.0,0.6,0.6,0.0,0,1,0.5563976853365753
1.1272727272727272,0.9575757575757575,0.5212121212121212,0.32727272727272727,0.16969696969696968,0.19393939393939397,0.3030303030303032,0.4,0.0,0.4,1,1,0.5592258599878044
0.6,1.5,0.2,0.2,-0.9,0.0,-0.7,0.4,0.4,0.0,0,0,0.20611029191237912
1.2073170731707317,1.7758007117437722,0.45934959349593496,0.7117437722419929,-0.5684836385730405,-0.25239417874605796,-0.45281080924688244,0.6,1.0,-0.4,0,0,0.25328077311638775
2.425531914893617,1.6595744680851063,0.6170212765957447,0.46808510638297873,0.7659574468085109,0.14893617021276595,0.5106382978723403,0.8,0.4,0.4,1,1,0.7329697265748526
1.7652173913043478,1.7327586206896552,0.7,0.6336206896551724,0.0324587706146926,0.06637931034482758,0.3457271364317841,1.0,0.8,0.19999999999999996,1,1,0.5347431605141346
1.9641255605381165,1.2432432432432432,0.6860986547085202,0.3945945945945946,0.7208823172948733,0.29150406011392554,0.6018422009453399,0.6,0.4,0.19999999999999996,1,1,0.720328802498687
1.1304347826086956,2.4057971014492754,0.37681159420289856,0.6811594202898551,-1.2753623188405798,-0.30434782608695654,-0.34782608695652173,0.2,0.8,-0.6000000000000001,0,0,0.15170094861148467
0.967741935483871,1.6129032258064515,0.41935483870967744,0.5483870967741935,-0.6451612903225805,-0.12903225806451607,-0.16129032258064513,0.4,0.8,-0.4,0,0,0.2688290210801123
1.6203208556149733,0.5882352941176471,0.45454545454545453,0.23529411764705882,1.0320855614973263,0.2192513368983957,0.213903743315508,0.4,0.2,0.2,0,1,0.7245672159571592
1.0945273631840795,1.1349693251533743,0.5024875621890548,0.49079754601226994,-0.04044196196929484,0.011690016176784834,0.12034917437353121,0.0,0.4,-0.4,0,0,0.424096708932743
1.04,1.0,0.3466666666666667,0.3611111111111111,0.040000000000000036,-0.014444444444444426,-0.431111111111111,0.2,0.4,-0.2,1,0,0.39183615876400535
1.2054794520547945,1.5890410958904109,0.4931506849315068,0.4520547945205479,-0.3835616438356164,0.0410958904109589,-0.08219178082191791,0.2,1.0,-0.8,1,0,0.3212685873881957
1.0705882352941176,1.5933014354066986,0.3941176470588235,0.5789473684210527,-0.5227132001125809,-0.18482972136222914,-0.24916971573318314,0.4,0.8,-0.4,1,0,0.2802765228714577
1.1653543307086613,1.0344827586206897,0.3464566929133858,0.39408866995073893,0.13087157208797162,-0.04763197703735311,-0.21915364027772388,0.4,0.2,0.2,0,0,0.46022584397906346
0.9787234042553191,1.279503105590062,0.3617021276595745,0.4161490683229814,-0.30077970133474297,-0.054446940663406884,0.5052200343597197,0.4,0.4,0.0,1,0,0.4323189115261585
0.9433962264150944,0.42857142857142855,0.3333333333333333,0.14285714285714285,0.5148247978436657,0.19047619047619047,-0.9362084456424078,0.6,0.0,0.6,1,1,0.5022209868865788
1.1219512195121952,1.277056277056277,0.3170731707317073,0.5367965367965368,-0.15510505754408177,-0.2197233660648295,-0.5644599303135889,0.4,0.2,0.2,0,0,0.3466017420336568
1.3442622950819672,1.8688524590163935,0.36885245901639346,0.5573770491803278,-0.5245901639344264,-0.18852459016393436,-0.319672131147541,0.6,0.2,0.39999999999999997,1,0,0.3227074886258856
0.6521739130434783,0.717391304347826,0.30434782608695654,0.32608695652173914,-0.06521739130434778,-0.021739130434782594,-0.5652173913043477,0.6,0.2,0.39999999999999997,0,0,0.3807243050083934
1.4320987654320987,1.0,0.4567901234567901,0.0,0.4320987654320987,0.4567901234567901,-0.782716049382716,0.6,0.0,0.6,1,1,0.5438093006476113
1.3055555555555556,1.4,0.4444444444444444,0.496551724137931,-0.09444444444444433,-0.05210727969348661,-0.2928639846743295,0.2,1.0,-0.8,0,0,0.3500608059420055
2.7736842105263158,1.1842105263157894,0.8736842105263158,0.4649122807017544,1.5894736842105264,0.40877192982456145,0.6105263157894736,1.0,0.4,0.6,1,1,0.8746692230102252
1.5149253731343284,0.95,0.4701492537313433,0.35,0.5649253731343284,0.12014925373134333,-0.07014925373134329,0.8,0.2,0.6000000000000001,1,1,0.621131374647666
1.2828947368421053,1.0986842105263157,0.46710526315789475,0.4407894736842105,0.1842105263157896,0.026315789473684237,0.0,0.8,0.0,0.8,1,1,0.5448167682877675
1.6666666666666667,2.0,0.2,0.5903614457831325,-0.33333333333333326,-0.39036144578313253,-0.26345381526104417,0.4,0.4,0.0,0,0,0.33652388293198016
1.3555555555555556,1.5333333333333334,0.6666666666666666,0.4444444444444444,-0.1777777777777778,0.2222222222222222,0.6000000000000001,0.6,0.4,0.19999999999999996,1,1,0.517617423832247
1.0,1.7777777777777777,0.2222222222222222,0.4444444444444444,-0.7777777777777777,-0.2222222222222222,1.1111111111111114,0.0,0.0,0.0,1,0,0.38455431852260846
1.0561797752808988,1.234375,0.4887640449438202,0.375,-0.1781952247191012,0.1137640449438202,0.5417837078651685,0.4,0.2,0.2,0,0,0.4911276406633009
1.2671755725190839,1.1804123711340206,0.4312977099236641,0.4381443298969072,0.08676320138506322,-0.0068466199732430955,-0.09199653734162272,0.4,0.4,0.0,1,0,0.4595252233788435
1.9375,1.0869565217391304,0.6375,0.2391304347826087,0.8505434782608696,0.39836956521739125,0.7043478260869565,0.6,0.0,0.6,1,1,0.7758344803818937
1.1513157894736843,1.368421052631579,0.506578947368421,0.39473684210526316,-0.2171052631578947,0.11184210526315785,0.5921052631578949,0.6,0.4,0.19999999999999996,1,0,0.49333378332832073
0.9433962264150944,1.2300884955752212,0.37735849056603776,0.4424778761061947,-0.2866922691601268,-0.06511938554015695,0.1387543830355653,0.4,0.6,-0.19999999999999996,0,0,0.3809175196548824
1.025,0.8846153846153846,0.275,0.358974358974359,0.14038461538461533,-0.08397435897435895,-0.10320512820512828,0.4,0.4,0.0,0,0,0.45660295798364864
1.15625,1.203125,0.4921875,0.4921875,-0.046875,0.0,-0.0546875,0.2,0.6,-0.39999999999999997,0,0,0.4064164541630272
1.0172413793103448,0.9895833333333334,0.2413793103448276,0.25,0.02765804597701138,-0.008620689655172403,-0.288433908045977,0.6,0.2,0.39999999999999997,1,0,0.4453589157227674
1.1073825503355705,1.1875,0.39932885906040266,0.40625,-0.08011744966442946,-0.006921140939597337,0.18414429530201337,0.0,0.6,-0.6,0,0,0.41222442282447874
1.4029850746268657,0.8793103448275862,0.4925373134328358,0.29310344827586204,0.5236747297992795,0.19943386515697376,0.26968605249613997,0.6,0.2,0.39999999999999997,0,1,0.6397817702516879
1.0736842105263158,1.1789473684210525,0.5052631578947369,0.47368421052631576,-0.10526315789473673,0.031578947368421095,-0.09473684210526312,0.6,0.6,0.0,1,0,0.4167206969366116
1.2688172043010753,0.7222222222222222,0.5268817204301075,0.1111111111111111,0.546594982078853,0.4157706093189964,0.17025089605734767,0.6,0.2,0.39999999999999997,1,1,0.6491716762101633
0.8979591836734694,1.2758620689655173,0.41496598639455784,0.5402298850574713,-0.37790288529204796,-0.12526389866291343,-0.012979904605520343,0.4,0.4,0.0,0,0,0.3499198970169042
0.6363636363636364,1.4973821989528795,0.18181818181818182,0.643979057591623,-0.8610185625892431,-0.46216087577344117,-1.1151832460732984,0.2,0.6,-0.39999999999999997,0,0,0.14307016843949136
1.2903225806451613,1.3870967741935485,0.3548387096774194,0.5483870967741935,-0.09677419354838723,-0.19354838709677413,-0.35483870967741926,0.4,0.6,-0.19999999999999996,1,0,0.36538465857224517
1.3461538461538463,1.7564102564102564,0.34615384615384615,0.5897435897435898,-0.41025641025641013,-0.2435897435897436,-0.846153846153846,0.4,0.8,-0.4,0,0,0.24940865011337857
1.03125,1.71875,0.4296875,0.53125,-0.6875,-0.1015625,0.1953125,0.2,0.6,-0.39999999999999997,1,0,0.29686850785469404
1.1578947368421053,0.8461538461538461,0.41228070175438597,0.28846153846153844,0.31174089068825916,0.12381916329284753,0.3852901484480431,0.4,0.6,-0.19999999999999996,0,1,0.5595721113147729
1.05,0.85,0.35,0.25,0.20000000000000007,0.09999999999999998,0.07500000000000018,0.8,0.2,0.6000000000000001,0,1,0.5468102746163322
1.4044117647058822,1.5255474452554745,0.45588235294117646,0.5109489051094891,-0.12113568054959223,-0.05506655216831263,0.0187848862172606,0.6,0.6,0.0,0,0,0.4297347820872948
0.7857142857142857,2.0,0.21428571428571427,0.35714285714285715,-1.2142857142857144,-0.14285714285714288,-0.7142857142857144,0.2,0.6,-0.39999999999999997,0,0,0.14705311475936794
1.1428571428571428,1.2207792207792207,0.35064935064935066,0.4675324675324675,-0.07792207792207795,-0.11688311688311687,-0.4675324675324677,0.2,0.4,-0.2,0,0,0.357950741169488
1.805668016194332,1.757085020242915,0.6437246963562753,0.5910931174089069,0.04858299595141702,0.05263157894736836,0.052631578947368585,1.0,0.8,0.19999999999999996,1,1,0.5059532064957919
1.0166666666666666,1.1325301204819278,0.31666666666666665,0.41767068273092367,-0.1158634538152612,-0.10100401606425702,-0.2502008032128513,0.4,0.4,0.0,1,0,0.3845222275582641
1.2017543859649122,1.605263157894737,0.39473684210526316,0.5460526315789473,-0.4035087719298247,-0.15131578947368418,-0.7061403508771931,0.6,0.4,0.19999999999999996,1,0,0.2954297385136641
0.9685863874345549,0.9108910891089109,0.39267015706806285,0.32673267326732675,0.05769529832564402,0.06593748380073611,0.2943859831009279,0.6,0.0,0.6,0,1,0.532541641424394
1.341317365269461,1.4431137724550898,0.49700598802395207,0.48502994011976047,-0.10179640718562877,0.0119760479041916,0.13772455089820368,0.2,0.2,0.0,1,0,0.44700252445190697
1.0,1.3666666666666667,0.2,0.36666666666666664,-0.3666666666666667,-0.16666666666666663,-0.09999999999999987,0.0,0.2,-0.2,1,0,0.3324830192624643
1.0073529411764706,1.3103448275862069,0.35294117647058826,0.5057471264367817,-0.3029918864097363,-0.1528059499661934,-0.2131507775524002,0.6,0.4,0.19999999999999996,1,0,0.35827041588860153
2.0268456375838926,1.3423423423423424,0.6845637583892618,0.42342342342342343,0.6845032952415502,0.2611403349658383,0.6003990567748957,1.0,0.8,0.19999999999999996,0,1,0.7164176434737529
0.9693877551020408,1.153061224489796,0.3877551020408163,0.40816326530612246,-0.1836734693877552,-0.020408163265306145,0.20408163265306123,0.6,0.8,-0.20000000000000007,0,0,0.41595160586155727
1.0579710144927537,1.2173913043478262,0.37681159420289856,0.4057971014492754,-0.1594202898550725,-0.02898550724637683,-0.10144927536231862,0.6,0.6,0.0,0,0,0.40097853202108974
1.2834645669291338,0.7307692307692307,0.4763779527559055,0.19230769230769232,0.5526953361599031,0.28407026044821315,0.1832222895215021,0.4,0.0,0.4,1,1,0.638998112504104
0.9875,1.0125,0.425,0.3625,-0.02499999999999991,0.0625,-0.07500000000000018,0.4,0.0,0.4,1,0,0.45880520781962053
2.0,1.1320754716981132,0.6761904761904762,0.36792452830188677,0.8679245283018868,0.30826594788858946,0.5469901168014377,0.8,0.0,0.8,0,1,0.7699525925564361
1.1586715867158672,1.1759656652360515,0.42066420664206644,0.39914163090128757,-0.017294078520184275,0.02152257574077887,0.10406537541770255,0.0,0.2,-0.2,0,0,0.44358410056049735
1.1693548387096775,1.3629032258064515,0.3790322580645161,0.46774193548387094,-0.19354838709677402,-0.08870967741935482,-0.2661290322580645,0.0,0.6,-0.6,0,0,0.33629224472985486
1.3644859813084111,1.102803738317757,0.602803738317757,0.4205607476635514,0.26168224299065423,0.18224299065420563,0.28037383177570097,0.6,0.2,0.39999999999999997,0,1,0.5829957010344577
1.6885245901639345,1.1475409836065573,0.5245901639344263,0.32786885245901637,0.5409836065573772,0.1967213114754099,0.24590163934426235,0.6,0.2,0.39999999999999997,1,1,0.6489288940301511
1.7555555555555555,1.1111111111111112,0.6222222222222222,0.4444444444444444,0.6444444444444444,0.1777777777777778,0.24444444444444446,0.6,0.6,0.0,0,1,0.6457576762939383
1.9155555555555555,1.2620320855614973,0.6488888888888888,0.42780748663101603,0.6535234699940582,0.22108140225787282,0.4432323232323232,0.4,0.0,0.4,1,1,0.6949359198047282
0.8865979381443299,1.386046511627907,0.25773195876288657,0.4883720930232558,-0.4994485734835772,-0.23064013426036922,-0.11220330855909855,0.4,0.4,0.0,0,0,0.31017505072023044
1.1454545454545455,1.0588235294117647,0.4727272727272727,0.29411764705882354,0.08663101604278078,0.17860962566844918,0.22994652406417115,0.4,0.8,-0.4,0,0,0.48643755771635927
1.4,1.6,0.4,0.5,-0.20000000000000018,-0.09999999999999998,-0.15000000000000013,0.6,0.8,-0.20000000000000007,1,0,0.38025902763261354
1.1419354838709677,1.088,0.4645161290322581,0.44,0.05393548387096758,0.024516129032258083,0.13806451612903237,0.4,0.2,0.2,0,0,0.488668514315168
1.1238095238095238,0.8571428571428571,0.3904761904761905,0.34285714285714286,0.2666666666666667,0.047619047619047616,0.1523809523809525,0.0,0.2,-0.2,1,1,0.5112222531033229
1.1126760563380282,0.9577464788732394,0.4225352112676056,0.29577464788732394,0.15492957746478886,0.1267605633802817,0.16901408450704225,0.8,0.4,0.4,0,1,0.5396273790744089
1.160621761658031,1.3471502590673574,0.47668393782383417,0.5751295336787565,-0.18652849740932642,-0.09844559585492235,-0.16580310880829008,0.6,0.6,0.0,1,0,0.3831066537963459
1.0377358490566038,1.5402298850574712,0.3584905660377358,0.5172413793103449,-0.5024940360008674,-0.15875081327260904,-0.32704402515723285,0.6,0.6,0.0,1,0,0.2994069725068246
1.0895522388059702,0.9242424242424242,0.34328358208955223,0.3484848484848485,0.165309814563546,-0.005201266395296278,-0.11216644052464941,0.6,0.2,0.39999999999999997,1,0,0.49519767274213256
1.4714285714285715,1.0142857142857142,0.4857142857142857,0.4,0.4571428571428573,0.08571428571428569,-0.18571428571428572,0.8,0.4,0.4,1,1,0.5698804058885955
1.3049645390070923,1.4666666666666666,0.41843971631205673,0.5555555555555556,-0.16170212765957426,-0.13711583924349885,-0.10295508274231668,0.2,0.4,-0.2,0,0,0.38219232718821916
1.044776119402985,0.9701492537313433,0.3582089552238806,0.29850746268656714,0.07462686567164167,0.05970149253731344,0.11940298507462699,0.2,0.6,-0.39999999999999997,1,0,0.45614336692464325
1.4594594594594594,0.88,0.4864864864864865,0.4,0.5794594594594594,0.08648648648648649,-0.37945945945945936,0.8,0.4,0.4,0,1,0.5732904075162275
1.0634920634920635,1.7793103448275862,0.4087301587301587,0.7206896551724138,-0.7158182813355227,-0.31195949644225507,-0.4885057471264367,0.4,1.0,-0.6,0,0,0.21117592382524342
1.6978417266187051,1.7122302158273381,0.48201438848920863,0.5323741007194245,-0.014388489208633004,-0.05035971223021585,-0.12949640287769792,0.2,0.4,-0.2,0,0,0.42990314321734124
1.2037735849056603,1.5841584158415842,0.4,0.6072607260726073,-0.3803848309359239,-0.20726072607260726,-0.42366274363285394,0.8,0.6,0.20000000000000007,1,0,0.3239439450217766
1.4338983050847458,1.0857142857142856,0.5288135593220339,0.38095238095238093,0.3481840193704602,0.14786117836965296,0.16400322841000792,0.4,0.6,-0.19999999999999996,0,1,0.55177032861818
1.4406779661016949,0.8,0.4661016949152542,0.1,0.6406779661016948,0.36610169491525424,1.2016949152542373,0.6,0.2,0.39999999999999997,1,1,0.7640918559778366
1.236842105263158,1.2105263157894737,0.39473684210526316,0.42105263157894735,0.026315789473684292,-0.02631578947368418,-0.3421052631578947,0.4,0.8,-0.4,1,0,0.39381484479296924
1.1666666666666667,0.6666666666666666,0.0,0.0,0.5000000000000001,0.0,-0.5,0.0,0.0,0.0,1,1,0.5029620354198727
1.145945945945946,0.8210526315789474,0.42702702702702705,0.35789473684210527,0.32489331436699864,0.06913229018492179,-0.022190611664295812,0.2,0.8,-0.6000000000000001,1,0,0.4842274596871081
0.9083333333333333,2.223809523809524,0.3333333333333333,0.780952380952381,-1.3154761904761907,-0.44761904761904764,-0.7404761904761904,0.2,0.6,-0.39999999999999997,0,0,0.12200466810043592
1.0227272727272727,1.451219512195122,0.38636363636363635,0.5365853658536586,-0.4284922394678492,-0.15022172949002222,-0.11585365853658547,0.4,0.2,0.2,0,0,0.34242860728634567
1.0,1.0,0.3,0.4,0.0,-0.10000000000000003,-0.5,0.4,0.4,0.0,1,0,0.3806867371875872
1.1440677966101696,1.2881355932203389,0.3983050847457627,0.4576271186440678,-0.14406779661016933,-0.05932203389830509,0.09322033898305082,0.2,0.4,-0.2,0,0,0.4098480129082522
1.0909090909090908,2.272727272727273,0.48484848484848486,0.696969696969697,-1.181818181818182,-0.21212121212121215,-0.09090909090909094,0.8,1.0,-0.19999999999999996,0,0,0.200451987190232
1.1041666666666667,0.9693877551020408,0.4444444444444444,0.41836734693877553,0.13477891156462596,0.02607709750566889,0.11904761904761907,0.4,0.4,0.0,0,0,0.49112292412628966
1.1524163568773234,1.2602230483271375,0.41263940520446096,0.45724907063197023,-0.10780669144981414,-0.04460966542750927,-0.08550185873605964,0.0,0.0,0.0,1,0,0.40850440156829665
1.0701754385964912,1.0921052631578947,0.38596491228070173,0.32894736842105265,-0.021929824561403466,0.05701754385964908,0.01754385964912286,0.8,0.4,0.4,0,0,0.4770417708148646
1.1690140845070423,1.295774647887324,0.3732394366197183,0.4507042253521127,-0.12676056338028174,-0.07746478873239437,-0.04929577464788726,0.2,0.6,-0.39999999999999997,0,0,0.3860368567373518
1.141304347826087,1.793859649122807,0.29347826086956524,0.5394736842105263,-0.65255530129672,-0.24599542334096108,-0.35526315789473695,0.4,0.8,-0.4,1,0,0.2481685773560857
1.2,0.95,0.5333333333333333,0.4666666666666667,0.25,0.06666666666666665,-0.10000000000000009,0.8,0.4,0.4,0,1,0.5236974126429488
1.1785714285714286,1.125,0.39285714285714285,0.4519230769230769,0.0535714285714286,-0.05906593406593408,-0.11126373626373631,0.8,0.2,0.6000000000000001,0,0,0.48190165019121495
0.9846153846153847,1.5333333333333334,0.4307692307692308,0.6470588235294118,-0.5487179487179488,-0.216289592760181,-0.2892911010558069,0.6,0.6,0.0,0,0,0.287151849749919
1.2702702702702702,1.3466666666666667,0.43243243243243246,0.5333333333333333,-0.0763963963963965,-0.10090090090090087,-0.21765765765765765,0.4,0.0,0.4,1,0,0.42507333462982727
1.7,1.4625,0.625,0.5375,0.23750000000000004,0.08750000000000002,0.3375,0.6,0.4,0.19999999999999996,1,1,0.5743613740320184
0.9848484848484849,0.75,0.36363636363636365,0.3888888888888889,0.23484848484848486,-0.02525252525252525,-0.101010101010101,0.6,0.8,-0.20000000000000007,1,0,0.4697299251426328
1.1944444444444444,1.1477272727272727,0.3888888888888889,0.4090909090909091,0.04671717171717171,-0.02020202020202022,-0.2234848484848484,0.2,0.2,0.0,0,0,0.4313798340056968
1.1264367816091954,1.0204081632653061,0.39080459770114945,0.32653061224489793,0.10602861834388921,0.06427398545625151,0.24935491437954482,0.4,0.4,0.0,0,1,0.5057285656096313
1.457142857142857,1.0555555555555556,0.4,0.4166666666666667,0.4015873015873015,-0.016666666666666663,0.023809523809523947,0.2,0.4,-0.2,1,1,0.5319686350520293
1.2466960352422907,1.1239669421487604,0.47577092511013214,0.36363636363636365,0.1227290930935303,0.11213456147376849,0.5456365820803146,0.4,0.6,-0.19999999999999996,0,1,0.5385322926781658
1.0169491525423728,1.1440677966101696,0.4067796610169492,0.3813559322033898,-0.12711864406779672,0.025423728813559365,-0.0847457627118644,0.2,0.0,0.2,0,0,0.42045890984170126
0.9649122807017544,1.271255060728745,0.3508771929824561,0.4574898785425101,-0.30634278002699056,-0.10661268556005399,-0.05308142150247419,0.2,0.4,-0.2,0,0,0.35215568274445036
1.3366336633663367,1.3037037037037038,0.504950495049505,0.4,0.0329299596626329,0.10495049504950493,0.28573524019068564,0.6,0.4,0.19999999999999996,0,1,0.5172163433396101
1.4754716981132074,1.0964467005076142,0.41132075471698115,0.38071065989847713,0.3790249976055933,0.03061009481850402,-0.05815534910449194,0.6,0.4,0.19999999999999996,0,1,0.550465964725808
1.0292682926829269,2.707317073170732,0.3951219512195122,0.7902439024390244,-1.678048780487805,-0.3951219512195122,-0.31219512195121957,0.4,1.0,-0.6,0,0,0.1098840530890971
0.8,2.0,0.26666666666666666,0.6333333333333333,-1.2,-0.36666666666666664,-0.6333333333333334,0.4,0.6,-0.19999999999999996,0,0,0.14831687477112462
1.3036649214659686,0.8048780487804879,0.4712041884816754,0.2682926829268293,0.4987868726854807,0.2029115055548461,0.13165623802834903,0.4,0.2,0.2,0,1,0.6045658096374118
1.3150684931506849,1.8356164383561644,0.3972602739726027,0.7671232876712328,-0.5205479452054795,-0.3698630136986301,-0.7534246575342466,0.4,0.8,-0.4,0,0,0.2290894474627176
1.2024793388429753,1.5909090909090908,0.5041322314049587,0.5991735537190083,-0.3884297520661155,-0.0950413223140496,-0.0826446280991735,0.8,1.0,-0.19999999999999996,1,0,0.3442958093510291
1.7083333333333333,1.15,0.6388888888888888,0.4,0.5583333333333333,0.23888888888888882,0.2965277777777777,0.6,0.6,0.0,1,1,0.6383342783393611
1.0846153846153845,0.9444444444444444,0.4230769230769231,0.25925925925925924,0.14017094017094012,0.16381766381766383,0.3561253561253561,0.2,0.0,0.2,0,1,0.5429372654031189
2.046511627906977,0.875,0.7790697674418605,0.3333333333333333,1.1715116279069768,0.4457364341085272,0.7558139534883721,0.8,0.2,0.6000000000000001,1,1,0.8275056149491666
1.1818181818181819,0.9090909090909091,0.18181818181818182,0.18181818181818182,0.2727272727272728,0.0,0.0,0.4,0.4,0.0,0,1,0.5124241892493505
1.5238095238095237,1.0350877192982457,0.6394557823129252,0.2982456140350877,0.488721804511278,0.3412101682778375,0.668814894378804,0.8,0.2,0.6000000000000001,0,1,0.6994341670827277
1.0909090909090908,1.2217573221757323,0.09090909090909091,0.40585774058577406,-0.13084823126664147,-0.3149486496766831,-0.5960441232407758,0.0,0.2,-0.2,0,0,0.31818795718318904
1.3076923076923077,0.6153846153846154,0.46153846153846156,0.23076923076923078,0.6923076923076923,0.23076923076923078,0.4615384615384617,0.6,0.0,0.6,1,1,0.7015208928768532
1.1355932203389831,1.0608108108108107,0.4491525423728814,0.3918918918918919,0.07478240952817239,0.057260650480989495,-0.05164910673385248,0.4,0.2,0.2,0,0,0.4749065127841266
1.6040955631399318,1.7064846416382253,0.5802047781569966,0.6416382252559727,-0.10238907849829348,-0.061433447098976135,-0.12627986348122877,0.6,0.8,-0.20000000000000007,0,0,0.4095757847987505
0.7547169811320755,0.8260869565217391,0.3584905660377358,0.30434782608695654,-0.07136997538966361,0.054142739950779284,0.39704675963904834,0.4,0.4,0.0,0,0,0.47162913223958125
1.5317073170731708,1.7024390243902439,0.5853658536585366,0.5756097560975609,-0.1707317073170731,0.009756097560975618,-0.13658536585365844,0.4,0.8,-0.4,0,0,0.38582145321694056
1.0,1.7341772151898733,0.3181818181818182,0.5949367088607594,-0.7341772151898733,-0.27675489067894127,-0.35040276179516683,0.4,0.6,-0.19999999999999996,1,0,0.23816943004783
1.4063604240282686,1.7765957446808511,0.5053003533568905,0.7127659574468085,-0.3702353206525826,-0.207465604089918,-0.44215973736310554,0.4,1.0,-0.6,0,0,0.2848042033947536
1.0714285714285714,1.1846846846846846,0.45714285714285713,0.3963963963963964,-0.11325611325611318,0.06074646074646073,0.28558558558558556,0.8,0.2,0.6000000000000001,0,0,0.4989619644067131
1.6045197740112995,1.2598870056497176,0.6045197740112994,0.4519774011299435,0.34463276836158196,0.15254237288135591,0.2429378531073445,0.4,0.6,-0.19999999999999996,1,1,0.5646871367998634
1.8571428571428572,1.5714285714285714,0.14285714285714285,0.2857142857142857,0.2857142857142858,-0.14285714285714285,-0.1428571428571429,0.0,0.0,0.0,1,1,0.5047336122080948
1.0273972602739727,0.6153846153846154,0.3835616438356164,0.15384615384615385,0.4120126448893573,0.22971548998946256,-0.05900948366701808,0.4,0.2,0.2,0,1,0.5605925926907164
1.1923076923076923,1.5290697674418605,0.38461538461538464,0.6395348837209303,-0.3367620751341682,-0.2549194991055456,-0.5670840787119857,0.4,0.6,-0.19999999999999996,1,0,0.29025821759155285
1.037037037037037,2.123456790123457,0.4691358024691358,0.7777777777777778,-1.08641975308642,-0.308641975308642,-0.4691358024691358,0.6,1.0,-0.4,0,0,0.17135685703895653
1.5384615384615385,1.3471074380165289,0.23076923076923078,0.371900826446281,0.19135410044500967,-0.1411315956770502,-0.14939605848696758,0.4,0.6,-0.19999999999999996,1,0,0.4633372812447481
1.0,0.9583333333333334,0.4027777777777778,0.3333333333333333,0.04166666666666663,0.06944444444444448,0.25,0.6,0.2,0.39999999999999997,0,1,0.5135587838682392
1.6084656084656084,2.0317460317460316,0.4497354497354497,0.6825396825396826,-0.42328042328042326,-0.23280423280423285,-0.656084656084656,0.2,0.4,-0.2,0,0,0.278000589655755
1.0112359550561798,1.0561797752808988,0.4606741573033708,0.3707865168539326,-0.04494382022471899,0.0898876404494382,0.4606741573033708,0.8,0.2,0.6000000000000001,1,1,0.534206377047797
1.367816091954023,1.1642512077294687,0.5057471264367817,0.4396135265700483,0.20356488422455432,0.06613359986673334,0.1407629518574045,0.2,0.6,-0.39999999999999997,1,0,0.49465259162530756
2.3825136612021858,1.8021978021978022,0.7103825136612022,0.5164835164835165,0.5803158590043835,0.19389899717768566,0.6763345943673811,0.2,0.4,-0.2,0,1,0.6828928627738879
0.5714285714285714,1.2042553191489362,0.14285714285714285,0.4595744680851064,-0.6328267477203648,-0.31671732522796353,-0.12218844984802435,0.0,0.4,-0.4,1,0,0.25034128616051243
1.5,1.5862068965517242,0.4482758620689655,0.5172413793103449,-0.0862068965517242,-0.06896551724137934,0.0,0.6,0.4,0.19999999999999996,1,0,0.44859400560512225
0.9299363057324841,1.3070866141732282,0.39490445859872614,0.5039370078740157,-0.37715030844074415,-0.1090325492752896,-0.2145042379256732,0.4,0.6,-0.19999999999999996,1,0,0.3218749462747222
1.1472868217054264,1.310077519379845,0.4108527131782946,0.5116279069767442,-0.16279069767441867,-0.10077519379844962,-0.18604651162790686,0.8,0.6,0.20000000000000007,1,0,0.39947865269214583
1.033112582781457,1.027027027027027,0.4966887417218543,0.32432432432432434,0.006085555754429928,0.17236441739752995,0.7810989797744765,0.4,0.2,0.2,0,1,0.5622685875010024
1.680672268907563,1.1428571428571428,0.6722689075630253,0.46218487394957986,0.5378151260504203,0.2100840336134454,0.24369747899159666,0.8,0.6,0.20000000000000007,0,1,0.6371822865985007
1.40625,1.0625,0.46875,0.375,0.34375,0.09375,-0.03125,0.4,0.4,0.0,0,1,0.5352260704380798
1.1691542288557213,1.2183908045977012,0.48756218905472637,0.3793103448275862,-0.04923657574197993,0.10825184422714018,0.0861211185452051,0.4,0.2,0.2,0,0,0.46991085867439203
2.2857142857142856,1.5714285714285714,0.2857142857142857,0.2857142857142857,0.7142857142857142,0.0,-0.4285714285714287,0.0,0.0,0.0,0,1,0.5886964604876413
1.207171314741036,1.5179282868525896,0.47410358565737054,0.6334661354581673,-0.31075697211155373,-0.15936254980079678,-0.15537848605577698,0.2,0.6,-0.39999999999999997,0,0,0.3306059608326255
1.7428571428571429,1.1714285714285715,0.5142857142857142,0.42857142857142855,0.5714285714285714,0.08571428571428569,-0.5142857142857142,0.4,0.4,0.0,1,1,0.5383491913592123
1.1904761904761905,1.492063492063492,0.4444444444444444,0.4603174603174603,-0.3015873015873016,-0.015873015873015872,0.11111111111111116,0.0,0.6,-0.6,0,0,0.36076596141332046
1.5384615384615385,1.1153846153846154,0.4230769230769231,0.34615384615384615,0.42307692307692313,0.07692307692307693,0.1923076923076923,0.6,0.2,0.39999999999999997,1,1,0.605473489227189
1.7228915662650603,1.3975903614457832,0.6024096385542169,0.4457831325301205,0.32530120481927716,0.15662650602409645,0.27108433734939763,0.8,1.0,-0.19999999999999996,1,1,0.5721926629229486
1.0,1.2452830188679245,0.4,0.41509433962264153,-0.24528301886792447,-0.015094339622641506,0.34842767295597477,0.8,0.6,0.20000000000000007,1,0,0.44568625715698096
0.9130434782608695,1.391304347826087,0.3695652173913043,0.4782608695652174,-0.4782608695652174,-0.10869565217391308,-0.28260869565217406,0.2,0.6,-0.39999999999999997,0,0,0.28551773957446824
1.2049180327868851,1.25,0.39344262295081966,0.375,-0.04508196721311486,0.018442622950819665,-0.6844262295081966,0.4,0.0,0.4,1,0,0.39042226188956713
0.9655172413793104,1.5799086757990868,0.41379310344827586,0.5844748858447488,-0.6143914344197764,-0.17068178239647297,0.02031176192725548,0.6,0.6,0.0,0,0,0.30871302817835705
1.1085271317829457,1.2264150943396226,0.3953488372093023,0.32075471698113206,-0.11788796255667688,0.07459412022817025,0.2528886938715811,0.6,0.6,0.0,0,0,0.46098994606361304
1.1515151515151516,0.8333333333333334,0.42045454545454547,0.2777777777777778,0.31818181818181823,0.14267676767676768,0.05303030303030298,0.0,0.0,0.0,0,1,0.5326304326556929
0.9534883720930233,1.2352941176470589,0.37209302325581395,0.3865546218487395,-0.2818057455540356,-0.014461598592925562,-0.0844244674614032,0.8,1.0,-0.19999999999999996,0,0,0.36700481706120025
1.5853658536585367,1.2532751091703056,0.4634146341463415,0.47161572052401746,0.33209074448823106,-0.00820108637767597,-0.29428054105868573,0.6,0.6,0.0,0,1,0.5006761221357384
1.3525179856115108,1.920863309352518,0.460431654676259,0.6834532374100719,-0.5683453237410072,-0.2230215827338129,-0.539568345323741,0.0,1.0,-1.0,1,0,0.2220675666448735
1.3714285714285714,1.1603773584905661,0.44285714285714284,0.39622641509433965,0.21105121293800533,0.04663072776280319,-0.18315363881401625,0.6,0.4,0.19999999999999996,1,0,0.49804772970182376
1.05,1.865979381443299,0.35,0.6907216494845361,-0.815979381443299,-0.3407216494845361,-0.4554982817869415,0.2,0.8,-0.6000000000000001,0,0,0.1971244233263259
1.1578947368421053,0.9473684210526315,0.3684210526315789,0.15789473684210525,0.21052631578947378,0.21052631578947367,0.42105263157894735,0.4,0.4,0.0,0,1,0.5637179020147266
1.1443298969072164,2.248995983935743,0.41237113402061853,0.7751004016064257,-1.1046660870285265,-0.36272926758580715,-0.8263155715646089,0.4,0.6,-0.19999999999999996,0,0,0.15216788168065357
1.256578947368421,1.4035087719298245,0.3618421052631579,0.5350877192982456,-0.14692982456140347,-0.1732456140350877,-0.36403508771929816,0.2,0.6,-0.39999999999999997,0,0,0.342784185503825
1.626865671641791,1.3830845771144278,0.582089552238806,0.44776119402985076,0.2437810945273633,0.13432835820895522,0.26865671641791056,0.8,0.4,0.4,0,1,0.5844876263164667
1.3666666666666667,1.1666666666666667,0.5333333333333333,0.5333333333333333,0.19999999999999996,0.0,-0.033333333333333326,0.6,0.6,0.0,1,0,0.4941501032267908
1.5813953488372092,1.2727272727272727,0.46511627906976744,0.4772727272727273,0.3086680761099365,-0.012156448202959858,0.0184989429175475,0.6,0.8,-0.20000000000000007,1,1,0.5190347034549068
1.0666666666666667,1.0419161676646707,0.13333333333333333,0.4251497005988024,0.024750499001995996,-0.2918163672654691,-0.8638722554890219,0.0,1.0,-1.0,0,0,0.2811782643217316
1.53475935828877,1.481283422459893,0.42780748663101603,0.47058823529411764,0.053475935828877,-0.04278074866310161,-0.22459893048128343,0.6,1.0,-0.4,0,0,0.42199202171661865
1.0615384615384615,1.7027027027027026,0.43846153846153846,0.6640926640926641,-0.6411642411642411,-0.22563112563112564,-0.3002524502524503,0.4,0.8,-0.4,0,0,0.25185742645900655
1.2983870967741935,1.5483870967741935,0.45161290322580644,0.532258064516129,-0.25,-0.08064516129032256,-0.153225806451613,0.4,0.6,-0.19999999999999996,0,0,0.36565375333076766
0.9090909090909091,0.9225352112676056,0.3181818181818182,0.36619718309859156,-0.013444302176696565,-0.048015364916773384,-0.12676056338028174,0.4,0.2,0.2,1,0,0.4320885454380888
1.4354066985645932,1.263157894736842,0.5023923444976076,0.4688995215311005,0.1722488038277512,0.03349282296650713,-0.08133971291866016,0.6,0.6,0.0,0,0,0.4892689821763842
1.088235294117647,1.109375,0.4117647058823529,0.375,-0.021139705882353033,0.03676470588235292,-0.05422794117647056,0.4,0.6,-0.19999999999999996,1,0,0.4281768116002434
1.8041237113402062,1.2938144329896908,0.520618556701031,0.42783505154639173,0.5103092783505154,0.09278350515463923,-0.1391752577319587,0.4,0.6,-0.19999999999999996,0,1,0.5589445898242048
2.032258064516129,1.3870967741935485,0.5483870967741935,0.41935483870967744,0.6451612903225805,0.12903225806451607,0.29032258064516125,1.0,0.4,0.6,1,1,0.6908971550001818
1.225,0.975609756097561,0.4,0.24390243902439024,0.24939024390243913,0.15609756097560978,0.31280487804878043,0.6,0.2,0.39999999999999997,0,1,0.5809016061280895
2.026315789473684,0.9736842105263158,0.7105263157894737,0.39473684210526316,1.0526315789473681,0.3157894736842105,0.6315789473684211,1.0,0.8,0.19999999999999996,1,1,0.7813655291523404
1.28,1.7428571428571429,0.3942857142857143,0.6,-0.46285714285714286,-0.20571428571428568,-0.38857142857142857,0.2,0.4,-0.2,0,0,0.28988863637010887
1.1290322580645162,1.1721311475409837,0.46774193548387094,0.5081967213114754,-0.04309888947646745,-0.04045478582760448,0.06530936012691702,0.6,0.2,0.39999999999999997,1,0,0.4664077151094277
0.8235294117647058,1.614213197969543,0.23529411764705882,0.6446700507614214,-0.7906837862048373,-0.40937593311436254,-0.8286055538966856,0.4,0.6,-0.19999999999999996,1,0,0.1822619318477146
1.7027027027027026,1.135135135135135,0.5945945945945946,0.5945945945945946,0.5675675675675675,0.0,-0.1351351351351351,0.6,0.8,-0.20000000000000007,1,1,0.5589107388628847
1.8227848101265822,1.5569620253164558,0.6708860759493671,0.5443037974683544,0.26582278481012644,0.12658227848101267,0.430379746835443,0.8,0.4,0.4,1,1,0.6107535779565316
1.8783783783783783,2.168918918918919,0.6216216216216216,0.7837837837837838,-0.29054054054054057,-0.16216216216216217,-0.4797297297297297,0.4,0.8,-0.4,0,0,0.3211705712286865
1.09009009009009,1.0196078431372548,0.5045045045045045,0.29411764705882354,0.07048224695283523,0.21038685744568092,0.32326444091149975,0.2,0.6,-0.39999999999999997,0,0,0.4923389877409582
1.4228571428571428,1.0934579439252337,0.49714285714285716,0.3644859813084112,0.32939919893190917,0.13265687583444596,0.3933778371161549,0.6,0.8,-0.20000000000000007,1,1,0.574306107978938
2.2233009708737863,1.3837209302325582,0.8155339805825242,0.5116279069767442,0.8395800406412282,0.30390607360578004,0.6296003612553623,1.0,0.2,0.8,1,1,0.77681233008794
1.2881355932203389,1.0508474576271187,0.3898305084745763,0.3728813559322034,0.23728813559322015,0.01694915254237289,0.033898305084745894,0.4,0.4,0.0,0,1,0.509809307207285
1.0115606936416186,2.0,0.4161849710982659,0.6686046511627907,-0.9884393063583814,-0.25241968006452475,-0.39944885065196933,0.4,0.8,-0.4,0,0,0.19078199131267573
1.5539568345323742,1.1151079136690647,0.6187050359712231,0.43884892086330934,0.4388489208633095,0.17985611510791372,0.2517985611510791,0.4,0.4,0.0,0,1,0.5973285810738159
1.5574468085106383,1.1219512195121952,0.6340425531914894,0.424390243902439,0.4354955889984431,0.20965230928905038,0.5179034769071094,0.4,0.8,-0.4,1,1,0.6058872253287627
1.7418032786885247,1.3647540983606556,0.5614754098360656,0.4180327868852459,0.37704918032786905,0.14344262295081966,0.2622950819672132,0.8,0.0,0.8,0,1,0.6381613834220466
1.2179487179487178,1.3632478632478633,0.5042735042735043,0.5811965811965812,-0.14529914529914545,-0.07692307692307698,-0.1068376068376069,0.6,0.6,0.0,0,0,0.4013221597617255
1.3181818181818181,1.1363636363636365,0.36363636363636365,0.36363636363636365,0.18181818181818166,0.0,0.40909090909090895,0.4,0.4,0.0,1,1,0.5406617191116588
1.7209302325581395,2.302325581395349,0.6046511627906976,0.7209302325581395,-0.5813953488372094,-0.11627906976744184,-0.19767441860465118,0.4,0.8,-0.4,1,0,0.2956144858174829
1.076271186440678,1.0168067226890756,0.4067796610169492,0.3445378151260504,0.059464463751602414,0.06224184589089876,0.09001566728386279,0.4,0.4,0.0,1,0,0.4753699781163124
1.2471264367816093,1.2816091954022988,0.41954022988505746,0.39080459770114945,-0.0344827586206895,0.02873563218390801,0.011494252873563093,0.2,0.0,0.2,0,0,0.458636699883893
1.0235294117647058,1.0984848484848484,0.4235294117647059,0.4772727272727273,-0.0749554367201426,-0.053743315508021416,0.07032085561497325,0.2,0.4,-0.2,1,0,0.41748953239727726
1.406060606060606,2.327272727272727,0.43636363636363634,0.7515151515151515,-0.9212121212121211,-0.3151515151515151,-0.7696969696969698,0.2,1.0,-0.8,0,0,0.16362605118763185
2.2212389380530975,1.5132743362831858,0.7256637168141593,0.46017699115044247,0.7079646017699117,0.26548672566371684,0.5575221238938053,1.0,0.8,0.19999999999999996,1,1,0.7216298988213614
1.0393700787401574,1.6771653543307086,0.49606299212598426,0.6692913385826772,-0.6377952755905512,-0.17322834645669294,0.13385826771653542,0.4,0.8,-0.4,0,0,0.2943998318931401
1.196969696969697,1.0625,0.42424242424242425,0.40625,0.13446969696969702,0.017992424242424254,-0.23579545454545459,0.6,0.4,0.19999999999999996,1,0,0.4671946378525665
1.281081081081081,1.4311926605504588,0.4540540540540541,0.44954128440366975,-0.1501115794693777,0.0045127696503843295,0.026283163897842687,0.2,1.0,-0.8,1,0,0.37723480122863884
1.6994535519125684,1.5245901639344261,0.6666666666666666,0.6174863387978142,0.17486338797814227,0.0491803278688524,-0.010928961748633892,0.8,0.8,0.0,0,1,0.5071779460473378
1.274390243902439,1.451063829787234,0.4268292682926829,0.5063829787234042,-0.17667358588479498,-0.07955371043072129,-0.047535028541774826,0.2,0.2,0.0,0,0,0.4008637357333435
1.6935483870967742,1.3846153846153846,0.6612903225806451,0.5384615384615384,0.30893300248138966,0.1228287841191067,0.18362282878411917,0.4,0.8,-0.4,0,1,0.5376954692091647
1.9655172413793103,1.1764705882352942,0.645320197044335,0.2549019607843137,0.7890466531440161,0.39041823626002126,0.4548440065681445,0.6,0.2,0.39999999999999997,1,1,0.7365640388162105
0.8173076923076923,0.9845360824742269,0.36538461538461536,0.36597938144329895,-0.16722839016653457,-0.0005947660586835823,-0.049563838223632084,0.4,0.2,0.2,0,0,0.4094958781799112
1.176991150442478,1.3805309734513274,0.48672566371681414,0.5663716814159292,-0.20353982300884943,-0.07964601769911506,0.1327433628318584,0.4,0.4,0.0,1,0,0.4126070484448116
0.7647058823529411,1.1636363636363636,0.17647058823529413,0.45454545454545453,-0.39893048128342246,-0.27807486631016043,-0.6606060606060606,0.2,0.6,-0.39999999999999997,1,0,0.2504375703328642
0.9407894736842105,1.236842105263158,0.34868421052631576,0.39473684210526316,-0.29605263157894746,-0.0460526315789474,0.046052631578947345,0.6,0.8,-0.20000000000000007,0,0,0.3732758722562777
1.2982456140350878,1.105263157894737,0.5497076023391813,0.5112781954887218,0.1929824561403508,0.03842940685045948,-0.04761904761904745,0.4,0.8,-0.4,0,0,0.46671077422447255
1.2333333333333334,1.4464285714285714,0.26666666666666666,0.48214285714285715,-0.213095238095238,-0.2154761904761905,-0.8940476190476192,0.2,0.8,-0.6000000000000001,0,0,0.26720879563811123
0.9090909090909091,0.9032258064516129,0.32727272727272727,0.3333333333333333,0.0058651026392961825,-0.006060606060606044,0.07077223851417402,0.4,0.4,0.0,0,0,0.45078675197529455
2.037974683544304,1.0253164556962024,0.6962025316455697,0.46835443037974683,1.0126582278481016,0.22784810126582283,0.16455696202531644,1.0,0.2,0.8,1,1,0.7567200597799779
1.330827067669173,1.087719298245614,0.5864661654135338,0.42105263157894735,0.24310776942355883,0.16541353383458646,0.35839598997493716,0.8,0.4,0.4,0,1,0.5872516088868558
1.2109375,1.1927710843373494,0.4609375,0.41566265060240964,0.018166415662650648,0.045274849397590355,0.04536897590361444,0.4,0.2,0.2,1,0,0.4751238581647935
2.107142857142857,1.4285714285714286,0.5892857142857143,0.5357142857142857,0.6785714285714286,0.0535714285714286,-0.6249999999999999,0.2,1.0,-0.8,1,1,0.5072109674750617
0.9836065573770492,2.032258064516129,0.4918032786885246,0.6451612903225806,-1.0486515071390798,-0.15335801163405605,-0.14621893178212597,0.6,0.6,0.0,0,0,0.22306629216825466
1.11864406779661,2.1864406779661016,0.3559322033898305,0.7457627118644068,-1.0677966101694916,-0.3898305084745763,-0.6440677966101696,0.0,0.8,-0.8,0,0,0.145495987179783
1.1801801801801801,1.457142857142857,0.46396396396396394,0.44285714285714284,-0.27696267696267696,0.021106821106821105,0.46512226512226507,0.4,0.4,0.0,0,0,0.445205052714991
1.3333333333333333,1.0558659217877095,0.5058823529411764,0.3128491620111732,0.2774674115456237,0.19303319093000326,0.25529630846752127,1.0,0.0,1.0,1,1,0.6230814815216614
1.3333333333333333,1.830188679245283,0.37037037037037035,0.5660377358490566,-0.4968553459119498,-0.19566736547868624,-0.011879804332634691,0.2,0.8,-0.6000000000000001,1,0,0.30290407673760705
1.15625,1.0388349514563107,0.4375,0.4368932038834951,0.11741504854368934,0.0006067961165048819,-0.1483616504854368,0.2,0.4,-0.2,0,0,0.44274617066673927
1.9073170731707316,1.946341463414634,0.6731707317073171,0.6585365853658537,-0.039024390243902474,0.014634146341463428,0.05853658536585371,0.8,0.6,0.20000000000000007,1,0,0.4851055146570111
0.8461538461538461,1.2321428571428572,0.3333333333333333,0.38392857142857145,-0.38598901098901106,-0.05059523809523814,-0.10576923076923084,0.4,0.6,-0.19999999999999996,0,0,0.33502321559005593
1.6417910447761195,0.9097744360902256,0.6940298507462687,0.3609022556390977,0.7320166086858939,0.33312759510717094,0.7361126697340366,0.6,0.4,0.19999999999999996,1,1,0.7287299443445308
1.6904761904761905,1.0,0.6587301587301587,0.40476190476190477,0.6904761904761905,0.25396825396825395,0.2698412698412699,0.8,0.4,0.4,1,1,0.6840375982103013
1.4324324324324325,1.0810810810810811,0.40540540540540543,0.2972972972972973,0.3513513513513513,0.10810810810810811,0.2702702702702702,0.6,0.2,0.39999999999999997,1,1,0.59928656112979
1.4827586206896552,1.3448275862068966,0.5517241379310345,0.3448275862068966,0.13793103448275867,0.2068965517241379,0.6896551724137931,1.0,0.2,0.8,0,1,0.6360058695749704
1.4444444444444444,1.6222222222222222,0.45555555555555555,0.5777777777777777,-0.1777777777777778,-0.12222222222222218,-0.011111111111111072,0.4,0.6,-0.19999999999999996,1,0,0.39612762852909367
0.9479166666666666,1.549738219895288,0.390625,0.5497382198952879,-0.6018215532286214,-0.15911321989528793,0.01161649214659688,0.4,0.6,-0.19999999999999996,1,0,0.29937775755151125
1.2307692307692308,1.671875,0.3076923076923077,0.578125,-0.44110576923076916,-0.2704326923076923,-0.33173076923076916,0.0,0.8,-0.8,1,0,0.26366999375550715
1.2,1.2525773195876289,0.4125,0.4536082474226804,-0.0525773195876289,-0.04110824742268043,-0.2001288659793814,0.4,0.4,0.0,0,0,0.4129528986599685
1.160337552742616,1.1851851851851851,0.43037974683544306,0.37037037037037035,-0.024847632442569045,0.060009376465072706,0.20393811533052042,0.6,0.6,0.0,0,0,0.47466321066590705
1.5,1.3095238095238095,0.08333333333333333,0.42857142857142855,0.19047619047619047,-0.34523809523809523,-1.0396825396825398,0.2,0.6,-0.39999999999999997,1,0,0.3349593997326066
1.0344827586206897,1.2857142857142858,0.41379310344827586,0.4095238095238095,-0.2512315270935961,0.004269293924466344,0.2361247947454843,0.8,0.6,0.20000000000000007,1,0,0.43465573584385914
2.025,1.2307692307692308,0.725,0.38461538461538464,0.7942307692307691,0.34038461538461534,0.5051282051282051,0.6,0.4,0.19999999999999996,0,1,0.728972954574467
1.2536231884057971,1.0738636363636365,0.41304347826086957,0.45454545454545453,0.17975955204216065,-0.04150197628458496,-0.48633069828722,0.2,0.4,-0.2,1,0,0.4175045835580076
1.3986928104575163,2.5294117647058822,0.48366013071895425,0.7581699346405228,-1.130718954248366,-0.2745098039215686,-0.3790849673202613,0.6,1.0,-0.4,0,0,0.18105601766468502
1.3695652173913044,0.9545454545454546,0.5597826086956522,0.37662337662337664,0.41501976284584985,0.18315923207227558,0.21449745906267648,0.6,0.2,0.39999999999999997,0,1,0.6082382758032903
1.4705882352941178,2.668918918918919,0.38235294117647056,0.8581081081081081,-1.198330683624801,-0.47575516693163755,-1.048489666136725,0.2,0.8,-0.6000000000000001,0,0,0.11929841984312861
1.08,1.2035398230088497,0.29333333333333333,0.46017699115044247,-0.12353982300884958,-0.16684365781710914,-0.5253097345132742,0.4,0.4,0.0,0,0,0.35007539207153243
0.625,0.7205882352941176,0.125,0.29411764705882354,-0.09558823529411764,-0.16911764705882354,0.27941176470588225,0.0,0.0,0.0,1,0,0.4271704819820517
1.2827004219409284,0.9704641350210971,0.4641350210970464,0.35864978902953587,0.3122362869198313,0.10548523206751054,-0.00843881856540074,0.4,0.2,0.2,1,1,0.5398948858464441
1.3043478260869565,2.777173913043478,0.4673913043478261,0.8695652173913043,-1.4728260869565215,-0.4021739130434782,-0.7445652173913043,0.4,1.0,-0.6,0,0,0.11048886325061126
1.3678756476683938,1.1428571428571428,0.44559585492227977,0.42857142857142855,0.22501850481125096,0.01702442635085122,-0.035870864886409004,0.4,0.6,-0.19999999999999996,0,0,0.4890541550174467
0.8,1.6222222222222222,0.3333333333333333,0.6444444444444445,-0.8222222222222222,-0.31111111111111117,-1.1333333333333333,0.6,0.8,-0.20000000000000007,0,0,0.16375488989454165
1.0683229813664596,1.4240837696335078,0.391304347826087,0.4973821989528796,-0.35576078826704816,-0.10607785112679263,-0.20929400669896925,0.4,0.8,-0.4,1,0,0.3206129026515262
1.2321428571428572,1.2688172043010753,0.41964285714285715,0.4731182795698925,-0.036674347158218046,-0.053475422427035346,-0.15255376344086025,1.0,0.6,0.4,0,0,0.4502372740378893
1.0740740740740742,1.0266666666666666,0.3851851851851852,0.36,0.047407407407407565,0.0251851851851852,-0.029629629629629672,0.6,0.6,0.0,1,0,0.4577850053570416
1.3828125,1.1015625,0.578125,0.5234375,0.28125,0.0546875,-0.28125,0.2,0.6,-0.39999999999999997,1,0,0.4608459111182164
1.289855072463768,1.2627737226277371,0.4855072463768116,0.5255474452554745,0.027081349836030943,-0.04004019887866289,-0.0861102295567544,0.6,0.6,0.0,1,0,0.4458656786145167
1.5940594059405941,1.52,0.6237623762376238,0.61,0.07405940594059413,0.013762376237623775,0.11742574257425742,0.8,0.8,0.0,0,0,0.49404095020002203
1.105263157894737,0.5789473684210527,0.3684210526315789,0.2631578947368421,0.5263157894736843,0.10526315789473684,0.26315789473684204,0.4,0.4,0.0,1,1,0.5991118109535675
1.0833333333333333,0.9166666666666666,0.25,0.0,0.16666666666666663,0.25,0.4166666666666665,0.4,0.0,0.4,1,1,0.5810803552104772
1.5304347826086957,1.5043478260869565,0.4260869565217391,0.45217391304347826,0.026086956521739202,-0.026086956521739146,-0.21739130434782616,0.4,0.4,0.0,1,0,0.439873218415728
1.1067961165048543,0.9807692307692307,0.4077669902912621,0.34615384615384615,0.1260268857356236,0.061613144137415976,0.11295743091859589,1.0,0.6,0.4,0,1,0.5225650855515153
1.2317073170731707,1.3478260869565217,0.35365853658536583,0.30434782608695654,-0.11611876988335101,0.049310710498409294,-0.2799575821845175,0.4,0.2,0.2,0,0,0.4137411631123898
0.7941176470588235,0.8823529411764706,0.23529411764705882,0.3235294117647059,-0.08823529411764708,-0.08823529411764708,-0.2941176470588236,0.4,0.2,0.2,0,0,0.3920311120074135
1.4666666666666666,1.2666666666666666,0.3333333333333333,0.36666666666666664,0.19999999999999996,-0.033333333333333326,0.5,0.6,0.4,0.19999999999999996,1,1,0.5707008113077543
1.2173913043478262,1.3211009174311927,0.42934782608695654,0.44036697247706424,-0.10370961308336657,-0.011019146390107704,-0.013562026326286336,0.8,0.6,0.20000000000000007,0,0,0.4418399565176007
0.9036144578313253,0.9036144578313253,0.26506024096385544,0.3614457831325301,0.0,-0.09638554216867468,0.0,0.2,0.4,-0.2,0,0,0.420104456290704
1.0724637681159421,1.1366906474820144,0.39855072463768115,0.5251798561151079,-0.0642268793660723,-0.12662913147742672,-0.29042852674382247,0.6,0.6,0.0,0,0,0.3901434713734942
1.0,1.7569060773480663,0.2727272727272727,0.6077348066298343,-0.7569060773480663,-0.33500753390256155,0.15218483174284292,0.4,0.8,-0.4,0,0,0.2650926009391648
1.5841584158415842,1.1940298507462686,0.44554455445544555,0.43283582089552236,0.3901285650953157,0.012708733559923191,-0.16329244864784975,0.4,0.4,0.0,1,1,0.5284310472517931
1.1692307692307693,0.8,0.49230769230769234,0.0,0.36923076923076925,0.49230769230769234,-0.03589743589743599,0.2,0.0,0.2,0,1,0.5812934287390372
1.1875,1.5625,0.2708333333333333,0.5,-0.375,-0.22916666666666669,-0.47916666666666674,0.4,0.4,0.0,0,0,0.30582640149703905
1.1304347826086956,1.0731707317073171,0.45962732919254656,0.36585365853658536,0.05726405090137843,0.0937736706559612,0.15558248750189363,0.4,0.6,-0.19999999999999996,0,0,0.4745944576113899
1.6923076923076923,2.0833333333333335,0.3076923076923077,0.5,-0.3910256410256412,-0.1923076923076923,-0.39743589743589747,0.6,0.8,-0.20000000000000007,0,0,0.3202222257238157
1.0377358490566038,1.1383647798742138,0.4968553459119497,0.4528301886792453,-0.10062893081761004,0.04402515723270439,0.30817610062893075,0.6,0.4,0.19999999999999996,0,0,0.4749454466819829
0.9357142857142857,1.0833333333333333,0.3892857142857143,0.4166666666666667,-0.14761904761904754,-0.027380952380952395,0.1261904761904762,0.4,0.6,-0.19999999999999996,1,0,0.4109710188614865
2.5625,1.4375,0.5,0.3125,1.125,0.1875,-0.4375,0.6,0.4,0.19999999999999996,0,1,0.7050171236310231
1.6714285714285715,1.4142857142857144,0.5285714285714286,0.44285714285714284,0.2571428571428571,0.08571428571428574,0.22857142857142865,0.2,0.2,0.0,1,1,0.5515940050604885
1.4761904761904763,1.2380952380952381,0.3333333333333333,0.47619047619047616,0.23809523809523814,-0.14285714285714285,-0.23809523809523814,0.4,0.6,-0.19999999999999996,0,0,0.45862704939533017
1.8181818181818181,2.772727272727273,0.45454545454545453,0.75,-0.9545454545454548,-0.29545454545454547,-0.5681818181818182,0.4,1.0,-0.6,0,0,0.19022634828666798
1.6666666666666667,1.1666666666666667,0.16666666666666666,0.0,0.5,0.16666666666666666,0.9999999999999998,0.0,0.0,0.0,1,1,0.69445130378223
1.1553398058252426,1.6796116504854368,0.39805825242718446,0.5922330097087378,-0.5242718446601942,-0.19417475728155337,-0.6310679611650485,0.6,0.8,-0.20000000000000007,1,0,0.25805552092824596
2.625,2.6744186046511627,0.7578125,0.8527131782945736,-0.049418604651162656,-0.0949006782945736,-0.34120639534883723,1.0,0.8,0.19999999999999996,0,0,0.4514397991348448
1.2967032967032968,1.135135135135135,0.4175824175824176,0.40540540540540543,0.16156816156816167,0.01217701217701217,-0.4298336798336799,0.4,0.0,0.4,1,0,0.46366610581346795
1.2571428571428571,1.2,0.3142857142857143,0.3142857142857143,0.05714285714285716,0.0,0.19999999999999996,0.2,0.0,0.2,1,0,0.4991570190923791
1.6428571428571428,1.3529411764705883,0.5798319327731093,0.5,0.2899159663865545,0.0798319327731093,0.16806722689075637,0.8,0.4,0.4,0,1,0.5779952894891811
1.683453237410072,1.0935251798561152,0.6762589928057554,0.4748201438848921,0.5899280575539567,0.20143884892086333,0.007194244604316502,0.8,0.2,0.6000000000000001,0,1,0.6434249942846958
0.7727272727272727,1.0,0.18181818181818182,0.2891566265060241,-0.2272727272727273,-0.10733844468784226,-0.5553121577217961,0.2,0.0,0.2,1,0,0.33397179145090966
1.297872340425532,1.3959390862944163,0.425531914893617,0.5634517766497462,-0.09806674586888442,-0.1379198617561292,-0.42920401771249583,0.4,0.4,0.0,0,0,0.37236017290129286
1.2325581395348837,1.4827586206896552,0.5465116279069767,0.5747126436781609,-0.25020048115477156,-0.028201015771184168,0.000801924619085792,0.8,0.8,0.0,0,0,0.3980578361661284
1.1059907834101383,1.1962616822429906,0.42857142857142855,0.3925233644859813,-0.09027089883285222,0.03604806408544725,0.08928033076359876,0.0,0.4,-0.4,0,0,0.414688985596287
1.2944444444444445,1.121212121212121,0.4166666666666667,0.3787878787878788,0.1732323232323234,0.0378787878787879,-0.48838383838383836,0.4,0.2,0.2,0,0,0.45033099180864977
1.3755458515283843,1.1111111111111112,0.5065502183406113,0.46405228758169936,0.2644347404172731,0.04249793075891195,-0.09461426491994196,0.6,0.6,0.0,1,1,0.5060588348441551
0.8571428571428571,1.0714285714285714,0.34285714285714286,0.38571428571428573,-0.2142857142857143,-0.04285714285714287,-0.028571428571428692,0.6,0.8,-0.20000000000000007,0,0,0.37924680372747693
1.1171875,1.0918367346938775,0.4921875,0.5,0.025350765306122458,-0.0078125,0.06776147959183665,0.6,0.8,-0.20000000000000007,0,0,0.44836681137370865
1.061904761904762,1.618881118881119,0.43333333333333335,0.5804195804195804,-0.5569763569763571,-0.14708624708624707,-0.21848151848151853,0.6,0.0,0.6,0,0,0.3310546193878269
1.1862745098039216,1.3235294117647058,0.4019607843137255,0.5,-0.13725490196078427,-0.0980392156862745,-0.37254901960784315,0.6,0.6,0.0,0,0,0.3731129421892242
1.1724137931034482,2.152542372881356,0.3448275862068966,0.6779661016949152,-0.9801285797779078,-0.33313851548801865,-0.5470485096434835,0.2,1.0,-0.8,0,0,0.16630124950333927
